<?xml version="1.0" encoding="UTF-8" standalone="yes"?>
<addon id="repository.semperpax.com"
		name="Semperpax Add-on repository"
		version="1.0.0"
		provider-name="Semperpax">
  <requires>
    <import addon="xbmc.addon" version="12.0.0"/>
  </requires>
	<extension point="xbmc.addon.repository"
		name="Semperpax Add-on Repository">
		<dir minversion="15.9.0">
			<info>https://raw.githubusercontent.com/koying/repository.semperpax.com/data/addons.xml</info>
			<checksum>https://raw.githubusercontent.com/koying/repository.semperpax.com/data/addons.xml.md5</checksum>
			<datadir zip="true">dummy</datadir>
			<hashes>false</hashes>
		</dir>
	</extension>
	<extension point="xbmc.addon.metadata">
		<summary lang="en_GB">Install Add-ons from Semperpax</summary>
		<summary lang="en_US">Install Add-ons from Semperpax</summary>
		<description lang="en_GB">Download and install add-ons from Semperpax</description>
		<description lang="en_US">Download and install add-ons from Semperpax</description>
		<platform>all</platform>
	</extension>
</addon>
