﻿<?xml version="1.0" encoding="utf-8"?><scraper framework="1.1" date="2016-10-01"  content="movies" language="en">
	<NfoUrl dest="3">
		<RegExp input="$$1" output="\1" dest="3">
			<expression>http://www.elcinema.com/en/work/([0-9]*)/</expression>
		</RegExp>
	</NfoUrl>
	<CreateSearchUrl dest="3">
		<RegExp input="$$1" output="&lt;url&gt;http://www.elcinema.com/search/?q=\1&lt;/url&gt;" dest="3">
			<expression noclean="1" />
		</RegExp>
	</CreateSearchUrl>
	<GetSearchResults dest="8">
		<RegExp input="$$5" output="&lt;?xml version=&quot;1.0&quot; encoding=&quot;iso-8859-1&quot; standalone=&quot;yes&quot;?&gt;&lt;results&gt;\1&lt;/results&gt;" dest="8">
			<RegExp input="$$1" output="&lt;entity&gt;&lt;title&gt;\2&lt;/title&gt;&lt;url&gt;http://www.elcinema.com/work/\1/&lt;/url&gt;&lt;/entity&gt;" dest="5">
				<expression repeat="yes">&lt;a href="/work/([0-9]*)/"&gt;(.[^&lt;]*)&lt;/a&gt;</expression>
			</RegExp>
			<expression trim="1" noclean="1" />
		</RegExp>
		<RegExp conditional="English content" input="$$5" output="&lt;?xml version=&quot;1.0&quot; encoding=&quot;iso-8859-1&quot; standalone=&quot;yes&quot;?&gt;&lt;results&gt;\1&lt;/results&gt;" dest="8">
			<RegExp input="$$1" output="&lt;entity&gt;&lt;title&gt;\2&lt;/title&gt;&lt;url&gt;http://www.elcinema.com/en/work/\1/&lt;/url&gt;&lt;/entity&gt;" dest="5">
				<expression repeat="yes">&lt;a href="/work/([0-9]*)/"&gt;(.[^&lt;]*)&lt;/a&gt;</expression>
			</RegExp>
			<expression trim="1" noclean="1" />
		</RegExp>
	</GetSearchResults>
	<GetDetails dest="3">
		<RegExp input="$$8" output="&lt;details&gt;\1&lt;/details&gt;" dest="3">
			<!--Titles, year !-->
			<RegExp input="$$1" output="&lt;title&gt;\3 (\1)&lt;/title&gt; &lt;originaltitle&gt;\1&lt;/originaltitle&gt; &lt;year&gt;\2&lt;/year&gt;" dest="8+">
				<expression trim="1" noclean="1">&lt;h1&gt;\n    &lt;span class="left"&gt;(.[^&lt;]*)&lt;/span&gt;\n    &lt;span class="left"&gt;\n      &amp;nbsp;\(([0-9]*)\)\n    &lt;/span&gt;\n    &lt;span class="right"&gt;(.[^&lt;]*)&lt;/span&gt;\n  &lt;/h1&gt;</expression>
			</RegExp>
			<!--Director's names !-->
			<RegExp input="$$7" output="&lt;director&gt;\1&lt;/director&gt; " dest="8+">
				<RegExp input="$$1" output="\1" dest="7">
					<expression noclean="1">ﺇﺧﺮاﺝ:(.[^:]*)ﺗﺄﻟﻴﻒ:</expression>
				</RegExp>
				<expression repeat="yes" noclean="1">&gt;(.[^&lt;&gt;]*)&lt;/a&gt;</expression>
			</RegExp>
			<!--Writers !-->
			<RegExp input="$$7" output="&lt;writer&gt;\1&lt;/writer&gt;" dest="8+">
				<RegExp input="$$1" output="\1" dest="7">
					<expression noclean="1">ﺗﺄﻟﻴﻒ:(.[^:]*)طاقم العمل:</expression>
				</RegExp>
				<expression repeat="yes" trim="1" noclean="1">&gt;(.[^&lt;&gt;]*)&lt;/a&gt;</expression>
			</RegExp>
			<!--Runtime !-->
			<RegExp input="$$1" output="&lt;runtime&gt;\1 minutes&lt;/runtime&gt;" dest="8+">
				<expression noclean="1">&lt;li&gt;([0-9]*) دقيقة&lt;/li&gt;</expression>
			</RegExp>
			<!--Thumbnail !-->
			<RegExp input="$$7" output="&lt;thumb&gt;http://photo.elcinema.com.s3.amazonaws.com/uploads/\1&lt;/thumb&gt;" dest="8+">
				<RegExp input="$$1" output="\1" dest="7">
					<expression noclean="1">&lt;span class="left"&gt;(.*)&lt;div class="stars-orange\-60"&gt;</expression>
				</RegExp>
				<expression>&lt;img src="http://photo.elcinema.com.s3.amazonaws.com/uploads/(.[^"]*)"</expression>
			</RegExp>
			<!--Genres !-->
			<RegExp input="$$1" output="&lt;genre&gt;\2&lt;/genre&gt;" dest="8+">
				<expression repeat="yes" noclean="1">&lt;a href="/index/genre/([0-9]*)/"&gt;(.[^&lt;]*)&lt;/a&gt;</expression>
			</RegExp>
			<!--Cast !-->
			<RegExp input="$$7" output="&lt;actor&gt;&lt;name&gt;\1&lt;/name&gt;&lt;/actor&gt;" dest="8+">
				<RegExp input="$$1" output="\1" dest="7">
					<expression clear="yes" noclean="1">طاقم العمل:(.*)&lt;/i&gt; شاهد الإعلان&lt;/a&gt;</expression>
				</RegExp>
				<expression repeat="yes" trim="1" noclean="1">&gt;(.[^&lt;&gt;]*)&lt;/a&gt;</expression>
			</RegExp>
			<!--outline !-->
			<RegExp input="$$1" output="&lt;outline&gt;\2 \4&lt;/outline&gt;" dest="8+">
				<expression noclean="1">ملخص القصة:(.[^&lt;]*)&lt;p&gt;(.[^&lt;]*)&lt;(.[^&lt;]*)&lt;/a&gt;&lt;span class='hide'&gt;(.[^&lt;]*)&lt;/span&gt;</expression>
			</RegExp>
			<!--Plot !-->
			<RegExp input="$$1" output="&lt;plot&gt;\2 \4&lt;/plot&gt;" dest="8+">
				<expression noclean="1">القصة الكاملة:(.[^&lt;]*)&lt;p&gt;(.[^&lt;]*)&lt;(.[^&lt;]*)&lt;/a&gt;&lt;span class='hide'&gt;(.[^&lt;]*)&lt;/span&gt;</expression>
			</RegExp>
			<!--Rating-->
			<RegExp input="$$1" output="&lt;rating&gt;\1&lt;/rating&gt;" dest="8+">
				<expression>&lt;div class="stars-orange-60"&gt;&lt;i class="fa fa-star"&gt;&lt;/i&gt;&lt;div&gt;([0-9]*)&lt;/div&gt;&lt;/div&gt;</expression>
			</RegExp>
			<expression noclean="1" />
		</RegExp>
		<!--English !-->
		<RegExp conditional="English content" input="$$8" output="&lt;details&gt;\1&lt;/details&gt;" dest="3">
			<!--Titles, year !-->
			<RegExp input="$$1" output="&lt;title&gt;\1 (\3)&lt;/title&gt;&lt;originaltitle&gt;\3&lt;/originaltitle&gt;&lt;year&gt;\2&lt;/year&gt;" dest="8">
				<expression trim="1" noclean="1">&lt;h1&gt;\n    &lt;span class="left"&gt;(.[^&lt;]*)&lt;/span&gt;\n    &lt;span class="left"&gt;\n      &amp;nbsp;\(([0-9]*)\)\n    &lt;/span&gt;\n    &lt;span class="right"&gt;(.[^&lt;]*)&lt;/span&gt;\n  &lt;/h1&gt;</expression>
			</RegExp>
			<!--Titles-2-, year !-->
			<RegExp input="$$1" output="&lt;title&gt;\3 (\2)&lt;/title&gt;  &lt;year&gt;\2&lt;/year&gt;" dest="8+">
				<expression trim="1" noclean="1">&lt;h1&gt;\n    &lt;span class="left"&gt;(.[^&lt;]*)\n    &lt;span class="left"&gt;\n      &amp;nbsp;\(([0-9]*)\)\n    &lt;/span&gt;\n    &lt;span class="right"&gt;(.[^&lt;]*)&lt;/span&gt;\n  &lt;/h1&gt;</expression>
			</RegExp>
			<!--Director's names !-->
			<RegExp input="$$7" output="&lt;director&gt;\1&lt;/director&gt;" dest="8+">
				<RegExp input="$$1" output="\1" dest="7">
					<expression noclean="1">Director:(.[^:]*)Writer:</expression>
				</RegExp>
				<expression repeat="yes" noclean="1">&gt;(.[^&lt;&gt;]*)&lt;/a&gt;</expression>
			</RegExp>
			<!--Writers !-->
			<RegExp input="$$7" output="&lt;writers&gt;&lt;name&gt;\1&lt;/name&gt;&lt;/writers&gt;" dest="8+">
				<RegExp input="$$1" output="\1" dest="7">
					<expression noclean="1">Writer:(.[^:]*)Cast:</expression>
				</RegExp>
				<expression repeat="yes" trim="1" noclean="1">&gt;(.[^&lt;&gt;]*)&lt;/a&gt;</expression>
			</RegExp>
			<!--Runtime !-->
			<RegExp input="$$1" output="&lt;runtime&gt;\1 minutes&lt;/runtime&gt;" dest="8+">
				<expression noclean="1">&lt;li&gt;([0-9]*) minutes&lt;/li&gt;</expression>
			</RegExp>
			<!--Thumbnail !-->
			<RegExp input="$$7" output="&lt;thumb&gt;http://photo.elcinema.com.s3.amazonaws.com/uploads/\1&lt;/thumb&gt;" dest="8+">
				<RegExp input="$$1" output="\1" dest="7">
					<expression noclean="1">&lt;span class="left"&gt;(.*)&lt;div class="stars-orange\-60"&gt;</expression>
				</RegExp>
				<expression>&lt;img src="http://photo.elcinema.com.s3.amazonaws.com/uploads/(.[^"]*)"</expression>
			</RegExp>
			<!--Genres !-->
			<RegExp input="$$1" output="&lt;genre&gt;\1&lt;/genre&gt;" dest="8+">
				<expression repeat="yes" noclean="1">&lt;a href="/en/index/genre/([0-9]*)/"&gt;(.[^&lt;]*)&lt;/a&gt;</expression>
			</RegExp>
			<!--Cast !-->
			<RegExp input="$$7" output="&lt;actor&gt;&lt;name&gt;\1&lt;/name&gt;&lt;/actor&gt;" dest="8+">
				<RegExp input="$$1" output="\1" dest="7">
					<expression noclean="1">&lt;li&gt;Cast:(.*) Trailer&lt;/a&gt;</expression>
				</RegExp>
				<expression repeat="yes" trim="1" noclean="1">&gt;(.[^&lt;&gt;]*)&lt;/a&gt;</expression>
			</RegExp>
			<!--Plot !-->
			<RegExp input="$$1" output="&lt;plot&gt;\1 \3&lt;/plot&gt;" dest="8+">
				<expression noclean="1">&lt;strong&gt;Synopses:&lt;/strong&gt;\n&lt;p&gt;(.[^&lt;]*)&lt;(.[^&lt;]*)&lt;/a&gt;&lt;span class='hide'&gt;(.[^&lt;]*)&lt;/span&gt;</expression>
			</RegExp>
			<!--Rating-->
			<RegExp input="$$1" output="&lt;rating&gt;\1&lt;/rating&gt;" dest="8+">
				<expression noclean="1">&lt;div class="stars-orange-60"&gt;&lt;i class="fa fa-star"&gt;&lt;/i&gt;&lt;div&gt;([0-9]*)&lt;/div&gt;&lt;/div&gt;</expression>
			</RegExp>
			<expression clear="yes" noclean="1" />
		</RegExp>
	</GetDetails>
</scraper>