﻿<?xml version="1.0" encoding="UTF-8"?>
<site generator-info-name="WebGrab+Plus/w MDB &amp; REX Postprocess -- version 1.1.1/50 -- Jan van Straaten" site="altibox.no">
  <channels>
    <channel update="i" site="altibox.no" site_id="1" xmltv_id="NRK1">NRK1</channel>
    <channel update="i" site="altibox.no" site_id="2" xmltv_id="NRK2">NRK2</channel>
    <channel update="i" site="altibox.no" site_id="146" xmltv_id="NRK 3/Super">NRK 3/Super</channel>
    <channel update="i" site="altibox.no" site_id="3" xmltv_id="TV2 Norge">TV2 Norge</channel>
    <channel update="i" site="altibox.no" site_id="4" xmltv_id="TV3 Norge">TV3 Norge</channel>
    <channel update="i" site="altibox.no" site_id="8" xmltv_id="TVNORGE">TVNORGE</channel>
    <channel update="i" site="altibox.no" site_id="145" xmltv_id="FEM">FEM</channel>
    <channel update="i" site="altibox.no" site_id="273" xmltv_id="MAX">MAX</channel>
    <channel update="i" site="altibox.no" site_id="9" xmltv_id="Viasat 4">Viasat 4</channel>
    <channel update="i" site="altibox.no" site_id="26" xmltv_id="Discovery">Discovery</channel>
    <channel update="i" site="altibox.no" site_id="27" xmltv_id="TLC">TLC</channel>
    <channel update="i" site="altibox.no" site_id="345" xmltv_id="Canal 9">Canal 9</channel>
    <channel update="i" site="altibox.no" site_id="38" xmltv_id="VOX">VOX</channel>
    <channel update="i" site="altibox.no" site_id="10" xmltv_id="TV2 Zebra">TV2 Zebra</channel>
    <channel update="i" site="altibox.no" site_id="96" xmltv_id="TV2 Nyhet">TV2 Nyhet</channel>
    <channel update="i" site="altibox.no" site_id="54" xmltv_id="TV2 Bliss">TV2 Bliss</channel>
    <channel update="i" site="altibox.no" site_id="11" xmltv_id="TV2 Film">TV2 Film</channel>
    <channel update="i" site="altibox.no" site_id="128" xmltv_id="TV2 Sport">TV2 Sport</channel>
    <channel update="i" site="altibox.no" site_id="43" xmltv_id="SVT 1">SVT 1</channel>
    <channel update="i" site="altibox.no" site_id="44" xmltv_id="SVT 2">SVT 2</channel>
    <channel update="i" site="altibox.no" site_id="41" xmltv_id="DR 1">DR 1</channel>
    <channel update="i" site="altibox.no" site_id="42" xmltv_id="DR 2">DR 2</channel>
    <channel update="i" site="altibox.no" site_id="104" xmltv_id="TV2 DK">TV2 DK</channel>
    <channel update="i" site="altibox.no" site_id="45" xmltv_id="TV4">TV4</channel>
    <channel update="i" site="altibox.no" site_id="18" xmltv_id="Eurosport">Eurosport</channel>
    <channel update="i" site="altibox.no" site_id="19" xmltv_id="Eurosport 2">Eurosport 2</channel>
    <channel update="i" site="altibox.no" site_id="67" xmltv_id="BBC World News">BBC World News</channel>
    <channel update="i" site="altibox.no" site_id="135" xmltv_id="BBC Entertainment">BBC Entertainment</channel>
    <channel update="i" site="altibox.no" site_id="305" xmltv_id="BBC Knowledge">BBC Knowledge</channel>
    <channel update="i" site="altibox.no" site_id="28" xmltv_id="Disc. World">Disc. World</channel>
    <channel update="i" site="altibox.no" site_id="29" xmltv_id="Disc. Sci.">Disc. Sci.</channel>
    <channel update="i" site="altibox.no" site_id="315" xmltv_id="Invest. Discovery">Invest. Discovery</channel>
    <channel update="i" site="altibox.no" site_id="323" xmltv_id="TNT">TNT</channel>
    <channel update="i" site="altibox.no" site_id="17" xmltv_id="Cartoon Netw">Cartoon Netw</channel>
    <channel update="i" site="altibox.no" site_id="14" xmltv_id="Disney Chn">Disney Chn</channel>
    <channel update="i" site="altibox.no" site_id="73" xmltv_id="Disney Junior">Disney Junior</channel>
    <channel update="i" site="altibox.no" site_id="15" xmltv_id="Disney XD">Disney XD</channel>
    <channel update="i" site="altibox.no" site_id="97" xmltv_id="Nickelodeon">Nickelodeon</channel>
    <channel update="i" site="altibox.no" site_id="217" xmltv_id="Boomerang">Boomerang</channel>
    <channel update="i" site="altibox.no" site_id="286" xmltv_id="Fox">Fox</channel>
    <channel update="i" site="altibox.no" site_id="30" xmltv_id="Nat. Geograph.">Nat. Geograph.</channel>
    <channel update="i" site="altibox.no" site_id="20" xmltv_id="Nat Geo Wild">Nat Geo Wild</channel>
    <channel update="i" site="altibox.no" site_id="31" xmltv_id="Animal Plnt.">Animal Plnt.</channel>
    <channel update="i" site="altibox.no" site_id="32" xmltv_id="Travel Chnl.">Travel Chnl.</channel>
    <channel update="i" site="altibox.no" site_id="33" xmltv_id="History">History</channel>
    <channel update="i" site="altibox.no" site_id="35" xmltv_id="Nat/Cri/Playb">Nat/Cri/Playb</channel>
    <channel update="i" site="altibox.no" site_id="34" xmltv_id="Viasat Explorer">Viasat Explorer</channel>
    <channel update="i" site="altibox.no" site_id="39" xmltv_id="MTV">MTV</channel>
    <channel update="i" site="altibox.no" site_id="40" xmltv_id="VH-1">VH-1</channel>
    <channel update="i" site="altibox.no" site_id="236" xmltv_id="Viasat Fotball">Viasat Fotball</channel>
    <channel update="i" site="altibox.no" site_id="140" xmltv_id="Viasat Golf">Viasat Golf</channel>
    <channel update="i" site="altibox.no" site_id="98" xmltv_id="Viasat Hockey">Viasat Hockey</channel>
    <channel update="i" site="altibox.no" site_id="22" xmltv_id="Viasat Motor">Viasat Motor</channel>
    <channel update="i" site="altibox.no" site_id="21" xmltv_id="Viasat Sport">Viasat Sport</channel>
    <channel update="i" site="altibox.no" site_id="53" xmltv_id="Viasat Film">Viasat Film</channel>
    <channel update="i" site="altibox.no" site_id="55" xmltv_id="Viasat Film Act.">Viasat Film Act.</channel>
    <channel update="i" site="altibox.no" site_id="56" xmltv_id="Viasat Film Clas.">Viasat Film Clas.</channel>
    <channel update="i" site="altibox.no" site_id="214" xmltv_id="Viasat Film Drama">Viasat Film Drama</channel>
    <channel update="i" site="altibox.no" site_id="57" xmltv_id="Viasat Film Fam.">Viasat Film Fam.</channel>
    <channel update="i" site="altibox.no" site_id="58" xmltv_id="Viasat Film Nord.">Viasat Film Nord.</channel>
    <channel update="i" site="altibox.no" site_id="237" xmltv_id="SF kanalen">SF kanalen</channel>
    <channel update="i" site="altibox.no" site_id="49" xmltv_id="C More Action">C More Action</channel>
    <channel update="i" site="altibox.no" site_id="48" xmltv_id="C More Series">C More Series</channel>
    <channel update="i" site="altibox.no" site_id="46" xmltv_id="C More Emotion">C More Emotion</channel>
    <channel update="i" site="altibox.no" site_id="47" xmltv_id="C More First">C More First</channel>
    <channel update="i" site="altibox.no" site_id="302" xmltv_id="C More Kids">C More Kids</channel>
    <channel update="i" site="altibox.no" site_id="153" xmltv_id="C More Hits">C More Hits</channel>
    <channel update="i" site="altibox.no" site_id="152" xmltv_id="C More Extreme">C More Extreme</channel>
    <channel update="i" site="altibox.no" site_id="270" xmltv_id="C More Hockey">C More Hockey</channel>
    <channel update="i" site="altibox.no" site_id="271" xmltv_id="C More Live">C More Live</channel>
    <channel update="i" site="altibox.no" site_id="52" xmltv_id="C More Tennis">C More Tennis</channel>
    <channel update="i" site="altibox.no" site_id="24" xmltv_id="Extreme Sprt.">Extreme Sprt.</channel>
    <channel update="i" site="altibox.no" site_id="25" xmltv_id="Nautical Channel">Nautical Channel</channel>
    <channel update="i" site="altibox.no" site_id="169" xmltv_id="Rikstoto Dir">Rikstoto Dir</channel>
    <channel update="i" site="altibox.no" site_id="168" xmltv_id="Bloomberg TV">Bloomberg TV</channel>
    <channel update="i" site="altibox.no" site_id="68" xmltv_id="CNBC">CNBC</channel>
    <channel update="i" site="altibox.no" site_id="62" xmltv_id="CNN">CNN</channel>
    <channel update="i" site="altibox.no" site_id="63" xmltv_id="Euronews">Euronews</channel>
    <channel update="i" site="altibox.no" site_id="64" xmltv_id="Euronews ML">Euronews ML</channel>
    <channel update="i" site="altibox.no" site_id="65" xmltv_id="Sky News">Sky News</channel>
    <channel update="i" site="altibox.no" site_id="59" xmltv_id="TCM">TCM</channel>
    <channel update="i" site="altibox.no" site_id="60" xmltv_id="Showtime">Showtime</channel>
    <channel update="i" site="altibox.no" site_id="136" xmltv_id="Visjon Norge">Visjon Norge</channel>
    <channel update="i" site="altibox.no" site_id="70" xmltv_id="Star!">Star!</channel>
    <channel update="i" site="altibox.no" site_id="71" xmltv_id="E! Ent.">E! Ent.</channel>
    <channel update="i" site="altibox.no" site_id="72" xmltv_id="Fashion TV">Fashion TV</channel>
    <channel update="i" site="altibox.no" site_id="300" xmltv_id="Playboy">Playboy</channel>
    <channel update="i" site="altibox.no" site_id="69" xmltv_id="God Channel">God Channel</channel>
    <channel update="i" site="altibox.no" site_id="74" xmltv_id="VOX">VOX</channel>
    <channel update="i" site="altibox.no" site_id="75" xmltv_id="RTL">RTL</channel>
    <channel update="i" site="altibox.no" site_id="113" xmltv_id="Sat. 1">Sat. 1</channel>
    <channel update="i" site="altibox.no" site_id="76" xmltv_id="ZDF">ZDF</channel>
    <channel update="i" site="altibox.no" site_id="77" xmltv_id="TV5 Monde">TV5 Monde</channel>
    <channel update="i" site="altibox.no" site_id="370" xmltv_id="Fatstone">Fatstone</channel>
    <channel update="i" site="altibox.no" site_id="159" xmltv_id="TV Polonia">TV Polonia</channel>
    <channel update="i" site="altibox.no" site_id="157" xmltv_id="TVE Internat.">TVE Internat.</channel>
    <channel update="i" site="altibox.no" site_id="144" xmltv_id="ARTE">ARTE</channel>
    <channel update="i" site="altibox.no" site_id="141" xmltv_id="Rai Uno">Rai Uno</channel>
    <channel update="i" site="altibox.no" site_id="142" xmltv_id="RTR">RTR</channel>
    <channel update="i" site="altibox.no" site_id="156" xmltv_id="TRT Internat.">TRT Internat.</channel>
    <channel update="i" site="altibox.no" site_id="78" xmltv_id="Al Jazeera">Al Jazeera</channel>
    <channel update="i" site="altibox.no" site_id="344" xmltv_id="Canal 24 Horas">Canal 24 Horas</channel>
    <channel update="i" site="altibox.no" site_id="343" xmltv_id="TV Finland">TV Finland</channel>
    <channel update="i" site="altibox.no" site_id="347" xmltv_id="NHK World">NHK World</channel>
    <channel update="i" site="altibox.no" site_id="66" xmltv_id="Frikanalen">Frikanalen</channel>
    <channel update="i" site="altibox.no" site_id="79" xmltv_id="NRK Midtnytt">NRK Midtnytt</channel>
    <channel update="i" site="altibox.no" site_id="80" xmltv_id="NRK Møre/Roms">NRK Møre/Roms</channel>
    <channel update="i" site="altibox.no" site_id="81" xmltv_id="NRK Nordland">NRK Nordland</channel>
    <channel update="i" site="altibox.no" site_id="82" xmltv_id="NRK Nordnytt">NRK Nordnytt</channel>
    <channel update="i" site="altibox.no" site_id="83" xmltv_id="NRK Østafjells">NRK Østafjells</channel>
    <channel update="i" site="altibox.no" site_id="84" xmltv_id="NRK Østfold">NRK Østfold</channel>
    <channel update="i" site="altibox.no" site_id="85" xmltv_id="NRK Østnytt">NRK Østnytt</channel>
    <channel update="i" site="altibox.no" site_id="86" xmltv_id="NRK Rogaland">NRK Rogaland</channel>
    <channel update="i" site="altibox.no" site_id="87" xmltv_id="NRK Sørlandet">NRK Sørlandet</channel>
    <channel update="i" site="altibox.no" site_id="88" xmltv_id="NRK Hordaland">NRK Hordaland</channel>
    <channel update="i" site="altibox.no" site_id="90" xmltv_id="NRK Tegnspråk">NRK Tegnspråk</channel>
    <channel update="i" site="altibox.no" site_id="13" xmltv_id="NRK Rog. 24">NRK Rog. 24</channel>
    <channel update="i" site="altibox.no" site_id="171" xmltv_id="Sandefjord Rundt">Sandefjord Rundt</channel>
    <channel update="i" site="altibox.no" site_id="6" xmltv_id="TV Haugld.">TV Haugld.</channel>
    <channel update="i" site="altibox.no" site_id="61" xmltv_id="HTV">HTV</channel>
    <channel update="i" site="altibox.no" site_id="5" xmltv_id="TV Vest">TV Vest</channel>
    <channel update="i" site="altibox.no" site_id="92" xmltv_id="TV Vestfold">TV Vestfold</channel>
    <channel update="i" site="altibox.no" site_id="207" xmltv_id="TV Telemark">TV Telemark</channel>
    <channel update="i" site="altibox.no" site_id="290" xmltv_id="TV8 Asker og Bærum">TV8 Asker og Bærum</channel>
    <channel update="i" site="altibox.no" site_id="291" xmltv_id="TV8 Buskerud">TV8 Buskerud</channel>
    <channel update="i" site="altibox.no" site_id="289" xmltv_id="TV8 Follo">TV8 Follo</channel>
    <channel update="i" site="altibox.no" site_id="287" xmltv_id="TV8 Romerike">TV8 Romerike</channel>
    <channel update="i" site="altibox.no" site_id="306" xmltv_id="TV8 Oslo">TV8 Oslo</channel>
    <channel update="i" site="altibox.no" site_id="317" xmltv_id="TV8 Østfold">TV8 Østfold</channel>
    <channel update="i" site="altibox.no" site_id="238" xmltv_id="Infokanal">Infokanal</channel>
    <channel update="i" site="altibox.no" site_id="181" xmltv_id="Livesenter C More">Livesenter C More</channel>
    <channel update="i" site="altibox.no" site_id="183" xmltv_id="C More Live 2">C More Live 2</channel>
    <channel update="i" site="altibox.no" site_id="184" xmltv_id="C More Live 3">C More Live 3</channel>
    <channel update="i" site="altibox.no" site_id="185" xmltv_id="C More Live 4">C More Live 4</channel>
    <channel update="i" site="altibox.no" site_id="261" xmltv_id="TV2 Sport Premium">TV2 Sport Premium</channel>
    <channel update="i" site="altibox.no" site_id="262" xmltv_id="TV2 Sport Premium 2">TV2 Sport Premium 2</channel>
    <channel update="i" site="altibox.no" site_id="263" xmltv_id="TV2 Sport Premium 3">TV2 Sport Premium 3</channel>
    <channel update="i" site="altibox.no" site_id="123" xmltv_id="C More First HD">C More First HD</channel>
    <channel update="i" site="altibox.no" site_id="318" xmltv_id="C More Hits HD">C More Hits HD</channel>
    <channel update="i" site="altibox.no" site_id="272" xmltv_id="C More Series HD">C More Series HD</channel>
    <channel update="i" site="altibox.no" site_id="133" xmltv_id="Viasat Film HD">Viasat Film HD</channel>
    <channel update="i" site="altibox.no" site_id="333" xmltv_id="Viasat Film Nor. HD">Viasat Film Nor. HD</channel>
    <channel update="i" site="altibox.no" site_id="334" xmltv_id="Viasat Film Act. HD">Viasat Film Act. HD</channel>
    <channel update="i" site="altibox.no" site_id="335" xmltv_id="Viasat Film Dra. HD">Viasat Film Dra. HD</channel>
    <channel update="i" site="altibox.no" site_id="336" xmltv_id="Viasat Film Fam. HD">Viasat Film Fam. HD</channel>
    <channel update="i" site="altibox.no" site_id="360" xmltv_id="Viasat Explorer HD">Viasat Explorer HD</channel>
    <channel update="i" site="altibox.no" site_id="361" xmltv_id="Viasat Fotball HD">Viasat Fotball HD</channel>
    <channel update="i" site="altibox.no" site_id="362" xmltv_id="Viasat Golf HD">Viasat Golf HD</channel>
    <channel update="i" site="altibox.no" site_id="363" xmltv_id="Viasat History HD">Viasat History HD</channel>
    <channel update="i" site="altibox.no" site_id="364" xmltv_id="Viasat Hockey HD">Viasat Hockey HD</channel>
    <channel update="i" site="altibox.no" site_id="298" xmltv_id="Viasat Motor HD">Viasat Motor HD</channel>
    <channel update="i" site="altibox.no" site_id="365" xmltv_id="Viasat Nat/Crime HD">Viasat Nat/Crime HD</channel>
    <channel update="i" site="altibox.no" site_id="134" xmltv_id="Viasat Sport HD">Viasat Sport HD</channel>
    <channel update="i" site="altibox.no" site_id="342" xmltv_id="France 2">France 2</channel>
    <channel update="i" site="altibox.no" site_id="341" xmltv_id="France 3 HD">France 3 HD</channel>
    <channel update="i" site="altibox.no" site_id="307" xmltv_id="Animal Plnt. HD">Animal Plnt. HD</channel>
    <channel update="i" site="altibox.no" site_id="100" xmltv_id="Nat Geo HD">Nat Geo HD</channel>
    <channel update="i" site="altibox.no" site_id="166" xmltv_id="Eurosport HD">Eurosport HD</channel>
    <channel update="i" site="altibox.no" site_id="126" xmltv_id="Discovery HD">Discovery HD</channel>
    <channel update="i" site="altibox.no" site_id="165" xmltv_id="SVT 1 HD">SVT 1 HD</channel>
    <channel update="i" site="altibox.no" site_id="177" xmltv_id="TV Vest HD">TV Vest HD</channel>
    <channel update="i" site="altibox.no" site_id="359" xmltv_id="Viasat 4 HD">Viasat 4 HD</channel>
    <channel update="i" site="altibox.no" site_id="346" xmltv_id="TV3 HD">TV3 HD</channel>
    <channel update="i" site="altibox.no" site_id="279" xmltv_id="TVNORGE HD">TVNORGE HD</channel>
    <channel update="i" site="altibox.no" site_id="255" xmltv_id="TV2 HD">TV2 HD</channel>
    <channel update="i" site="altibox.no" site_id="101" xmltv_id="NRK1 HD">NRK1 HD</channel>
    <channel update="i" site="altibox.no" site_id="283" xmltv_id="NRK2 HD">NRK2 HD</channel>
    <channel update="i" site="altibox.no" site_id="284" xmltv_id="NRK 3/Super HD">NRK 3/Super HD</channel>
    <channel update="i" site="altibox.no" site_id="299" xmltv_id="Viasat 3D">Viasat 3D</channel>
  </channels>
</site>