﻿<?xml version="1.0" encoding="UTF-8"?>
<site generator-info-name="WebGrab+Plus/w MDB &amp; REX Postprocess -- version 1.54.6/0.01 -- Jan van Straaten" site="astro.com.my">
  <channels>
    <channel update="i" site="astro.com.my" site_id="1" xmltv_id="HBO">HBO</channel>
    <channel update="i" site="astro.com.my" site_id="2" xmltv_id="Astro Wah Lai Toi">Astro Wah Lai Toi</channel>
    <channel update="i" site="astro.com.my" site_id="4" xmltv_id="Astro Prima">Astro Prima</channel>
    <channel update="i" site="astro.com.my" site_id="5" xmltv_id="SUN TV">SUN TV</channel>
    <channel update="i" site="astro.com.my" site_id="6" xmltv_id="Astro Vaanavil">Astro Vaanavil</channel>
    <channel update="i" site="astro.com.my" site_id="7" xmltv_id="TVB Xing He">TVB Xing He</channel>
    <channel update="i" site="astro.com.my" site_id="8" xmltv_id="Disney Channel">Disney Channel</channel>
    <channel update="i" site="astro.com.my" site_id="9" xmltv_id="Lifetime Channel">Lifetime Channel</channel>
    <channel update="i" site="astro.com.my" site_id="10" xmltv_id="Astro HUA HEE DAI">Astro HUA HEE DAI</channel>
    <channel update="i" site="astro.com.my" site_id="11" xmltv_id="Astro SuperSport 2">Astro SuperSport 2</channel>
    <channel update="i" site="astro.com.my" site_id="12" xmltv_id="FOX Movies Premium">FOX Movies Premium</channel>
    <channel update="i" site="astro.com.my" site_id="13" xmltv_id="National Geographic Channel">National Geographic Channel</channel>
    <channel update="i" site="astro.com.my" site_id="14" xmltv_id="Cartoon Network">Cartoon Network</channel>
    <channel update="i" site="astro.com.my" site_id="15" xmltv_id="ERA">ERA</channel>
    <channel update="i" site="astro.com.my" site_id="16" xmltv_id="MY FM">MY FM</channel>
    <channel update="i" site="astro.com.my" site_id="17" xmltv_id="Opus">Opus</channel>
    <channel update="i" site="astro.com.my" site_id="18" xmltv_id="hitz.fm">hitz.fm</channel>
    <channel update="i" site="astro.com.my" site_id="19" xmltv_id="MIX FM">MIX FM</channel>
    <channel update="i" site="astro.com.my" site_id="20" xmltv_id="LITE FM">LITE FM</channel>
    <channel update="i" site="astro.com.my" site_id="21" xmltv_id="Classic Rock">Classic Rock</channel>
    <channel update="i" site="astro.com.my" site_id="22" xmltv_id="Gold">Gold</channel>
    <channel update="i" site="astro.com.my" site_id="23" xmltv_id="THR Gegar">THR Gegar</channel>
    <channel update="i" site="astro.com.my" site_id="24" xmltv_id="India Beat">India Beat</channel>
    <channel update="i" site="astro.com.my" site_id="25" xmltv_id="Jazz">Jazz</channel>
    <channel update="i" site="astro.com.my" site_id="26" xmltv_id="NAS FM">NAS FM</channel>
    <channel update="i" site="astro.com.my" site_id="27" xmltv_id="Sinar FM">Sinar FM</channel>
    <channel update="i" site="astro.com.my" site_id="28" xmltv_id="Osai FM">Osai FM</channel>
    <channel update="i" site="astro.com.my" site_id="29" xmltv_id="Melody FM">Melody FM</channel>
    <channel update="i" site="astro.com.my" site_id="30" xmltv_id="V FM">V FM</channel>
    <channel update="i" site="astro.com.my" site_id="31" xmltv_id="THR Raaga">THR Raaga</channel>
    <channel update="i" site="astro.com.my" site_id="32" xmltv_id="Bayu FM">Bayu FM</channel>
    <channel update="i" site="astro.com.my" site_id="33" xmltv_id="Kenyalang">Kenyalang</channel>
    <channel update="i" site="astro.com.my" site_id="36" xmltv_id="Raj TV">Raj TV</channel>
    <channel update="i" site="astro.com.my" site_id="38" xmltv_id="AXN">AXN</channel>
    <channel update="i" site="astro.com.my" site_id="39" xmltv_id="TVBS Asia">TVBS Asia</channel>
    <channel update="i" site="astro.com.my" site_id="40" xmltv_id="MTV Asia">MTV Asia</channel>
    <channel update="i" site="astro.com.my" site_id="41" xmltv_id="Discovery Science">Discovery Science</channel>
    <channel update="i" site="astro.com.my" site_id="42" xmltv_id="Eurosport">Eurosport</channel>
    <channel update="i" site="astro.com.my" site_id="43" xmltv_id="BBC World">BBC World</channel>
    <channel update="i" site="astro.com.my" site_id="44" xmltv_id="Animal Planet">Animal Planet</channel>
    <channel update="i" site="astro.com.my" site_id="45" xmltv_id="CNBC Asia">CNBC Asia</channel>
    <channel update="i" site="astro.com.my" site_id="46" xmltv_id="Arabic Radio &amp; TV Variety">Arabic Radio &amp; TV Variety</channel>
    <channel update="i" site="astro.com.my" site_id="47" xmltv_id="Phoenix Info News">Phoenix Info News</channel>
    <channel update="i" site="astro.com.my" site_id="48" xmltv_id="CCTV News">CCTV News</channel>
    <channel update="i" site="astro.com.my" site_id="49" xmltv_id="Disney Junior">Disney Junior</channel>
    <channel update="i" site="astro.com.my" site_id="50" xmltv_id="KBS World">KBS World</channel>
    <channel update="i" site="astro.com.my" site_id="51" xmltv_id="Makkal TV">Makkal TV</channel>
    <channel update="i" site="astro.com.my" site_id="52" xmltv_id="TV 9">TV 9</channel>
    <channel update="i" site="astro.com.my" site_id="53" xmltv_id="Astro Xiao Tai Yang">Astro Xiao Tai Yang</channel>
    <channel update="i" site="astro.com.my" site_id="54" xmltv_id="Nickelodeon">Nickelodeon</channel>
    <channel update="i" site="astro.com.my" site_id="55" xmltv_id="Chutti TV">Chutti TV</channel>
    <channel update="i" site="astro.com.my" site_id="56" xmltv_id="Astro Box Office Sport 1">Astro Box Office Sport 1</channel>
    <channel update="i" site="astro.com.my" site_id="58" xmltv_id="Australia Plus TV">Australia Plus TV</channel>
    <channel update="i" site="astro.com.my" site_id="59" xmltv_id="Astro Warna">Astro Warna</channel>
    <channel update="i" site="astro.com.my" site_id="61" xmltv_id="Discovery Channel">Discovery Channel</channel>
    <channel update="i" site="astro.com.my" site_id="62" xmltv_id="Astro Ceria">Astro Ceria</channel>
    <channel update="i" site="astro.com.my" site_id="63" xmltv_id="Phoenix Chinese Channel">Phoenix Chinese Channel</channel>
    <channel update="i" site="astro.com.my" site_id="64" xmltv_id="TVBE News">TVBE News</channel>
    <channel update="i" site="astro.com.my" site_id="65" xmltv_id="FOX Sports 3">FOX Sports 3</channel>
    <channel update="i" site="astro.com.my" site_id="67" xmltv_id="Astro Tutor TV UPSR">Astro Tutor TV UPSR</channel>
    <channel update="i" site="astro.com.my" site_id="70" xmltv_id="Astro Citra">Astro Citra</channel>
    <channel update="i" site="astro.com.my" site_id="72" xmltv_id="Astro Vellithirai">Astro Vellithirai</channel>
    <channel update="i" site="astro.com.my" site_id="73" xmltv_id="MAX">MAX</channel>
    <channel update="i" site="astro.com.my" site_id="74" xmltv_id="National Geographic Wild">National Geographic Wild</channel>
    <channel update="i" site="astro.com.my" site_id="75" xmltv_id="Astro On Demand 361">Astro On Demand 361</channel>
    <channel update="i" site="astro.com.my" site_id="76" xmltv_id="Astro On Demand 362">Astro On Demand 362</channel>
    <channel update="i" site="astro.com.my" site_id="78" xmltv_id="Adithya">Adithya</channel>
    <channel update="i" site="astro.com.my" site_id="79" xmltv_id="CNN">CNN</channel>
    <channel update="i" site="astro.com.my" site_id="80" xmltv_id="Astro SuperSport 3">Astro SuperSport 3</channel>
    <channel update="i" site="astro.com.my" site_id="81" xmltv_id="Astro Oasis">Astro Oasis</channel>
    <channel update="i" site="astro.com.my" site_id="82" xmltv_id="Astro SuperSport">Astro SuperSport</channel>
    <channel update="i" site="astro.com.my" site_id="83" xmltv_id="FOX Sports 2">FOX Sports 2</channel>
    <channel update="i" site="astro.com.my" site_id="84" xmltv_id="Astro Ria">Astro Ria</channel>
    <channel update="i" site="astro.com.my" site_id="85" xmltv_id="FOX Sports">FOX Sports</channel>
    <channel update="i" site="astro.com.my" site_id="86" xmltv_id="STAR WORLD">STAR WORLD</channel>
    <channel update="i" site="astro.com.my" site_id="87" xmltv_id="Diva Universal">Diva Universal</channel>
    <channel update="i" site="astro.com.my" site_id="88" xmltv_id="Astro Bella">Astro Bella</channel>
    <channel update="i" site="astro.com.my" site_id="89" xmltv_id="Bloomberg Television">Bloomberg Television</channel>
    <channel update="i" site="astro.com.my" site_id="91" xmltv_id="Disney XD">Disney XD</channel>
    <channel update="i" site="astro.com.my" site_id="92" xmltv_id="Astro AEC">Astro AEC</channel>
    <channel update="i" site="astro.com.my" site_id="93" xmltv_id="ZEE VARIASI">ZEE VARIASI</channel>
    <channel update="i" site="astro.com.my" site_id="94" xmltv_id="Sun Music">Sun Music</channel>
    <channel update="i" site="astro.com.my" site_id="95" xmltv_id="E! Entertainment">E! Entertainment</channel>
    <channel update="i" site="astro.com.my" site_id="96" xmltv_id="Astro Awani">Astro Awani</channel>
    <channel update="i" site="astro.com.my" site_id="97" xmltv_id="Kah Lai Toi">Kah Lai Toi</channel>
    <channel update="i" site="astro.com.my" site_id="98" xmltv_id="Animax">Animax</channel>
    <channel update="i" site="astro.com.my" site_id="99" xmltv_id="Astro On Demand 352">Astro On Demand 352</channel>
    <channel update="i" site="astro.com.my" site_id="100" xmltv_id="Bintang">Bintang</channel>
    <channel update="i" site="astro.com.my" site_id="102" xmltv_id="Pelangi">Pelangi</channel>
    <channel update="i" site="astro.com.my" site_id="103" xmltv_id="CCTV4">CCTV4</channel>
    <channel update="i" site="astro.com.my" site_id="104" xmltv_id="Asian Food Channel">Asian Food Channel</channel>
    <channel update="i" site="astro.com.my" site_id="105" xmltv_id="Astro Arena">Astro Arena</channel>
    <channel update="i" site="astro.com.my" site_id="106" xmltv_id="NTV7">NTV7</channel>
    <channel update="i" site="astro.com.my" site_id="107" xmltv_id="BabyTV">BabyTV</channel>
    <channel update="i" site="astro.com.my" site_id="108" xmltv_id="TV 1">TV 1</channel>
    <channel update="i" site="astro.com.my" site_id="111" xmltv_id="Astro Shuang Xing">Astro Shuang Xing</channel>
    <channel update="i" site="astro.com.my" site_id="112" xmltv_id="TVi">TVi</channel>
    <channel update="i" site="astro.com.my" site_id="114" xmltv_id="TVB Classic">TVB Classic</channel>
    <channel update="i" site="astro.com.my" site_id="115" xmltv_id="Kalaignar TV">Kalaignar TV</channel>
    <channel update="i" site="astro.com.my" site_id="116" xmltv_id="Eve">Eve</channel>
    <channel update="i" site="astro.com.my" site_id="117" xmltv_id="Al Jazeera English">Al Jazeera English</channel>
    <channel update="i" site="astro.com.my" site_id="118" xmltv_id="DMAX">DMAX</channel>
    <channel update="i" site="astro.com.my" site_id="119" xmltv_id="TV 2">TV 2</channel>
    <channel update="i" site="astro.com.my" site_id="120" xmltv_id="iView">iView</channel>
    <channel update="i" site="astro.com.my" site_id="121" xmltv_id="Crime and Investigation Network">Crime and Investigation Network</channel>
    <channel update="i" site="astro.com.my" site_id="122" xmltv_id="TV3">TV3</channel>
    <channel update="i" site="astro.com.my" site_id="123" xmltv_id="TLC">TLC</channel>
    <channel update="i" site="astro.com.my" site_id="124" xmltv_id="CTI Asia">CTI Asia</channel>
    <channel update="i" site="astro.com.my" site_id="127" xmltv_id="Celestial Movies">Celestial Movies</channel>
    <channel update="i" site="astro.com.my" site_id="128" xmltv_id="Astro Hitz">Astro Hitz</channel>
    <channel update="i" site="astro.com.my" site_id="129" xmltv_id="NHK World">NHK World</channel>
    <channel update="i" site="astro.com.my" site_id="130" xmltv_id="HISTORY">HISTORY</channel>
    <channel update="i" site="astro.com.my" site_id="132" xmltv_id="Astro On Demand 351">Astro On Demand 351</channel>
    <channel update="i" site="astro.com.my" site_id="133" xmltv_id="Astro On Demand 353">Astro On Demand 353</channel>
    <channel update="i" site="astro.com.my" site_id="139" xmltv_id="8TV">8TV</channel>
    <channel update="i" site="astro.com.my" site_id="140" xmltv_id="Jaya TV">Jaya TV</channel>
    <channel update="i" site="astro.com.my" site_id="142" xmltv_id="ITV Choice">ITV Choice</channel>
    <channel update="i" site="astro.com.my" site_id="143" xmltv_id="Astro TVIQ">Astro TVIQ</channel>
    <channel update="i" site="astro.com.my" site_id="144" xmltv_id="Astro Best SD 1">Astro Best SD 1</channel>
    <channel update="i" site="astro.com.my" site_id="145" xmltv_id="Astro First SD 1">Astro First SD 1</channel>
    <channel update="i" site="astro.com.my" site_id="146" xmltv_id="Astro First SD 2">Astro First SD 2</channel>
    <channel update="i" site="astro.com.my" site_id="147" xmltv_id="Astro First SD 3">Astro First SD 3</channel>
    <channel update="i" site="astro.com.my" site_id="149" xmltv_id="Astro First SD 5">Astro First SD 5</channel>
    <channel update="i" site="astro.com.my" site_id="150" xmltv_id="Astro First SD 6">Astro First SD 6</channel>
    <channel update="i" site="astro.com.my" site_id="151" xmltv_id="Astro First SD 7">Astro First SD 7</channel>
    <channel update="i" site="astro.com.my" site_id="152" xmltv_id="Astro First SD 8">Astro First SD 8</channel>
    <channel update="i" site="astro.com.my" site_id="153" xmltv_id="Astro Tutor TV PT3">Astro Tutor TV PT3</channel>
    <channel update="i" site="astro.com.my" site_id="154" xmltv_id="Tutor TV SPM">Tutor TV SPM</channel>
    <channel update="i" site="astro.com.my" site_id="159" xmltv_id="Astro Wah Lai Toi HD">Astro Wah Lai Toi HD</channel>
    <channel update="i" site="astro.com.my" site_id="162" xmltv_id="Life Inspired HD">Life Inspired HD</channel>
    <channel update="i" site="astro.com.my" site_id="163" xmltv_id="AXN HD">AXN HD</channel>
    <channel update="i" site="astro.com.my" site_id="164" xmltv_id="FX HD">FX HD</channel>
    <channel update="i" site="astro.com.my" site_id="165" xmltv_id="One HD">One HD</channel>
    <channel update="i" site="astro.com.my" site_id="166" xmltv_id="Celestial Movies HD">Celestial Movies HD</channel>
    <channel update="i" site="astro.com.my" site_id="167" xmltv_id="Sundance HD">Sundance HD</channel>
    <channel update="i" site="astro.com.my" site_id="168" xmltv_id="Discovery HD World">Discovery HD World</channel>
    <channel update="i" site="astro.com.my" site_id="169" xmltv_id="Star World HD">Star World HD</channel>
    <channel update="i" site="astro.com.my" site_id="170" xmltv_id="Astro SuperSport 2 HD">Astro SuperSport 2 HD</channel>
    <channel update="i" site="astro.com.my" site_id="171" xmltv_id="Disney XD">Disney XD</channel>
    <channel update="i" site="astro.com.my" site_id="172" xmltv_id="National Geographic HD">National Geographic HD</channel>
    <channel update="i" site="astro.com.my" site_id="173" xmltv_id="FOX Sports HD">FOX Sports HD</channel>
    <channel update="i" site="astro.com.my" site_id="174" xmltv_id="Astro PPV Movies HD">Astro PPV Movies HD</channel>
    <channel update="i" site="astro.com.my" site_id="175" xmltv_id="HBO HD">HBO HD</channel>
    <channel update="i" site="astro.com.my" site_id="176" xmltv_id="HISTORY HD">HISTORY HD</channel>
    <channel update="i" site="astro.com.my" site_id="181" xmltv_id="Wai FM">Wai FM</channel>
    <channel update="i" site="astro.com.my" site_id="182" xmltv_id="Astro Best SD4">Astro Best SD4</channel>
    <channel update="i" site="astro.com.my" site_id="183" xmltv_id="Astro First SD 9">Astro First SD 9</channel>
    <channel update="i" site="astro.com.my" site_id="184" xmltv_id="Astro Best HD3">Astro Best HD3</channel>
    <channel update="i" site="astro.com.my" site_id="185" xmltv_id="Al-Hijrah">Al-Hijrah</channel>
    <channel update="i" site="astro.com.my" site_id="186" xmltv_id="Astro PPV Movies HD">Astro PPV Movies HD</channel>
    <channel update="i" site="astro.com.my" site_id="187" xmltv_id="Fox Movies Premium HD">Fox Movies Premium HD</channel>
    <channel update="i" site="astro.com.my" site_id="188" xmltv_id="Astro Best HD1">Astro Best HD1</channel>
    <channel update="i" site="astro.com.my" site_id="190" xmltv_id="Food Network HD">Food Network HD</channel>
    <channel update="i" site="astro.com.my" site_id="191" xmltv_id="Astro SuperSport HD">Astro SuperSport HD</channel>
    <channel update="i" site="astro.com.my" site_id="192" xmltv_id="Sky News HD">Sky News HD</channel>
    <channel update="i" site="astro.com.my" site_id="193" xmltv_id="Mustika HD">Mustika HD</channel>
    <channel update="i" site="astro.com.my" site_id="194" xmltv_id="KIX HD">KIX HD</channel>
    <channel update="i" site="astro.com.my" site_id="196" xmltv_id="Astro Quan Jia HD">Astro Quan Jia HD</channel>
    <channel update="i" site="astro.com.my" site_id="197" xmltv_id="Star Vijay">Star Vijay</channel>
    <channel update="i" site="astro.com.my" site_id="199" xmltv_id="Bernama TV">Bernama TV</channel>
    <channel update="i" site="astro.com.my" site_id="205" xmltv_id="KBS World HD">KBS World HD</channel>
    <channel update="i" site="astro.com.my" site_id="206" xmltv_id="Hua Hee Dai HD">Hua Hee Dai HD</channel>
    <channel update="i" site="astro.com.my" site_id="208" xmltv_id="Astro SuperSport 4">Astro SuperSport 4</channel>
    <channel update="i" site="astro.com.my" site_id="209" xmltv_id="Astro SuperSport 3 HD">Astro SuperSport 3 HD</channel>
    <channel update="i" site="astro.com.my" site_id="211" xmltv_id="Maya HD">Maya HD</channel>
    <channel update="i" site="astro.com.my" site_id="212" xmltv_id="A-List">A-List</channel>
    <channel update="i" site="astro.com.my" site_id="213" xmltv_id="Astro Vinmeen HD">Astro Vinmeen HD</channel>
    <channel update="i" site="astro.com.my" site_id="214" xmltv_id="Astro Best SD 7">Astro Best SD 7</channel>
    <channel update="i" site="astro.com.my" site_id="215" xmltv_id="Astro Best SD 8">Astro Best SD 8</channel>
    <channel update="i" site="astro.com.my" site_id="217" xmltv_id="Fox Family Movies HD">Fox Family Movies HD</channel>
    <channel update="i" site="astro.com.my" site_id="219" xmltv_id="Astro Best SD 5">Astro Best SD 5</channel>
    <channel update="i" site="astro.com.my" site_id="221" xmltv_id="Astro On Demand HD">Astro On Demand HD</channel>
    <channel update="i" site="astro.com.my" site_id="223" xmltv_id="Astro Best SD 10">Astro Best SD 10</channel>
    <channel update="i" site="astro.com.my" site_id="224" xmltv_id="Astro PPV Movies HD">Astro PPV Movies HD</channel>
    <channel update="i" site="astro.com.my" site_id="225" xmltv_id="Astro First SD10">Astro First SD10</channel>
    <channel update="i" site="astro.com.my" site_id="226" xmltv_id="Astro Best SD 2">Astro Best SD 2</channel>
    <channel update="i" site="astro.com.my" site_id="227" xmltv_id="Astro Box Office Movies Tayangan Hebat">Astro Box Office Movies Tayangan Hebat</channel>
    <channel update="i" site="astro.com.my" site_id="228" xmltv_id="Astro Box Office Movie Thangathirai">Astro Box Office Movie Thangathirai</channel>
    <channel update="i" site="astro.com.my" site_id="251" xmltv_id="Astro BollyOne HD">Astro BollyOne HD</channel>
    <channel update="i" site="astro.com.my" site_id="267" xmltv_id="HITS HD">HITS HD</channel>
    <channel update="i" site="astro.com.my" site_id="268" xmltv_id="FOX HD">FOX HD</channel>
    <channel update="i" site="astro.com.my" site_id="269" xmltv_id="DIVA HD">DIVA HD</channel>
    <channel update="i" site="astro.com.my" site_id="270" xmltv_id="Astro AEC HD">Astro AEC HD</channel>
    <channel update="i" site="astro.com.my" site_id="271" xmltv_id="Astro Shuang Xing HD">Astro Shuang Xing HD</channel>
    <channel update="i" site="astro.com.my" site_id="272" xmltv_id="FOX Action Movies HD">FOX Action Movies HD</channel>
    <channel update="i" site="astro.com.my" site_id="273" xmltv_id="FYI">FYI</channel>
    <channel update="i" site="astro.com.my" site_id="274" xmltv_id="ZooMoo">ZooMoo</channel>
    <channel update="i" site="astro.com.my" site_id="275" xmltv_id="Celestial Classic Movies">Celestial Classic Movies</channel>
    <channel update="i" site="astro.com.my" site_id="277" xmltv_id="Astro Xi Yue HD">Astro Xi Yue HD</channel>
    <channel update="i" site="astro.com.my" site_id="278" xmltv_id="Golf Channel">Golf Channel</channel>
    <channel update="i" site="astro.com.my" site_id="279" xmltv_id="Channel M HD">Channel M HD</channel>
    <channel update="i" site="astro.com.my" site_id="280" xmltv_id="Oh!K HD">Oh!K HD</channel>
    <channel update="i" site="astro.com.my" site_id="282" xmltv_id="Astro Go Shop">Astro Go Shop</channel>
    <channel update="i" site="astro.com.my" site_id="284" xmltv_id="Astro Ria HD">Astro Ria HD</channel>
    <channel update="i" site="astro.com.my" site_id="285" xmltv_id="WWE Network HD">WWE Network HD</channel>
    <channel update="i" site="astro.com.my" site_id="286" xmltv_id="Setanta Sports">Setanta Sports</channel>
    <channel update="i" site="astro.com.my" site_id="287" xmltv_id="WWE Network">WWE Network</channel>
    <channel update="i" site="astro.com.my" site_id="288" xmltv_id="Astro Cricket HD">Astro Cricket HD</channel>
    <channel update="i" site="astro.com.my" site_id="289" xmltv_id="HGTV">HGTV</channel>
    <channel update="i" site="astro.com.my" site_id="290" xmltv_id="Nat Geo People HD">Nat Geo People HD</channel>
    <channel update="i" site="astro.com.my" site_id="291" xmltv_id="Star Chinese Channel">Star Chinese Channel</channel>
  </channels>
</site>