﻿<?xml version="1.0" encoding="UTF-8"?>
<site generator-info-name="WebGrab+Plus/w MDB &amp; REX Postprocess -- version 1.1.1/22 -- Jan van Straaten" site="dagenstv.com.xmltv_ns">
  <channels>
    <channel update="i" site="dagenstv.com.xmltv_ns" site_id="21" xmltv_id="SVT1">SVT1</channel>
    <channel update="i" site="dagenstv.com.xmltv_ns" site_id="22" xmltv_id="SVT2">SVT2</channel>
    <channel update="i" site="dagenstv.com.xmltv_ns" site_id="26" xmltv_id="TV3">TV3</channel>
    <channel update="i" site="dagenstv.com.xmltv_ns" site_id="389" xmltv_id="TV3 HD">TV3 HD</channel>
    <channel update="i" site="dagenstv.com.xmltv_ns" site_id="27" xmltv_id="TV4">TV4</channel>
    <channel update="i" site="dagenstv.com.xmltv_ns" site_id="176" xmltv_id="TV4 Film">TV4 Film</channel>
    <channel update="i" site="dagenstv.com.xmltv_ns" site_id="275" xmltv_id="TV4 Sport">TV4 Sport</channel>
    <channel update="i" site="dagenstv.com.xmltv_ns" site_id="142" xmltv_id="SJUAN">SJUAN</channel>
    <channel update="i" site="dagenstv.com.xmltv_ns" site_id="291" xmltv_id="TV4 HD">TV4 HD</channel>
    <channel update="i" site="dagenstv.com.xmltv_ns" site_id="500" xmltv_id="TV4 Sport Xtra">TV4 Sport Xtra</channel>
    <channel update="i" site="dagenstv.com.xmltv_ns" site_id="230" xmltv_id="TV4 Fakta">TV4 Fakta</channel>
    <channel update="i" site="dagenstv.com.xmltv_ns" site_id="252" xmltv_id="TV4 Guld">TV4 Guld</channel>
    <channel update="i" site="dagenstv.com.xmltv_ns" site_id="253" xmltv_id="TV4 Komedi">TV4 Komedi</channel>
    <channel update="i" site="dagenstv.com.xmltv_ns" site_id="410" xmltv_id="TV4 News">TV4 News</channel>
    <channel update="i" site="dagenstv.com.xmltv_ns" site_id="305" xmltv_id="TV4 Fakta XL">TV4 Fakta XL</channel>
    <channel update="i" site="dagenstv.com.xmltv_ns" site_id="10" xmltv_id="Kanal 5">Kanal 5</channel>
    <channel update="i" site="dagenstv.com.xmltv_ns" site_id="42" xmltv_id="TV6">TV6</channel>
    <channel update="i" site="dagenstv.com.xmltv_ns" site_id="248" xmltv_id="TNT">TNT</channel>
    <channel update="i" site="dagenstv.com.xmltv_ns" site_id="43" xmltv_id="TV8">TV8</channel>
    <channel update="i" site="dagenstv.com.xmltv_ns" site_id="246" xmltv_id="Kanal 9">Kanal 9</channel>
    <channel update="i" site="dagenstv.com.xmltv_ns" site_id="370" xmltv_id="TV10">TV10</channel>
    <channel update="i" site="dagenstv.com.xmltv_ns" site_id="199" xmltv_id="TV11">TV11</channel>
    <channel update="i" site="dagenstv.com.xmltv_ns" site_id="247" xmltv_id="Axess TV">Axess TV</channel>
    <channel update="i" site="dagenstv.com.xmltv_ns" site_id="341" xmltv_id="Kanal 10">Kanal 10</channel>
    <channel update="i" site="dagenstv.com.xmltv_ns" site_id="213" xmltv_id="Kunskapskanalen">Kunskapskanalen</channel>
    <channel update="i" site="dagenstv.com.xmltv_ns" site_id="100" xmltv_id="SVT World">SVT World</channel>
    <channel update="i" site="dagenstv.com.xmltv_ns" site_id="101" xmltv_id="SVT24">SVT24</channel>
    <channel update="i" site="dagenstv.com.xmltv_ns" site_id="143" xmltv_id="SVTB">SVTB</channel>
    <channel update="i" site="dagenstv.com.xmltv_ns" site_id="371" xmltv_id="SVT1 HD">SVT1 HD</channel>
    <channel update="i" site="dagenstv.com.xmltv_ns" site_id="374" xmltv_id="SVT2 HD">SVT2 HD</channel>
    <channel update="i" site="dagenstv.com.xmltv_ns" site_id="260" xmltv_id="Bloomberg TV">Bloomberg TV</channel>
    <channel update="i" site="dagenstv.com.xmltv_ns" site_id="227" xmltv_id="C More Action">C More Action</channel>
    <channel update="i" site="dagenstv.com.xmltv_ns" site_id="405" xmltv_id="C More Kids">C More Kids</channel>
    <channel update="i" site="dagenstv.com.xmltv_ns" site_id="298" xmltv_id="C More Series">C More Series</channel>
    <channel update="i" site="dagenstv.com.xmltv_ns" site_id="255" xmltv_id="C More Emotion">C More Emotion</channel>
    <channel update="i" site="dagenstv.com.xmltv_ns" site_id="502" xmltv_id="C More First HD">C More First HD</channel>
    <channel update="i" site="dagenstv.com.xmltv_ns" site_id="256" xmltv_id="C More First">C More First</channel>
    <channel update="i" site="dagenstv.com.xmltv_ns" site_id="257" xmltv_id="C More Hits">C More Hits</channel>
    <channel update="i" site="dagenstv.com.xmltv_ns" site_id="501" xmltv_id="C More Hits HD">C More Hits HD</channel>
    <channel update="i" site="dagenstv.com.xmltv_ns" site_id="261" xmltv_id="Canal+ Hits Sport Weekend">Canal+ Hits Sport Weekend</channel>
    <channel update="i" site="dagenstv.com.xmltv_ns" site_id="348" xmltv_id="SF-kanalen">SF-kanalen</channel>
    <channel update="i" site="dagenstv.com.xmltv_ns" site_id="214" xmltv_id="Showtime">Showtime</channel>
    <channel update="i" site="dagenstv.com.xmltv_ns" site_id="241" xmltv_id="Silver">Silver</channel>
    <channel update="i" site="dagenstv.com.xmltv_ns" site_id="296" xmltv_id="Silver HD">Silver HD</channel>
    <channel update="i" site="dagenstv.com.xmltv_ns" site_id="24" xmltv_id="TCM">TCM</channel>
    <channel update="i" site="dagenstv.com.xmltv_ns" site_id="33" xmltv_id="Viasat Film">Viasat Film</channel>
    <channel update="i" site="dagenstv.com.xmltv_ns" site_id="207" xmltv_id="Viasat Film Action">Viasat Film Action</channel>
    <channel update="i" site="dagenstv.com.xmltv_ns" site_id="208" xmltv_id="Viasat Film Classic">Viasat Film Classic</channel>
    <channel update="i" site="dagenstv.com.xmltv_ns" site_id="210" xmltv_id="Viasat Film Family">Viasat Film Family</channel>
    <channel update="i" site="dagenstv.com.xmltv_ns" site_id="209" xmltv_id="Viasat Film Nordic">Viasat Film Nordic</channel>
    <channel update="i" site="dagenstv.com.xmltv_ns" site_id="336" xmltv_id="Viasat Film Drama">Viasat Film Drama</channel>
    <channel update="i" site="dagenstv.com.xmltv_ns" site_id="140" xmltv_id="C More Sport">C More Sport</channel>
    <channel update="i" site="dagenstv.com.xmltv_ns" site_id="258" xmltv_id="C More Tennis">C More Tennis</channel>
    <channel update="i" site="dagenstv.com.xmltv_ns" site_id="299" xmltv_id="C More Extreme">C More Extreme</channel>
    <channel update="i" site="dagenstv.com.xmltv_ns" site_id="271" xmltv_id="C More Sport HD">C More Sport HD</channel>
    <channel update="i" site="dagenstv.com.xmltv_ns" site_id="352" xmltv_id="C More Hockey">C More Hockey</channel>
    <channel update="i" site="dagenstv.com.xmltv_ns" site_id="353" xmltv_id="C More Fotboll">C More Fotboll</channel>
    <channel update="i" site="dagenstv.com.xmltv_ns" site_id="360" xmltv_id="C More Live">C More Live</channel>
    <channel update="i" site="dagenstv.com.xmltv_ns" site_id="361" xmltv_id="C More Live 2">C More Live 2</channel>
    <channel update="i" site="dagenstv.com.xmltv_ns" site_id="362" xmltv_id="C More Live 3">C More Live 3</channel>
    <channel update="i" site="dagenstv.com.xmltv_ns" site_id="359" xmltv_id="C More Live 4">C More Live 4</channel>
    <channel update="i" site="dagenstv.com.xmltv_ns" site_id="9" xmltv_id="Eurosport">Eurosport</channel>
    <channel update="i" site="dagenstv.com.xmltv_ns" site_id="217" xmltv_id="Eurosport 2">Eurosport 2</channel>
    <channel update="i" site="dagenstv.com.xmltv_ns" site_id="164" xmltv_id="Eurosport HD">Eurosport HD</channel>
    <channel update="i" site="dagenstv.com.xmltv_ns" site_id="67" xmltv_id="Extreme sports">Extreme sports</channel>
    <channel update="i" site="dagenstv.com.xmltv_ns" site_id="267" xmltv_id="ESPN America">ESPN America</channel>
    <channel update="i" site="dagenstv.com.xmltv_ns" site_id="196" xmltv_id="ESPN Classic Sport">ESPN Classic Sport</channel>
    <channel update="i" site="dagenstv.com.xmltv_ns" site_id="193" xmltv_id="Manchester United TV">Manchester United TV</channel>
    <channel update="i" site="dagenstv.com.xmltv_ns" site_id="268" xmltv_id="Motors TV">Motors TV</channel>
    <channel update="i" site="dagenstv.com.xmltv_ns" site_id="269" xmltv_id="Yacht and sail">Yacht and sail</channel>
    <channel update="i" site="dagenstv.com.xmltv_ns" site_id="347" xmltv_id="Rush HD">Rush HD</channel>
    <channel update="i" site="dagenstv.com.xmltv_ns" site_id="266" xmltv_id="Viasat Golf">Viasat Golf</channel>
    <channel update="i" site="dagenstv.com.xmltv_ns" site_id="53" xmltv_id="Viasat Sport">Viasat Sport</channel>
    <channel update="i" site="dagenstv.com.xmltv_ns" site_id="355" xmltv_id="Viasat Premier League HD">Viasat Premier League HD</channel>
    <channel update="i" site="dagenstv.com.xmltv_ns" site_id="197" xmltv_id="Viasat Fotboll">Viasat Fotboll</channel>
    <channel update="i" site="dagenstv.com.xmltv_ns" site_id="198" xmltv_id="Viasat Motor">Viasat Motor</channel>
    <channel update="i" site="dagenstv.com.xmltv_ns" site_id="300" xmltv_id="Viasat Fotboll HD">Viasat Fotboll HD</channel>
    <channel update="i" site="dagenstv.com.xmltv_ns" site_id="346" xmltv_id="Viasat Hockey">Viasat Hockey</channel>
    <channel update="i" site="dagenstv.com.xmltv_ns" site_id="80" xmltv_id="Kanal Global">Kanal Global</channel>
    <channel update="i" site="dagenstv.com.xmltv_ns" site_id="54" xmltv_id="Animal Planet">Animal Planet</channel>
    <channel update="i" site="dagenstv.com.xmltv_ns" site_id="7" xmltv_id="Discovery Channel">Discovery Channel</channel>
    <channel update="i" site="dagenstv.com.xmltv_ns" site_id="263" xmltv_id="Discovery HD Showcase">Discovery HD Showcase</channel>
    <channel update="i" site="dagenstv.com.xmltv_ns" site_id="119" xmltv_id="Discovery Science">Discovery Science</channel>
    <channel update="i" site="dagenstv.com.xmltv_ns" site_id="120" xmltv_id="TLC">TLC</channel>
    <channel update="i" site="dagenstv.com.xmltv_ns" site_id="118" xmltv_id="Discovery World">Discovery World</channel>
    <channel update="i" site="dagenstv.com.xmltv_ns" site_id="343" xmltv_id="Investigation Discovery">Investigation Discovery</channel>
    <channel update="i" site="dagenstv.com.xmltv_ns" site_id="48" xmltv_id="National Geographic">National Geographic</channel>
    <channel update="i" site="dagenstv.com.xmltv_ns" site_id="293" xmltv_id="National Geographic HD">National Geographic HD</channel>
    <channel update="i" site="dagenstv.com.xmltv_ns" site_id="335" xmltv_id="National Geographic Wild">National Geographic Wild</channel>
    <channel update="i" site="dagenstv.com.xmltv_ns" site_id="403" xmltv_id="Nat Geo Wild HD">Nat Geo Wild HD</channel>
    <channel update="i" site="dagenstv.com.xmltv_ns" site_id="307" xmltv_id="History Channel HD">History Channel HD</channel>
    <channel update="i" site="dagenstv.com.xmltv_ns" site_id="303" xmltv_id="History Channel">History Channel</channel>
    <channel update="i" site="dagenstv.com.xmltv_ns" site_id="25" xmltv_id="Travel">Travel</channel>
    <channel update="i" site="dagenstv.com.xmltv_ns" site_id="28" xmltv_id="Viasat Nature/Crime">Viasat Nature/Crime</channel>
    <channel update="i" site="dagenstv.com.xmltv_ns" site_id="215" xmltv_id="Viasat History">Viasat History</channel>
    <channel update="i" site="dagenstv.com.xmltv_ns" site_id="76" xmltv_id="Viasat Explorer">Viasat Explorer</channel>
    <channel update="i" site="dagenstv.com.xmltv_ns" site_id="117" xmltv_id="Zone Reality">Zone Reality</channel>
    <channel update="i" site="dagenstv.com.xmltv_ns" site_id="259" xmltv_id="F Men">F Men</channel>
    <channel update="i" site="dagenstv.com.xmltv_ns" site_id="219" xmltv_id="FST 5">FST 5</channel>
    <channel update="i" site="dagenstv.com.xmltv_ns" site_id="4" xmltv_id="Cartoon Network">Cartoon Network</channel>
    <channel update="i" site="dagenstv.com.xmltv_ns" site_id="147" xmltv_id="Disney Channel">Disney Channel</channel>
    <channel update="i" site="dagenstv.com.xmltv_ns" site_id="251" xmltv_id="Disney Playhouse">Disney Playhouse</channel>
    <channel update="i" site="dagenstv.com.xmltv_ns" site_id="224" xmltv_id="Disney XD">Disney XD</channel>
    <channel update="i" site="dagenstv.com.xmltv_ns" site_id="331" xmltv_id="Boomerang">Boomerang</channel>
    <channel update="i" site="dagenstv.com.xmltv_ns" site_id="344" xmltv_id="Disney XD ENG">Disney XD ENG</channel>
    <channel update="i" site="dagenstv.com.xmltv_ns" site_id="60" xmltv_id="Jetix">Jetix</channel>
    <channel update="i" site="dagenstv.com.xmltv_ns" site_id="45" xmltv_id="Nickelodeon">Nickelodeon</channel>
    <channel update="i" site="dagenstv.com.xmltv_ns" site_id="369" xmltv_id="Nick Jr">Nick Jr</channel>
    <channel update="i" site="dagenstv.com.xmltv_ns" site_id="334" xmltv_id="Comedy Central">Comedy Central</channel>
    <channel update="i" site="dagenstv.com.xmltv_ns" site_id="58" xmltv_id="DR1">DR1</channel>
    <channel update="i" site="dagenstv.com.xmltv_ns" site_id="59" xmltv_id="DR2">DR2</channel>
    <channel update="i" site="dagenstv.com.xmltv_ns" site_id="103" xmltv_id="Kanal 5 Danmark">Kanal 5 Danmark</channel>
    <channel update="i" site="dagenstv.com.xmltv_ns" site_id="189" xmltv_id="Nelonen">Nelonen</channel>
    <channel update="i" site="dagenstv.com.xmltv_ns" site_id="72" xmltv_id="NRK1">NRK1</channel>
    <channel update="i" site="dagenstv.com.xmltv_ns" site_id="63" xmltv_id="NRK2">NRK2</channel>
    <channel update="i" site="dagenstv.com.xmltv_ns" site_id="105" xmltv_id="TV Danmark">TV Danmark</channel>
    <channel update="i" site="dagenstv.com.xmltv_ns" site_id="29" xmltv_id="TV Finland">TV Finland</channel>
    <channel update="i" site="dagenstv.com.xmltv_ns" site_id="73" xmltv_id="TV Norge">TV Norge</channel>
    <channel update="i" site="dagenstv.com.xmltv_ns" site_id="906" xmltv_id="TV2 Charlie (Dansk)">TV2 Charlie (Dansk)</channel>
    <channel update="i" site="dagenstv.com.xmltv_ns" site_id="71" xmltv_id="TV2 Danmark">TV2 Danmark</channel>
    <channel update="i" site="dagenstv.com.xmltv_ns" site_id="37" xmltv_id="TV2 Norge">TV2 Norge</channel>
    <channel update="i" site="dagenstv.com.xmltv_ns" site_id="126" xmltv_id="TV2 Zulu">TV2 Zulu</channel>
    <channel update="i" site="dagenstv.com.xmltv_ns" site_id="57" xmltv_id="TV3 Danmark">TV3 Danmark</channel>
    <channel update="i" site="dagenstv.com.xmltv_ns" site_id="62" xmltv_id="TV3 Norge">TV3 Norge</channel>
    <channel update="i" site="dagenstv.com.xmltv_ns" site_id="83" xmltv_id="TV3+">TV3+</channel>
    <channel update="i" site="dagenstv.com.xmltv_ns" site_id="220" xmltv_id="YLE Extra">YLE Extra</channel>
    <channel update="i" site="dagenstv.com.xmltv_ns" site_id="221" xmltv_id="YLE Teema">YLE Teema</channel>
    <channel update="i" site="dagenstv.com.xmltv_ns" site_id="31" xmltv_id="YLE TV1">YLE TV1</channel>
    <channel update="i" site="dagenstv.com.xmltv_ns" site_id="36" xmltv_id="YLE TV2">YLE TV2</channel>
    <channel update="i" site="dagenstv.com.xmltv_ns" site_id="39" xmltv_id="MTV3">MTV3</channel>
    <channel update="i" site="dagenstv.com.xmltv_ns" site_id="225" xmltv_id="E!">E!</channel>
    <channel update="i" site="dagenstv.com.xmltv_ns" site_id="82" xmltv_id="Fashion TV">Fashion TV</channel>
    <channel update="i" site="dagenstv.com.xmltv_ns" site_id="46" xmltv_id="Mezzo">Mezzo</channel>
    <channel update="i" site="dagenstv.com.xmltv_ns" site_id="14" xmltv_id="MTV">MTV</channel>
    <channel update="i" site="dagenstv.com.xmltv_ns" site_id="74" xmltv_id="MTV Rocks">MTV Rocks</channel>
    <channel update="i" site="dagenstv.com.xmltv_ns" site_id="114" xmltv_id="Star!">Star!</channel>
    <channel update="i" site="dagenstv.com.xmltv_ns" site_id="321" xmltv_id="MTVN HD">MTVN HD</channel>
    <channel update="i" site="dagenstv.com.xmltv_ns" site_id="216" xmltv_id="The Voice TV">The Voice TV</channel>
    <channel update="i" site="dagenstv.com.xmltv_ns" site_id="342" xmltv_id="VH1 Classic">VH1 Classic</channel>
    <channel update="i" site="dagenstv.com.xmltv_ns" site_id="47" xmltv_id="VH-1">VH-1</channel>
    <channel update="i" site="dagenstv.com.xmltv_ns" site_id="400" xmltv_id="OutTV">OutTV</channel>
    <channel update="i" site="dagenstv.com.xmltv_ns" site_id="401" xmltv_id="Wild TV">Wild TV</channel>
    <channel update="i" site="dagenstv.com.xmltv_ns" site_id="262" xmltv_id="Al Jazeera">Al Jazeera</channel>
    <channel update="i" site="dagenstv.com.xmltv_ns" site_id="3" xmltv_id="BBC World">BBC World</channel>
    <channel update="i" site="dagenstv.com.xmltv_ns" site_id="56" xmltv_id="CNBC">CNBC</channel>
    <channel update="i" site="dagenstv.com.xmltv_ns" site_id="5" xmltv_id="CNN">CNN</channel>
    <channel update="i" site="dagenstv.com.xmltv_ns" site_id="231" xmltv_id="Di TV">Di TV</channel>
    <channel update="i" site="dagenstv.com.xmltv_ns" site_id="104" xmltv_id="Euronews">Euronews</channel>
    <channel update="i" site="dagenstv.com.xmltv_ns" site_id="98" xmltv_id="PRO 7">PRO 7</channel>
    <channel update="i" site="dagenstv.com.xmltv_ns" site_id="149" xmltv_id="BBC Lifestyle">BBC Lifestyle</channel>
    <channel update="i" site="dagenstv.com.xmltv_ns" site_id="2" xmltv_id="BBC Entertainment">BBC Entertainment</channel>
    <channel update="i" site="dagenstv.com.xmltv_ns" site_id="332" xmltv_id="BBC Knowledge">BBC Knowledge</channel>
    <channel update="i" site="dagenstv.com.xmltv_ns" site_id="333" xmltv_id="BBC HD">BBC HD</channel>
    <channel update="i" site="dagenstv.com.xmltv_ns" site_id="8" xmltv_id="Sport1">Sport1</channel>
    <channel update="i" site="dagenstv.com.xmltv_ns" site_id="111" xmltv_id="God Channel">God Channel</channel>
    <channel update="i" site="dagenstv.com.xmltv_ns" site_id="50" xmltv_id="HRT1">HRT1</channel>
    <channel update="i" site="dagenstv.com.xmltv_ns" site_id="175" xmltv_id="Hustler TV">Hustler TV</channel>
    <channel update="i" site="dagenstv.com.xmltv_ns" site_id="113" xmltv_id="Kabel 1">Kabel 1</channel>
    <channel update="i" site="dagenstv.com.xmltv_ns" site_id="91" xmltv_id="MDR">MDR</channel>
    <channel update="i" site="dagenstv.com.xmltv_ns" site_id="109" xmltv_id="Pink Plus">Pink Plus</channel>
    <channel update="i" site="dagenstv.com.xmltv_ns" site_id="223" xmltv_id="Playboy TV">Playboy TV</channel>
    <channel update="i" site="dagenstv.com.xmltv_ns" site_id="64" xmltv_id="Rai Uno">Rai Uno</channel>
    <channel update="i" site="dagenstv.com.xmltv_ns" site_id="65" xmltv_id="Rai Due">Rai Due</channel>
    <channel update="i" site="dagenstv.com.xmltv_ns" site_id="16" xmltv_id="RTL">RTL</channel>
    <channel update="i" site="dagenstv.com.xmltv_ns" site_id="15" xmltv_id="RTL 2">RTL 2</channel>
    <channel update="i" site="dagenstv.com.xmltv_ns" site_id="295" xmltv_id="Russia Today TV">Russia Today TV</channel>
    <channel update="i" site="dagenstv.com.xmltv_ns" site_id="17" xmltv_id="SAT1">SAT1</channel>
    <channel update="i" site="dagenstv.com.xmltv_ns" site_id="52" xmltv_id="TV Chile">TV Chile</channel>
    <channel update="i" site="dagenstv.com.xmltv_ns" site_id="66" xmltv_id="TV Polonia">TV Polonia</channel>
    <channel update="i" site="dagenstv.com.xmltv_ns" site_id="110" xmltv_id="Spice">Spice</channel>
    <channel update="i" site="dagenstv.com.xmltv_ns" site_id="222" xmltv_id="Spice Platinum">Spice Platinum</channel>
    <channel update="i" site="dagenstv.com.xmltv_ns" site_id="40" xmltv_id="TV5">TV5</channel>
    <channel update="i" site="dagenstv.com.xmltv_ns" site_id="41" xmltv_id="TVE">TVE</channel>
    <channel update="i" site="dagenstv.com.xmltv_ns" site_id="75" xmltv_id="Viasat 4">Viasat 4</channel>
    <channel update="i" site="dagenstv.com.xmltv_ns" site_id="106" xmltv_id="Viva">Viva</channel>
    <channel update="i" site="dagenstv.com.xmltv_ns" site_id="107" xmltv_id="Vox">Vox</channel>
    <channel update="i" site="dagenstv.com.xmltv_ns" site_id="51" xmltv_id="ZDF">ZDF</channel>
    <channel update="i" site="dagenstv.com.xmltv_ns" site_id="270" xmltv_id="Zone Club">Zone Club</channel>
    <channel update="i" site="dagenstv.com.xmltv_ns" site_id="1" xmltv_id="3SAT">3SAT</channel>
    <channel update="i" site="dagenstv.com.xmltv_ns" site_id="69" xmltv_id="ARD">ARD</channel>
    <channel update="i" site="dagenstv.com.xmltv_ns" site_id="84" xmltv_id="Arte">Arte</channel>
    <channel update="i" site="dagenstv.com.xmltv_ns" site_id="139" xmltv_id="Channel 1 Russia">Channel 1 Russia</channel>
    <channel update="i" site="dagenstv.com.xmltv_ns" site_id="910" xmltv_id="ORF1 (de)">ORF1 (de)</channel>
    <channel update="i" site="dagenstv.com.xmltv_ns" site_id="911" xmltv_id="ORF2 (de)">ORF2 (de)</channel>
    <channel update="i" site="dagenstv.com.xmltv_ns" site_id="908" xmltv_id="Kanal 4 (Dansk)">Kanal 4 (Dansk)</channel>
    <channel update="i" site="dagenstv.com.xmltv_ns" site_id="18" xmltv_id="Sky News">Sky News</channel>
    <channel update="i" site="dagenstv.com.xmltv_ns" site_id="96" xmltv_id="ORF 1">ORF 1</channel>
    <channel update="i" site="dagenstv.com.xmltv_ns" site_id="290" xmltv_id="TV3 Puls">TV3 Puls</channel>
    <channel update="i" site="dagenstv.com.xmltv_ns" site_id="916" xmltv_id="Viasat Golf (no)">Viasat Golf (no)</channel>
    <channel update="i" site="dagenstv.com.xmltv_ns" site_id="909" xmltv_id="Nickelodeon (Eng)">Nickelodeon (Eng)</channel>
    <channel update="i" site="dagenstv.com.xmltv_ns" site_id="912" xmltv_id="ATVplus (de)">ATVplus (de)</channel>
    <channel update="i" site="dagenstv.com.xmltv_ns" site_id="913" xmltv_id="TV3 Norge (no)">TV3 Norge (no)</channel>
    <channel update="i" site="dagenstv.com.xmltv_ns" site_id="328" xmltv_id="Nickelodeon Europe">Nickelodeon Europe</channel>
    <channel update="i" site="dagenstv.com.xmltv_ns" site_id="302" xmltv_id="Eurosport (Eng)">Eurosport (Eng)</channel>
    <channel update="i" site="dagenstv.com.xmltv_ns" site_id="914" xmltv_id="Viasat 4 (no)">Viasat 4 (no)</channel>
    <channel update="i" site="dagenstv.com.xmltv_ns" site_id="915" xmltv_id="Viasat Sport (no)">Viasat Sport (no)</channel>
    <channel update="i" site="dagenstv.com.xmltv_ns" site_id="917" xmltv_id="Viasat Motor (no)">Viasat Motor (no)</channel>
  </channels>
</site>