﻿<?xml version="1.0" encoding="UTF-8"?>
<site generator-info-name="WebGrab+Plus/w MDB &amp; REX Postprocess -- version 1.1.1/50pre -- Jan van Straaten" site="dsmart.com.tr">
  <channels>
    <channel update="i" site="dsmart.com.tr" site_id="609" xmltv_id="SINEPLUS HD">SINEPLUS HD</channel>
    <channel update="i" site="dsmart.com.tr" site_id="610" xmltv_id="SMART SINEGOLD HD">SMART SINEGOLD HD</channel>
    <channel update="i" site="dsmart.com.tr" site_id="710" xmltv_id="SINEGOLD 2 HD">SINEGOLD 2 HD</channel>
    <channel update="i" site="dsmart.com.tr" site_id="9646" xmltv_id="SINEMA TV HD1">SINEMA TV HD1</channel>
    <channel update="i" site="dsmart.com.tr" site_id="9647" xmltv_id="SINEMA TV HD2">SINEMA TV HD2</channel>
    <channel update="i" site="dsmart.com.tr" site_id="9654" xmltv_id="SINEMA TV AILE HD">SINEMA TV AILE HD</channel>
    <channel update="i" site="dsmart.com.tr" site_id="9653" xmltv_id="SINEMA TV 1001 HD">SINEMA TV 1001 HD</channel>
    <channel update="i" site="dsmart.com.tr" site_id="706" xmltv_id="FXHD">FXHD</channel>
    <channel update="i" site="dsmart.com.tr" site_id="707" xmltv_id="FOXCRIMEHD">FOXCRIMEHD</channel>
    <channel update="i" site="dsmart.com.tr" site_id="9648" xmltv_id="BBC HD">BBC HD</channel>
    <channel update="i" site="dsmart.com.tr" site_id="701" xmltv_id="HDe YENI">HDe YENI</channel>
    <channel update="i" site="dsmart.com.tr" site_id="607" xmltv_id="DIZISMART HD">DIZISMART HD</channel>
    <channel update="i" site="dsmart.com.tr" site_id="614" xmltv_id="MAX SMART HD">MAX SMART HD</channel>
    <channel update="i" site="dsmart.com.tr" site_id="604" xmltv_id="TV2 HD">TV2 HD</channel>
    <channel update="i" site="dsmart.com.tr" site_id="601" xmltv_id="KANAL D HD">KANAL D HD</channel>
    <channel update="i" site="dsmart.com.tr" site_id="8755" xmltv_id="Star TV HD">Star TV HD</channel>
    <channel update="i" site="dsmart.com.tr" site_id="8181" xmltv_id="ATV HD">ATV HD</channel>
    <channel update="i" site="dsmart.com.tr" site_id="8162" xmltv_id="TRT 1 HD">TRT 1 HD</channel>
    <channel update="i" site="dsmart.com.tr" site_id="605" xmltv_id="CNN TURK HD">CNN TURK HD</channel>
    <channel update="i" site="dsmart.com.tr" site_id="8182" xmltv_id="A HABER HD">A HABER HD</channel>
    <channel update="i" site="dsmart.com.tr" site_id="704" xmltv_id="24 KITCHEN HD">24 KITCHEN HD</channel>
    <channel update="i" site="dsmart.com.tr" site_id="603" xmltv_id="SMART 3D">SMART 3D</channel>
    <channel update="i" site="dsmart.com.tr" site_id="1603" xmltv_id="Smart HD">Smart HD</channel>
    <channel update="i" site="dsmart.com.tr" site_id="705" xmltv_id="TRAVEL CHANNEL HD">TRAVEL CHANNEL HD</channel>
    <channel update="i" site="dsmart.com.tr" site_id="708" xmltv_id="DISCOVERY HD SHOWCASE">DISCOVERY HD SHOWCASE</channel>
    <channel update="i" site="dsmart.com.tr" site_id="709" xmltv_id="ANIMAL PLANET HD YENI">ANIMAL PLANET HD YENI</channel>
    <channel update="i" site="dsmart.com.tr" site_id="8161" xmltv_id="TRT HD">TRT HD</channel>
    <channel update="i" site="dsmart.com.tr" site_id="702" xmltv_id="NBA TV HD">NBA TV HD</channel>
    <channel update="i" site="dsmart.com.tr" site_id="617" xmltv_id="SMART SPOR HD">SMART SPOR HD</channel>
    <channel update="i" site="dsmart.com.tr" site_id="612" xmltv_id="SMART SPOR 2 HD">SMART SPOR 2 HD</channel>
    <channel update="i" site="dsmart.com.tr" site_id="703" xmltv_id="FOX SPORTS HD">FOX SPORTS HD</channel>
    <channel update="i" site="dsmart.com.tr" site_id="602" xmltv_id="EUROSPORT HD">EUROSPORT HD</channel>
    <channel update="i" site="dsmart.com.tr" site_id="711" xmltv_id="THE FIGHT NETWORK">THE FIGHT NETWORK</channel>
    <channel update="i" site="dsmart.com.tr" site_id="9763" xmltv_id="SEMERKAND TV HD">SEMERKAND TV HD</channel>
    <channel update="i" site="dsmart.com.tr" site_id="613" xmltv_id="PENTHOUSE HD">PENTHOUSE HD</channel>
    <channel update="i" site="dsmart.com.tr" site_id="712" xmltv_id="PENTHOUSE 3D">PENTHOUSE 3D</channel>
    <channel update="i" site="dsmart.com.tr" site_id="203" xmltv_id="D-SMART PROMO">D-SMART PROMO</channel>
    <channel update="i" site="dsmart.com.tr" site_id="843" xmltv_id="MOVIESMART">MOVIESMART</channel>
    <channel update="i" site="dsmart.com.tr" site_id="829" xmltv_id="SMART SINEFEST">SMART SINEFEST</channel>
    <channel update="i" site="dsmart.com.tr" site_id="249" xmltv_id="SINETURK">SINETURK</channel>
    <channel update="i" site="dsmart.com.tr" site_id="206" xmltv_id="YESILCAM SMART">YESILCAM SMART</channel>
    <channel update="i" site="dsmart.com.tr" site_id="8361" xmltv_id="Show TV">Show TV</channel>
    <channel update="i" site="dsmart.com.tr" site_id="8301" xmltv_id="Kanal 7">Kanal 7</channel>
    <channel update="i" site="dsmart.com.tr" site_id="9061" xmltv_id="Samanyolu TV Turkiye">Samanyolu TV Turkiye</channel>
    <channel update="i" site="dsmart.com.tr" site_id="9041" xmltv_id="FOX">FOX</channel>
    <channel update="i" site="dsmart.com.tr" site_id="8741" xmltv_id="NTV Turkiye">NTV Turkiye</channel>
    <channel update="i" site="dsmart.com.tr" site_id="8822" xmltv_id="TRT 2">TRT 2</channel>
    <channel update="i" site="dsmart.com.tr" site_id="9022" xmltv_id="HABERTURK">HABERTURK</channel>
    <channel update="i" site="dsmart.com.tr" site_id="9741" xmltv_id="24">24</channel>
    <channel update="i" site="dsmart.com.tr" site_id="8742" xmltv_id="Cnbc-e">Cnbc-e</channel>
    <channel update="i" site="dsmart.com.tr" site_id="8743" xmltv_id="e2">e2</channel>
    <channel update="i" site="dsmart.com.tr" site_id="8541" xmltv_id="TV 8">TV 8</channel>
    <channel update="i" site="dsmart.com.tr" site_id="8071" xmltv_id="KANALTURK">KANALTURK</channel>
    <channel update="i" site="dsmart.com.tr" site_id="9965" xmltv_id="BEYAZ TV">BEYAZ TV</channel>
    <channel update="i" site="dsmart.com.tr" site_id="8281" xmltv_id="TV NET">TV NET</channel>
    <channel update="i" site="dsmart.com.tr" site_id="9181" xmltv_id="Kanal A">Kanal A</channel>
    <channel update="i" site="dsmart.com.tr" site_id="9221" xmltv_id="Sky Turk">Sky Turk</channel>
    <channel update="i" site="dsmart.com.tr" site_id="9021" xmltv_id="BLOOMBERG HT">BLOOMBERG HT</channel>
    <channel update="i" site="dsmart.com.tr" site_id="9042" xmltv_id="TGRT Haber">TGRT Haber</channel>
    <channel update="i" site="dsmart.com.tr" site_id="8863" xmltv_id="Samanyolu Haber">Samanyolu Haber</channel>
    <channel update="i" site="dsmart.com.tr" site_id="8073" xmltv_id="BUGUN TV">BUGUN TV</channel>
    <channel update="i" site="dsmart.com.tr" site_id="9441" xmltv_id="Cine 5">Cine 5</channel>
    <channel update="i" site="dsmart.com.tr" site_id="9083" xmltv_id="ULKE TV">ULKE TV</channel>
    <channel update="i" site="dsmart.com.tr" site_id="821" xmltv_id="CNN INTERNATIONAL">CNN INTERNATIONAL</channel>
    <channel update="i" site="dsmart.com.tr" site_id="517" xmltv_id="D SHOPPING">D SHOPPING</channel>
    <channel update="i" site="dsmart.com.tr" site_id="242" xmltv_id="STYLE NETWORK">STYLE NETWORK</channel>
    <channel update="i" site="dsmart.com.tr" site_id="841" xmltv_id="MYZEN TV">MYZEN TV</channel>
    <channel update="i" site="dsmart.com.tr" site_id="833" xmltv_id="DISCOVERY CHANNEL">DISCOVERY CHANNEL</channel>
    <channel update="i" site="dsmart.com.tr" site_id="834" xmltv_id="ANIMAL PLANET">ANIMAL PLANET</channel>
    <channel update="i" site="dsmart.com.tr" site_id="836" xmltv_id="SCIENCE">SCIENCE</channel>
    <channel update="i" site="dsmart.com.tr" site_id="835" xmltv_id="WORLD">WORLD</channel>
    <channel update="i" site="dsmart.com.tr" site_id="838" xmltv_id="ID">ID</channel>
    <channel update="i" site="dsmart.com.tr" site_id="8837" xmltv_id="TRT TURIZM VE BELGESEL">TRT TURIZM VE BELGESEL</channel>
    <channel update="i" site="dsmart.com.tr" site_id="9642" xmltv_id="SCI-TECH TV">SCI-TECH TV</channel>
    <channel update="i" site="dsmart.com.tr" site_id="246" xmltv_id="ANIMAUX">ANIMAUX</channel>
    <channel update="i" site="dsmart.com.tr" site_id="239" xmltv_id="TAY TV">TAY TV</channel>
    <channel update="i" site="dsmart.com.tr" site_id="245" xmltv_id="CHASSE&amp;PECHE">CHASSE&amp;PECHE</channel>
    <channel update="i" site="dsmart.com.tr" site_id="248" xmltv_id="EUROSPORT2">EUROSPORT2</channel>
    <channel update="i" site="dsmart.com.tr" site_id="247" xmltv_id="AB MOTOEURS">AB MOTOEURS</channel>
    <channel update="i" site="dsmart.com.tr" site_id="8382" xmltv_id="fb tv">fb tv</channel>
    <channel update="i" site="dsmart.com.tr" site_id="8386" xmltv_id="SPORTS TV">SPORTS TV</channel>
    <channel update="i" site="dsmart.com.tr" site_id="8748" xmltv_id="NTV SPOR">NTV SPOR</channel>
    <channel update="i" site="dsmart.com.tr" site_id="9996" xmltv_id="TRT SPOR">TRT SPOR</channel>
    <channel update="i" site="dsmart.com.tr" site_id="8388" xmltv_id="ZTV BILGI">ZTV BILGI</channel>
    <channel update="i" site="dsmart.com.tr" site_id="8946" xmltv_id="ULUSAL TV">ULUSAL TV</channel>
    <channel update="i" site="dsmart.com.tr" site_id="8387" xmltv_id="tv em">tv em</channel>
    <channel update="i" site="dsmart.com.tr" site_id="9907" xmltv_id="TARIM TURK TV">TARIM TURK TV</channel>
    <channel update="i" site="dsmart.com.tr" site_id="8017" xmltv_id="EGE TV YENI">EGE TV YENI</channel>
    <channel update="i" site="dsmart.com.tr" site_id="9587" xmltv_id="KANAL T">KANAL T</channel>
    <channel update="i" site="dsmart.com.tr" site_id="144" xmltv_id="PLANET PEMBE">PLANET PEMBE</channel>
    <channel update="i" site="dsmart.com.tr" site_id="145" xmltv_id="PLANET SINEMA">PLANET SINEMA</channel>
    <channel update="i" site="dsmart.com.tr" site_id="146" xmltv_id="PLANET TURK">PLANET TURK</channel>
    <channel update="i" site="dsmart.com.tr" site_id="8006" xmltv_id="EXPO CHANNEL">EXPO CHANNEL</channel>
    <channel update="i" site="dsmart.com.tr" site_id="8824" xmltv_id="TRT 3">TRT 3</channel>
    <channel update="i" site="dsmart.com.tr" site_id="9591" xmltv_id="TRT ANADOLU">TRT ANADOLU</channel>
    <channel update="i" site="dsmart.com.tr" site_id="9585" xmltv_id="TRT6">TRT6</channel>
    <channel update="i" site="dsmart.com.tr" site_id="8838" xmltv_id="TRT OKUL">TRT OKUL</channel>
    <channel update="i" site="dsmart.com.tr" site_id="9991" xmltv_id="TRT AVAZ DOGU">TRT AVAZ DOGU</channel>
    <channel update="i" site="dsmart.com.tr" site_id="9995" xmltv_id="TRT ARAPCA">TRT ARAPCA</channel>
    <channel update="i" site="dsmart.com.tr" site_id="8823" xmltv_id="TRT TURK">TRT TURK</channel>
    <channel update="i" site="dsmart.com.tr" site_id="9993" xmltv_id="TRT MUZIK">TRT MUZIK</channel>
    <channel update="i" site="dsmart.com.tr" site_id="831" xmltv_id="DREAM TV">DREAM TV</channel>
    <channel update="i" site="dsmart.com.tr" site_id="832" xmltv_id="DREAMTURK">DREAMTURK</channel>
    <channel update="i" site="dsmart.com.tr" site_id="9905" xmltv_id="TMB DOGU">TMB DOGU</channel>
    <channel update="i" site="dsmart.com.tr" site_id="8008" xmltv_id="NUMBER ONE TV">NUMBER ONE TV</channel>
    <channel update="i" site="dsmart.com.tr" site_id="8007" xmltv_id="FASHION ONE TV">FASHION ONE TV</channel>
    <channel update="i" site="dsmart.com.tr" site_id="8744" xmltv_id="KRAL POP">KRAL POP</channel>
    <channel update="i" site="dsmart.com.tr" site_id="9562" xmltv_id="KRAL TV">KRAL TV</channel>
    <channel update="i" site="dsmart.com.tr" site_id="8001" xmltv_id="POWERTURK TV">POWERTURK TV</channel>
    <channel update="i" site="dsmart.com.tr" site_id="511" xmltv_id="CARTOON NETWORK">CARTOON NETWORK</channel>
    <channel update="i" site="dsmart.com.tr" site_id="208" xmltv_id="SMART COCUK">SMART COCUK</channel>
    <channel update="i" site="dsmart.com.tr" site_id="232" xmltv_id="DA VINCI LEARNING">DA VINCI LEARNING</channel>
    <channel update="i" site="dsmart.com.tr" site_id="849" xmltv_id="KIDSCO">KIDSCO</channel>
    <channel update="i" site="dsmart.com.tr" site_id="8173" xmltv_id="MINIKA GO">MINIKA GO</channel>
    <channel update="i" site="dsmart.com.tr" site_id="8825" xmltv_id="TRT 4">TRT 4</channel>
    <channel update="i" site="dsmart.com.tr" site_id="143" xmltv_id="PLANET COCUK">PLANET COCUK</channel>
    <channel update="i" site="dsmart.com.tr" site_id="8870" xmltv_id="YUMURCAK TV">YUMURCAK TV</channel>
    <channel update="i" site="dsmart.com.tr" site_id="850" xmltv_id="LULI BEBEGIM">LULI BEBEGIM</channel>
    <channel update="i" site="dsmart.com.tr" site_id="9641" xmltv_id="ANIMEX">ANIMEX</channel>
    <channel update="i" site="dsmart.com.tr" site_id="9901" xmltv_id="DISNEY CHANNEL">DISNEY CHANNEL</channel>
    <channel update="i" site="dsmart.com.tr" site_id="8175" xmltv_id="MINIKA COCUK">MINIKA COCUK</channel>
    <channel update="i" site="dsmart.com.tr" site_id="9590" xmltv_id="KANAL 3">KANAL 3</channel>
    <channel update="i" site="dsmart.com.tr" site_id="9978" xmltv_id="TV 5">TV 5</channel>
    <channel update="i" site="dsmart.com.tr" site_id="9588" xmltv_id="TEK RUMELI TV">TEK RUMELI TV</channel>
    <channel update="i" site="dsmart.com.tr" site_id="9589" xmltv_id="HILAL TV">HILAL TV</channel>
    <channel update="i" site="dsmart.com.tr" site_id="8389" xmltv_id="KONYA TV">KONYA TV</channel>
    <channel update="i" site="dsmart.com.tr" site_id="8862" xmltv_id="Mehtap">Mehtap</channel>
    <channel update="i" site="dsmart.com.tr" site_id="8012" xmltv_id="KARADENIZ TV">KARADENIZ TV</channel>
    <channel update="i" site="dsmart.com.tr" site_id="9656" xmltv_id="IMPARATOR TV">IMPARATOR TV</channel>
    <channel update="i" site="dsmart.com.tr" site_id="8069" xmltv_id="MMC">MMC</channel>
    <channel update="i" site="dsmart.com.tr" site_id="9581" xmltv_id="KANAL 35">KANAL 35</channel>
    <channel update="i" site="dsmart.com.tr" site_id="8004" xmltv_id="CAY TV">CAY TV</channel>
    <channel update="i" site="dsmart.com.tr" site_id="9906" xmltv_id="KARADENIZ TURK">KARADENIZ TURK</channel>
    <channel update="i" site="dsmart.com.tr" site_id="8070" xmltv_id="BERAT">BERAT</channel>
    <channel update="i" site="dsmart.com.tr" site_id="9087" xmltv_id="YURDUM TV">YURDUM TV</channel>
    <channel update="i" site="dsmart.com.tr" site_id="9902" xmltv_id="BENGUTURK">BENGUTURK</channel>
    <channel update="i" site="dsmart.com.tr" site_id="8945" xmltv_id="VIZYON TURK">VIZYON TURK</channel>
    <channel update="i" site="dsmart.com.tr" site_id="8009" xmltv_id="YABAN TV">YABAN TV</channel>
    <channel update="i" site="dsmart.com.tr" site_id="8018" xmltv_id="HLT TV">HLT TV</channel>
    <channel update="i" site="dsmart.com.tr" site_id="8121" xmltv_id="AKILLI TV">AKILLI TV</channel>
    <channel update="i" site="dsmart.com.tr" site_id="9961" xmltv_id="KANAL B">KANAL B</channel>
    <channel update="i" site="dsmart.com.tr" site_id="9655" xmltv_id="YAREN TV">YAREN TV</channel>
    <channel update="i" site="dsmart.com.tr" site_id="8003" xmltv_id="WORLD TRAVEL CHANNEL">WORLD TRAVEL CHANNEL</channel>
    <channel update="i" site="dsmart.com.tr" site_id="8381" xmltv_id="BURSA AS TV">BURSA AS TV</channel>
    <channel update="i" site="dsmart.com.tr" site_id="9969" xmltv_id="KANAL 9">KANAL 9</channel>
    <channel update="i" site="dsmart.com.tr" site_id="9766" xmltv_id="VTV">VTV</channel>
    <channel update="i" site="dsmart.com.tr" site_id="9082" xmltv_id="TVT">TVT</channel>
    <channel update="i" site="dsmart.com.tr" site_id="8122" xmltv_id="SAGLIK TV">SAGLIK TV</channel>
    <channel update="i" site="dsmart.com.tr" site_id="8126" xmltv_id="IMC TV">IMC TV</channel>
    <channel update="i" site="dsmart.com.tr" site_id="8871" xmltv_id="DUNYA TV">DUNYA TV</channel>
    <channel update="i" site="dsmart.com.tr" site_id="8067" xmltv_id="MPL TV">MPL TV</channel>
    <channel update="i" site="dsmart.com.tr" site_id="9982" xmltv_id="MESAJ TV">MESAJ TV</channel>
    <channel update="i" site="dsmart.com.tr" site_id="9973" xmltv_id="CEM TV">CEM TV</channel>
    <channel update="i" site="dsmart.com.tr" site_id="9980" xmltv_id="MELTEM TV">MELTEM TV</channel>
    <channel update="i" site="dsmart.com.tr" site_id="8390" xmltv_id="ORDU ALTAS TV">ORDU ALTAS TV</channel>
    <channel update="i" site="dsmart.com.tr" site_id="8463" xmltv_id="BEA TV">BEA TV</channel>
    <channel update="i" site="dsmart.com.tr" site_id="8385" xmltv_id="GALA TV">GALA TV</channel>
    <channel update="i" site="dsmart.com.tr" site_id="8384" xmltv_id="MAXI TV">MAXI TV</channel>
    <channel update="i" site="dsmart.com.tr" site_id="8061" xmltv_id="GENC TV">GENC TV</channel>
    <channel update="i" site="dsmart.com.tr" site_id="8014" xmltv_id="EL CEZIRE TURK">EL CEZIRE TURK</channel>
    <channel update="i" site="dsmart.com.tr" site_id="8127" xmltv_id="HRT AKDENIZ TV">HRT AKDENIZ TV</channel>
    <channel update="i" site="dsmart.com.tr" site_id="9941" xmltv_id="KANAL 5">KANAL 5</channel>
    <channel update="i" site="dsmart.com.tr" site_id="9979" xmltv_id="ADANA TV">ADANA TV</channel>
    <channel update="i" site="dsmart.com.tr" site_id="8013" xmltv_id="MAVI KARADENIZ TV">MAVI KARADENIZ TV</channel>
    <channel update="i" site="dsmart.com.tr" site_id="8064" xmltv_id="SIPAS VIZYON TV">SIPAS VIZYON TV</channel>
    <channel update="i" site="dsmart.com.tr" site_id="9584" xmltv_id="VATAN TV">VATAN TV</channel>
    <channel update="i" site="dsmart.com.tr" site_id="8005" xmltv_id="RUMELI TV">RUMELI TV</channel>
    <channel update="i" site="dsmart.com.tr" site_id="8941" xmltv_id="KON TV">KON TV</channel>
    <channel update="i" site="dsmart.com.tr" site_id="9964" xmltv_id="OLAY TV 3A">OLAY TV 3A</channel>
    <channel update="i" site="dsmart.com.tr" site_id="8383" xmltv_id="UZAY TV">UZAY TV</channel>
    <channel update="i" site="dsmart.com.tr" site_id="9767" xmltv_id="DOGU TV YENI">DOGU TV YENI</channel>
    <channel update="i" site="dsmart.com.tr" site_id="8063" xmltv_id="GAZIANTEP OLAY TV">GAZIANTEP OLAY TV</channel>
    <channel update="i" site="dsmart.com.tr" site_id="9970" xmltv_id="7/24 TV">7/24 TV</channel>
    <channel update="i" site="dsmart.com.tr" site_id="532" xmltv_id="HTV">HTV</channel>
    <channel update="i" site="dsmart.com.tr" site_id="8942" xmltv_id="HALK TV">HALK TV</channel>
    <channel update="i" site="dsmart.com.tr" site_id="9984" xmltv_id="KADIRGA TV">KADIRGA TV</channel>
    <channel update="i" site="dsmart.com.tr" site_id="8065" xmltv_id="EKIN TV">EKIN TV</channel>
    <channel update="i" site="dsmart.com.tr" site_id="9764" xmltv_id="365 TV">365 TV</channel>
    <channel update="i" site="dsmart.com.tr" site_id="9765" xmltv_id="BERAT TV">BERAT TV</channel>
    <channel update="i" site="dsmart.com.tr" site_id="9908" xmltv_id="VAN TV">VAN TV</channel>
    <channel update="i" site="dsmart.com.tr" site_id="9583" xmltv_id="TV 58">TV 58</channel>
    <channel update="i" site="dsmart.com.tr" site_id="8464" xmltv_id="TV 52">TV 52</channel>
    <channel update="i" site="dsmart.com.tr" site_id="521" xmltv_id="KOCAELI TV">KOCAELI TV</channel>
    <channel update="i" site="dsmart.com.tr" site_id="8106" xmltv_id="KANAL T KKTC">KANAL T KKTC</channel>
    <channel update="i" site="dsmart.com.tr" site_id="148" xmltv_id="MEDYA TV">MEDYA TV</channel>
    <channel update="i" site="dsmart.com.tr" site_id="527" xmltv_id="ANADOLU YURDUM">ANADOLU YURDUM</channel>
    <channel update="i" site="dsmart.com.tr" site_id="8124" xmltv_id="SEBIL TV">SEBIL TV</channel>
    <channel update="i" site="dsmart.com.tr" site_id="8951" xmltv_id="TATLISES TV">TATLISES TV</channel>
    <channel update="i" site="dsmart.com.tr" site_id="8021" xmltv_id="AZ TV">AZ TV</channel>
    <channel update="i" site="dsmart.com.tr" site_id="9251" xmltv_id="AZAD Azerbaycan">AZAD Azerbaycan</channel>
    <channel update="i" site="dsmart.com.tr" site_id="9261" xmltv_id="Hazar TV">Hazar TV</channel>
    <channel update="i" site="dsmart.com.tr" site_id="103" xmltv_id="EURO D">EURO D</channel>
    <channel update="i" site="dsmart.com.tr" site_id="9563" xmltv_id="EURO STAR YENI">EURO STAR YENI</channel>
    <channel update="i" site="dsmart.com.tr" site_id="504" xmltv_id="NHK WORLD TV">NHK WORLD TV</channel>
    <channel update="i" site="dsmart.com.tr" site_id="9992" xmltv_id="EURONEWS TR">EURONEWS TR</channel>
    <channel update="i" site="dsmart.com.tr" site_id="9341" xmltv_id="Imedi TV">Imedi TV</channel>
    <channel update="i" site="dsmart.com.tr" site_id="8461" xmltv_id="Al Jazeera Channel">Al Jazeera Channel</channel>
    <channel update="i" site="dsmart.com.tr" site_id="8462" xmltv_id="AL JAZEERA CHANNEL ENGLISH">AL JAZEERA CHANNEL ENGLISH</channel>
    <channel update="i" site="dsmart.com.tr" site_id="4101" xmltv_id="CNBC EUROPE HOTBIRD">CNBC EUROPE HOTBIRD</channel>
    <channel update="i" site="dsmart.com.tr" site_id="4664" xmltv_id="BLOOMBERG TV EU">BLOOMBERG TV EU</channel>
    <channel update="i" site="dsmart.com.tr" site_id="4461" xmltv_id="BBC WORLD">BBC WORLD</channel>
    <channel update="i" site="dsmart.com.tr" site_id="4464" xmltv_id="EURONEWS">EURONEWS</channel>
    <channel update="i" site="dsmart.com.tr" site_id="4604" xmltv_id="AL JAZEERA ENG HB">AL JAZEERA ENG HB</channel>
    <channel update="i" site="dsmart.com.tr" site_id="4081" xmltv_id="RUSSIA TODAY">RUSSIA TODAY</channel>
    <channel update="i" site="dsmart.com.tr" site_id="4041" xmltv_id="FRANCE 24 ENGLISH">FRANCE 24 ENGLISH</channel>
    <channel update="i" site="dsmart.com.tr" site_id="4601" xmltv_id="CCTV NEWS">CCTV NEWS</channel>
    <channel update="i" site="dsmart.com.tr" site_id="4764" xmltv_id="DW-TV">DW-TV</channel>
    <channel update="i" site="dsmart.com.tr" site_id="4042" xmltv_id="FRANCE 24 FRANCAIS">FRANCE 24 FRANCAIS</channel>
    <channel update="i" site="dsmart.com.tr" site_id="4201" xmltv_id="CANAL 24 HORAS">CANAL 24 HORAS</channel>
    <channel update="i" site="dsmart.com.tr" site_id="4941" xmltv_id="RTP INTERNACIONAL">RTP INTERNACIONAL</channel>
    <channel update="i" site="dsmart.com.tr" site_id="4187" xmltv_id="RAI NEWS">RAI NEWS</channel>
    <channel update="i" site="dsmart.com.tr" site_id="4283" xmltv_id="AL JAZEERA HOTBIRD">AL JAZEERA HOTBIRD</channel>
    <channel update="i" site="dsmart.com.tr" site_id="4162" xmltv_id="AL ARABIYA">AL ARABIYA</channel>
    <channel update="i" site="dsmart.com.tr" site_id="4202" xmltv_id="BBC ARABIC">BBC ARABIC</channel>
    <channel update="i" site="dsmart.com.tr" site_id="4362" xmltv_id="RT D">RT D</channel>
    <channel update="i" site="dsmart.com.tr" site_id="4082" xmltv_id="RUSIYA AL YAUM">RUSIYA AL YAUM</channel>
    <channel update="i" site="dsmart.com.tr" site_id="4605" xmltv_id="ROSSIYA 24">ROSSIYA 24</channel>
    <channel update="i" site="dsmart.com.tr" site_id="4303" xmltv_id="CASPIONET">CASPIONET</channel>
    <channel update="i" site="dsmart.com.tr" site_id="4228" xmltv_id="RAI SPORT 1">RAI SPORT 1</channel>
    <channel update="i" site="dsmart.com.tr" site_id="4227" xmltv_id="RAI SPORT 2">RAI SPORT 2</channel>
    <channel update="i" site="dsmart.com.tr" site_id="4241" xmltv_id="SUPER TENNIS">SUPER TENNIS</channel>
    <channel update="i" site="dsmart.com.tr" site_id="4161" xmltv_id="DUBAI SPORTS CHANNEL">DUBAI SPORTS CHANNEL</channel>
    <channel update="i" site="dsmart.com.tr" site_id="4361" xmltv_id="SAUDI SPOR">SAUDI SPOR</channel>
    <channel update="i" site="dsmart.com.tr" site_id="4582" xmltv_id="RTL 2 CH">RTL 2 CH</channel>
    <channel update="i" site="dsmart.com.tr" site_id="4381" xmltv_id="DAS ERSTE">DAS ERSTE</channel>
    <channel update="i" site="dsmart.com.tr" site_id="4522" xmltv_id="ARTE">ARTE</channel>
    <channel update="i" site="dsmart.com.tr" site_id="4663" xmltv_id="TV5 MONDE EUROPE">TV5 MONDE EUROPE</channel>
    <channel update="i" site="dsmart.com.tr" site_id="4181" xmltv_id="RAI UNO">RAI UNO</channel>
    <channel update="i" site="dsmart.com.tr" site_id="4182" xmltv_id="RAI DUE">RAI DUE</channel>
    <channel update="i" site="dsmart.com.tr" site_id="4183" xmltv_id="RAI TRE">RAI TRE</channel>
    <channel update="i" site="dsmart.com.tr" site_id="4230" xmltv_id="RAI STORIA">RAI STORIA</channel>
    <channel update="i" site="dsmart.com.tr" site_id="4222" xmltv_id="RAI GULP">RAI GULP</channel>
    <channel update="i" site="dsmart.com.tr" site_id="4261" xmltv_id="ITALIA 1">ITALIA 1</channel>
    <channel update="i" site="dsmart.com.tr" site_id="4263" xmltv_id="RETE 4">RETE 4</channel>
    <channel update="i" site="dsmart.com.tr" site_id="4262" xmltv_id="CANALE 5">CANALE 5</channel>
    <channel update="i" site="dsmart.com.tr" site_id="4231" xmltv_id="TV 2000">TV 2000</channel>
    <channel update="i" site="dsmart.com.tr" site_id="4205" xmltv_id="TVE INT. EUROPE">TVE INT. EUROPE</channel>
    <channel update="i" site="dsmart.com.tr" site_id="4203" xmltv_id="TELESUR">TELESUR</channel>
    <channel update="i" site="dsmart.com.tr" site_id="4603" xmltv_id="RTR PLANETA">RTR PLANETA</channel>
    <channel update="i" site="dsmart.com.tr" site_id="4521" xmltv_id="K+">K+</channel>
    <channel update="i" site="dsmart.com.tr" site_id="4062" xmltv_id="ERT WORLD">ERT WORLD</channel>
    <channel update="i" site="dsmart.com.tr" site_id="4821" xmltv_id="TVR INT">TVR INT</channel>
    <channel update="i" site="dsmart.com.tr" site_id="4302" xmltv_id="CCTV4">CCTV4</channel>
    <channel update="i" site="dsmart.com.tr" site_id="4061" xmltv_id="BVN">BVN</channel>
    <channel update="i" site="dsmart.com.tr" site_id="4282" xmltv_id="TV MODA">TV MODA</channel>
    <channel update="i" site="dsmart.com.tr" site_id="4785" xmltv_id="TV DISCO">TV DISCO</channel>
    <channel update="i" site="dsmart.com.tr" site_id="4784" xmltv_id="MUSIC BOX RUSSIA">MUSIC BOX RUSSIA</channel>
    <channel update="i" site="dsmart.com.tr" site_id="4822" xmltv_id="RTL 102.5 TV">RTL 102.5 TV</channel>
    <channel update="i" site="dsmart.com.tr" site_id="4942" xmltv_id="ISLAM CHANNEL">ISLAM CHANNEL</channel>
    <channel update="i" site="dsmart.com.tr" site_id="4881" xmltv_id="ABU DHABI TV EUROPE">ABU DHABI TV EUROPE</channel>
    <channel update="i" site="dsmart.com.tr" site_id="4163" xmltv_id="DUBAI TV">DUBAI TV</channel>
    <channel update="i" site="dsmart.com.tr" site_id="4164" xmltv_id="SAMA DUBAI">SAMA DUBAI</channel>
    <channel update="i" site="dsmart.com.tr" site_id="4901" xmltv_id="QATAR TV">QATAR TV</channel>
    <channel update="i" site="dsmart.com.tr" site_id="4903" xmltv_id="KUWAIT TV">KUWAIT TV</channel>
    <channel update="i" site="dsmart.com.tr" site_id="4902" xmltv_id="SAUDI ARABIAN TV 1 SATELLITE">SAUDI ARABIAN TV 1 SATELLITE</channel>
    <channel update="i" site="dsmart.com.tr" site_id="4882" xmltv_id="SAUDI ARABIAN TV 2">SAUDI ARABIAN TV 2</channel>
    <channel update="i" site="dsmart.com.tr" site_id="4021" xmltv_id="AL JAZEERA CHILDREN'S CHANNEL">AL JAZEERA CHILDREN'S CHANNEL</channel>
    <channel update="i" site="dsmart.com.tr" site_id="4281" xmltv_id="AL JAZEERA DOCUMENTARY">AL JAZEERA DOCUMENTARY</channel>
    <channel update="i" site="dsmart.com.tr" site_id="844" xmltv_id="SINEPLUS">SINEPLUS</channel>
    <channel update="i" site="dsmart.com.tr" site_id="828" xmltv_id="SMART SINEGOLD">SMART SINEGOLD</channel>
    <channel update="i" site="dsmart.com.tr" site_id="9643" xmltv_id="SINEMA TV MTV">SINEMA TV MTV</channel>
    <channel update="i" site="dsmart.com.tr" site_id="9644" xmltv_id="SINEMA TV2 MTV">SINEMA TV2 MTV</channel>
    <channel update="i" site="dsmart.com.tr" site_id="9645" xmltv_id="SINEMA TV AILE MTV">SINEMA TV AILE MTV</channel>
    <channel update="i" site="dsmart.com.tr" site_id="9652" xmltv_id="SINEMA TV 1001">SINEMA TV 1001</channel>
    <channel update="i" site="dsmart.com.tr" site_id="201" xmltv_id="FX">FX</channel>
    <channel update="i" site="dsmart.com.tr" site_id="852" xmltv_id="FOX CRIME SD">FOX CRIME SD</channel>
    <channel update="i" site="dsmart.com.tr" site_id="846" xmltv_id="DIZISMART">DIZISMART</channel>
    <channel update="i" site="dsmart.com.tr" site_id="238" xmltv_id="MAX SMART">MAX SMART</channel>
    <channel update="i" site="dsmart.com.tr" site_id="109" xmltv_id="TV2">TV2</channel>
    <channel update="i" site="dsmart.com.tr" site_id="516" xmltv_id="KANAL D">KANAL D</channel>
    <channel update="i" site="dsmart.com.tr" site_id="8754" xmltv_id="STAR TV NTV">STAR TV NTV</channel>
    <channel update="i" site="dsmart.com.tr" site_id="8171" xmltv_id="ATV SD">ATV SD</channel>
    <channel update="i" site="dsmart.com.tr" site_id="8821" xmltv_id="TRT 1">TRT 1</channel>
    <channel update="i" site="dsmart.com.tr" site_id="101" xmltv_id="CNN TURK">CNN TURK</channel>
    <channel update="i" site="dsmart.com.tr" site_id="8174" xmltv_id="A HABER">A HABER</channel>
    <channel update="i" site="dsmart.com.tr" site_id="252" xmltv_id="NBA TV SD">NBA TV SD</channel>
    <channel update="i" site="dsmart.com.tr" site_id="251" xmltv_id="SMART SPOR">SMART SPOR</channel>
    <channel update="i" site="dsmart.com.tr" site_id="240" xmltv_id="SMART SPOR 2">SMART SPOR 2</channel>
    <channel update="i" site="dsmart.com.tr" site_id="847" xmltv_id="EUROSPORT">EUROSPORT</channel>
    <channel update="i" site="dsmart.com.tr" site_id="9762" xmltv_id="SEMERKAND TV">SEMERKAND TV</channel>
    <channel update="i" site="dsmart.com.tr" site_id="217" xmltv_id="MARC DORCEL">MARC DORCEL</channel>
    <channel update="i" site="dsmart.com.tr" site_id="243" xmltv_id="PENTHOUSE">PENTHOUSE</channel>
    <channel update="i" site="dsmart.com.tr" site_id="122" xmltv_id="RADYO d">RADYO d</channel>
    <channel update="i" site="dsmart.com.tr" site_id="123" xmltv_id="SLOW TURK">SLOW TURK</channel>
    <channel update="i" site="dsmart.com.tr" site_id="121" xmltv_id="CNN TURK RADYO">CNN TURK RADYO</channel>
    <channel update="i" site="dsmart.com.tr" site_id="8749" xmltv_id="Virgin Radio">Virgin Radio</channel>
    <channel update="i" site="dsmart.com.tr" site_id="9962" xmltv_id="METRO FM">METRO FM</channel>
    <channel update="i" site="dsmart.com.tr" site_id="9963" xmltv_id="SUPER FM">SUPER FM</channel>
    <channel update="i" site="dsmart.com.tr" site_id="8010" xmltv_id="NUMBER ONE FM">NUMBER ONE FM</channel>
    <channel update="i" site="dsmart.com.tr" site_id="9445" xmltv_id="Show Radyo">Show Radyo</channel>
    <channel update="i" site="dsmart.com.tr" site_id="8011" xmltv_id="RADYO KLAS">RADYO KLAS</channel>
    <channel update="i" site="dsmart.com.tr" site_id="8745" xmltv_id="KRAL FM">KRAL FM</channel>
    <channel update="i" site="dsmart.com.tr" site_id="124" xmltv_id="BEST FM">BEST FM</channel>
    <channel update="i" site="dsmart.com.tr" site_id="8826" xmltv_id="TRT Radyo 1">TRT Radyo 1</channel>
    <channel update="i" site="dsmart.com.tr" site_id="8831" xmltv_id="TRT Radyo 6">TRT Radyo 6</channel>
    <channel update="i" site="dsmart.com.tr" site_id="8829" xmltv_id="TRT FM">TRT FM</channel>
    <channel update="i" site="dsmart.com.tr" site_id="8828" xmltv_id="TRT Gap Radyosu">TRT Gap Radyosu</channel>
    <channel update="i" site="dsmart.com.tr" site_id="8827" xmltv_id="TRT Radyo 3">TRT Radyo 3</channel>
    <channel update="i" site="dsmart.com.tr" site_id="8830" xmltv_id="TRT Radyo 4">TRT Radyo 4</channel>
    <channel update="i" site="dsmart.com.tr" site_id="9988" xmltv_id="JOY TURK">JOY TURK</channel>
    <channel update="i" site="dsmart.com.tr" site_id="8832" xmltv_id="Voice of Turkey">Voice of Turkey</channel>
    <channel update="i" site="dsmart.com.tr" site_id="9044" xmltv_id="TGRT FM">TGRT FM</channel>
    <channel update="i" site="dsmart.com.tr" site_id="8746" xmltv_id="NTV Radyo">NTV Radyo</channel>
    <channel update="i" site="dsmart.com.tr" site_id="8302" xmltv_id="Radyo 7">Radyo 7</channel>
    <channel update="i" site="dsmart.com.tr" site_id="8747" xmltv_id="Radyo Eksen">Radyo Eksen</channel>
    <channel update="i" site="dsmart.com.tr" site_id="8750" xmltv_id="N 101">N 101</channel>
    <channel update="i" site="dsmart.com.tr" site_id="8751" xmltv_id="NTVSpor Radyo">NTVSpor Radyo</channel>
    <channel update="i" site="dsmart.com.tr" site_id="8752" xmltv_id="Radyo Voyage">Radyo Voyage</channel>
    <channel update="i" site="dsmart.com.tr" site_id="9989" xmltv_id="JOY FM">JOY FM</channel>
    <channel update="i" site="dsmart.com.tr" site_id="9968" xmltv_id="RADYO SPOR">RADYO SPOR</channel>
    <channel update="i" site="dsmart.com.tr" site_id="9966" xmltv_id="RADYO TATLISES">RADYO TATLISES</channel>
    <channel update="i" site="dsmart.com.tr" site_id="9967" xmltv_id="RADYO SLOW TIME">RADYO SLOW TIME</channel>
    <channel update="i" site="dsmart.com.tr" site_id="8756" xmltv_id="KRAL POP FM">KRAL POP FM</channel>
    <channel update="i" site="dsmart.com.tr" site_id="8015" xmltv_id="POWER FM">POWER FM</channel>
    <channel update="i" site="dsmart.com.tr" site_id="8016" xmltv_id="POWERTURK FM">POWERTURK FM</channel>
    <channel update="i" site="dsmart.com.tr" site_id="8019" xmltv_id="FENOMEN FM">FENOMEN FM</channel>
    <channel update="i" site="dsmart.com.tr" site_id="168" xmltv_id="iRADYOPORTAL">iRADYOPORTAL</channel>
    <channel update="i" site="dsmart.com.tr" site_id="751" xmltv_id="2000s">2000s</channel>
    <channel update="i" site="dsmart.com.tr" site_id="752" xmltv_id="90s">90s</channel>
    <channel update="i" site="dsmart.com.tr" site_id="753" xmltv_id="80s">80s</channel>
    <channel update="i" site="dsmart.com.tr" site_id="754" xmltv_id="70s">70s</channel>
    <channel update="i" site="dsmart.com.tr" site_id="755" xmltv_id="60s">60s</channel>
    <channel update="i" site="dsmart.com.tr" site_id="761" xmltv_id="COOL JAZZ">COOL JAZZ</channel>
    <channel update="i" site="dsmart.com.tr" site_id="762" xmltv_id="JAZZ CLASSICS">JAZZ CLASSICS</channel>
    <channel update="i" site="dsmart.com.tr" site_id="759" xmltv_id="CHILLOUT">CHILLOUT</channel>
    <channel update="i" site="dsmart.com.tr" site_id="760" xmltv_id="COCKTAIL LOUNGE">COCKTAIL LOUNGE</channel>
    <channel update="i" site="dsmart.com.tr" site_id="763" xmltv_id="CLASSICAL ORCHESTRAL">CLASSICAL ORCHESTRAL</channel>
    <channel update="i" site="dsmart.com.tr" site_id="764" xmltv_id="CLASSICAL GREATS">CLASSICAL GREATS</channel>
    <channel update="i" site="dsmart.com.tr" site_id="774" xmltv_id="NEW AGE">NEW AGE</channel>
    <channel update="i" site="dsmart.com.tr" site_id="758" xmltv_id="FREEDOM">FREEDOM</channel>
    <channel update="i" site="dsmart.com.tr" site_id="756" xmltv_id="ALL DAY PARTY">ALL DAY PARTY</channel>
    <channel update="i" site="dsmart.com.tr" site_id="757" xmltv_id="DANCEFLOOR FILLERS">DANCEFLOOR FILLERS</channel>
    <channel update="i" site="dsmart.com.tr" site_id="765" xmltv_id="INDIE CLASSICS">INDIE CLASSICS</channel>
    <channel update="i" site="dsmart.com.tr" site_id="775" xmltv_id="CLASSIC ROCK">CLASSIC ROCK</channel>
    <channel update="i" site="dsmart.com.tr" site_id="777" xmltv_id="ROCK ANTHEMS">ROCK ANTHEMS</channel>
    <channel update="i" site="dsmart.com.tr" site_id="778" xmltv_id="ROCK ALTERNATIVE">ROCK ALTERNATIVE</channel>
    <channel update="i" site="dsmart.com.tr" site_id="768" xmltv_id="REGGAE">REGGAE</channel>
    <channel update="i" site="dsmart.com.tr" site_id="772" xmltv_id="CLASSIC R'NB &amp; SOUL">CLASSIC R'NB &amp; SOUL</channel>
    <channel update="i" site="dsmart.com.tr" site_id="769" xmltv_id="HIP HOP">HIP HOP</channel>
    <channel update="i" site="dsmart.com.tr" site_id="770" xmltv_id="TRANCE">TRANCE</channel>
    <channel update="i" site="dsmart.com.tr" site_id="767" xmltv_id="COUNTRY">COUNTRY</channel>
    <channel update="i" site="dsmart.com.tr" site_id="773" xmltv_id="DISCO &amp; FUNK">DISCO &amp; FUNK</channel>
    <channel update="i" site="dsmart.com.tr" site_id="781" xmltv_id="TURK MUZIGI">TURK MUZIGI</channel>
    <channel update="i" site="dsmart.com.tr" site_id="782" xmltv_id="TURKISH SILK">TURKISH SILK</channel>
    <channel update="i" site="dsmart.com.tr" site_id="783" xmltv_id="TURK SANAT MUZIGI">TURK SANAT MUZIGI</channel>
    <channel update="i" site="dsmart.com.tr" site_id="609" xmltv_id="SINEPLUS HD">SINEPLUS HD</channel>
    <channel update="i" site="dsmart.com.tr" site_id="610" xmltv_id="SMART SINEGOLD HD">SMART SINEGOLD HD</channel>
    <channel update="i" site="dsmart.com.tr" site_id="710" xmltv_id="SINEGOLD 2 HD">SINEGOLD 2 HD</channel>
    <channel update="i" site="dsmart.com.tr" site_id="9646" xmltv_id="SINEMA TV HD1">SINEMA TV HD1</channel>
    <channel update="i" site="dsmart.com.tr" site_id="9647" xmltv_id="SINEMA TV HD2">SINEMA TV HD2</channel>
    <channel update="i" site="dsmart.com.tr" site_id="9654" xmltv_id="SINEMA TV AILE HD">SINEMA TV AILE HD</channel>
    <channel update="i" site="dsmart.com.tr" site_id="9653" xmltv_id="SINEMA TV 1001 HD">SINEMA TV 1001 HD</channel>
    <channel update="i" site="dsmart.com.tr" site_id="9648" xmltv_id="BBC HD">BBC HD</channel>
    <channel update="i" site="dsmart.com.tr" site_id="701" xmltv_id="HDe YENI">HDe YENI</channel>
    <channel update="i" site="dsmart.com.tr" site_id="601" xmltv_id="KANAL D HD">KANAL D HD</channel>
    <channel update="i" site="dsmart.com.tr" site_id="8755" xmltv_id="Star TV HD">Star TV HD</channel>
    <channel update="i" site="dsmart.com.tr" site_id="8181" xmltv_id="ATV HD">ATV HD</channel>
    <channel update="i" site="dsmart.com.tr" site_id="8162" xmltv_id="TRT 1 HD">TRT 1 HD</channel>
    <channel update="i" site="dsmart.com.tr" site_id="603" xmltv_id="SMART 3D">SMART 3D</channel>
    <channel update="i" site="dsmart.com.tr" site_id="1603" xmltv_id="Smart HD">Smart HD</channel>
    <channel update="i" site="dsmart.com.tr" site_id="8161" xmltv_id="TRT HD">TRT HD</channel>
    <channel update="i" site="dsmart.com.tr" site_id="843" xmltv_id="MOVIESMART">MOVIESMART</channel>
    <channel update="i" site="dsmart.com.tr" site_id="829" xmltv_id="SMART SINEFEST">SMART SINEFEST</channel>
    <channel update="i" site="dsmart.com.tr" site_id="249" xmltv_id="SINETURK">SINETURK</channel>
    <channel update="i" site="dsmart.com.tr" site_id="206" xmltv_id="YESILCAM SMART">YESILCAM SMART</channel>
    <channel update="i" site="dsmart.com.tr" site_id="8361" xmltv_id="Show TV">Show TV</channel>
    <channel update="i" site="dsmart.com.tr" site_id="8301" xmltv_id="Kanal 7">Kanal 7</channel>
    <channel update="i" site="dsmart.com.tr" site_id="9061" xmltv_id="Samanyolu TV Turkiye">Samanyolu TV Turkiye</channel>
    <channel update="i" site="dsmart.com.tr" site_id="9041" xmltv_id="FOX">FOX</channel>
    <channel update="i" site="dsmart.com.tr" site_id="8743" xmltv_id="e2">e2</channel>
    <channel update="i" site="dsmart.com.tr" site_id="8541" xmltv_id="TV 8">TV 8</channel>
    <channel update="i" site="dsmart.com.tr" site_id="8071" xmltv_id="KANALTURK">KANALTURK</channel>
    <channel update="i" site="dsmart.com.tr" site_id="9965" xmltv_id="BEYAZ TV">BEYAZ TV</channel>
    <channel update="i" site="dsmart.com.tr" site_id="9181" xmltv_id="Kanal A">Kanal A</channel>
    <channel update="i" site="dsmart.com.tr" site_id="9441" xmltv_id="Cine 5">Cine 5</channel>
    <channel update="i" site="dsmart.com.tr" site_id="145" xmltv_id="PLANET SINEMA">PLANET SINEMA</channel>
    <channel update="i" site="dsmart.com.tr" site_id="146" xmltv_id="PLANET TURK">PLANET TURK</channel>
    <channel update="i" site="dsmart.com.tr" site_id="103" xmltv_id="EURO D">EURO D</channel>
    <channel update="i" site="dsmart.com.tr" site_id="9563" xmltv_id="EURO STAR YENI">EURO STAR YENI</channel>
    <channel update="i" site="dsmart.com.tr" site_id="844" xmltv_id="SINEPLUS">SINEPLUS</channel>
    <channel update="i" site="dsmart.com.tr" site_id="828" xmltv_id="SMART SINEGOLD">SMART SINEGOLD</channel>
    <channel update="i" site="dsmart.com.tr" site_id="9643" xmltv_id="SINEMA TV MTV">SINEMA TV MTV</channel>
    <channel update="i" site="dsmart.com.tr" site_id="9644" xmltv_id="SINEMA TV2 MTV">SINEMA TV2 MTV</channel>
    <channel update="i" site="dsmart.com.tr" site_id="9645" xmltv_id="SINEMA TV AILE MTV">SINEMA TV AILE MTV</channel>
    <channel update="i" site="dsmart.com.tr" site_id="9652" xmltv_id="SINEMA TV 1001">SINEMA TV 1001</channel>
    <channel update="i" site="dsmart.com.tr" site_id="201" xmltv_id="FX">FX</channel>
    <channel update="i" site="dsmart.com.tr" site_id="852" xmltv_id="FOX CRIME SD">FOX CRIME SD</channel>
    <channel update="i" site="dsmart.com.tr" site_id="846" xmltv_id="DIZISMART">DIZISMART</channel>
    <channel update="i" site="dsmart.com.tr" site_id="238" xmltv_id="MAX SMART">MAX SMART</channel>
    <channel update="i" site="dsmart.com.tr" site_id="109" xmltv_id="TV2">TV2</channel>
    <channel update="i" site="dsmart.com.tr" site_id="516" xmltv_id="KANAL D">KANAL D</channel>
    <channel update="i" site="dsmart.com.tr" site_id="8754" xmltv_id="STAR TV NTV">STAR TV NTV</channel>
    <channel update="i" site="dsmart.com.tr" site_id="8171" xmltv_id="ATV SD">ATV SD</channel>
    <channel update="i" site="dsmart.com.tr" site_id="8821" xmltv_id="TRT 1">TRT 1</channel>
    <channel update="i" site="dsmart.com.tr" site_id="706" xmltv_id="FXHD">FXHD</channel>
    <channel update="i" site="dsmart.com.tr" site_id="707" xmltv_id="FOXCRIMEHD">FOXCRIMEHD</channel>
    <channel update="i" site="dsmart.com.tr" site_id="701" xmltv_id="HDe YENI">HDe YENI</channel>
    <channel update="i" site="dsmart.com.tr" site_id="607" xmltv_id="DIZISMART HD">DIZISMART HD</channel>
    <channel update="i" site="dsmart.com.tr" site_id="614" xmltv_id="MAX SMART HD">MAX SMART HD</channel>
    <channel update="i" site="dsmart.com.tr" site_id="601" xmltv_id="KANAL D HD">KANAL D HD</channel>
    <channel update="i" site="dsmart.com.tr" site_id="8755" xmltv_id="Star TV HD">Star TV HD</channel>
    <channel update="i" site="dsmart.com.tr" site_id="8181" xmltv_id="ATV HD">ATV HD</channel>
    <channel update="i" site="dsmart.com.tr" site_id="8162" xmltv_id="TRT 1 HD">TRT 1 HD</channel>
    <channel update="i" site="dsmart.com.tr" site_id="603" xmltv_id="SMART 3D">SMART 3D</channel>
    <channel update="i" site="dsmart.com.tr" site_id="1603" xmltv_id="Smart HD">Smart HD</channel>
    <channel update="i" site="dsmart.com.tr" site_id="8161" xmltv_id="TRT HD">TRT HD</channel>
    <channel update="i" site="dsmart.com.tr" site_id="8361" xmltv_id="Show TV">Show TV</channel>
    <channel update="i" site="dsmart.com.tr" site_id="8301" xmltv_id="Kanal 7">Kanal 7</channel>
    <channel update="i" site="dsmart.com.tr" site_id="9061" xmltv_id="Samanyolu TV Turkiye">Samanyolu TV Turkiye</channel>
    <channel update="i" site="dsmart.com.tr" site_id="9041" xmltv_id="FOX">FOX</channel>
    <channel update="i" site="dsmart.com.tr" site_id="8742" xmltv_id="Cnbc-e">Cnbc-e</channel>
    <channel update="i" site="dsmart.com.tr" site_id="8743" xmltv_id="e2">e2</channel>
    <channel update="i" site="dsmart.com.tr" site_id="8541" xmltv_id="TV 8">TV 8</channel>
    <channel update="i" site="dsmart.com.tr" site_id="8071" xmltv_id="KANALTURK">KANALTURK</channel>
    <channel update="i" site="dsmart.com.tr" site_id="9965" xmltv_id="BEYAZ TV">BEYAZ TV</channel>
    <channel update="i" site="dsmart.com.tr" site_id="9181" xmltv_id="Kanal A">Kanal A</channel>
    <channel update="i" site="dsmart.com.tr" site_id="9441" xmltv_id="Cine 5">Cine 5</channel>
    <channel update="i" site="dsmart.com.tr" site_id="144" xmltv_id="PLANET PEMBE">PLANET PEMBE</channel>
    <channel update="i" site="dsmart.com.tr" site_id="103" xmltv_id="EURO D">EURO D</channel>
    <channel update="i" site="dsmart.com.tr" site_id="9563" xmltv_id="EURO STAR YENI">EURO STAR YENI</channel>
    <channel update="i" site="dsmart.com.tr" site_id="109" xmltv_id="TV2">TV2</channel>
    <channel update="i" site="dsmart.com.tr" site_id="9648" xmltv_id="BBC HD">BBC HD</channel>
    <channel update="i" site="dsmart.com.tr" site_id="604" xmltv_id="TV2 HD">TV2 HD</channel>
    <channel update="i" site="dsmart.com.tr" site_id="704" xmltv_id="24 KITCHEN HD">24 KITCHEN HD</channel>
    <channel update="i" site="dsmart.com.tr" site_id="705" xmltv_id="TRAVEL CHANNEL HD">TRAVEL CHANNEL HD</channel>
    <channel update="i" site="dsmart.com.tr" site_id="708" xmltv_id="DISCOVERY HD SHOWCASE">DISCOVERY HD SHOWCASE</channel>
    <channel update="i" site="dsmart.com.tr" site_id="709" xmltv_id="ANIMAL PLANET HD YENI">ANIMAL PLANET HD YENI</channel>
    <channel update="i" site="dsmart.com.tr" site_id="833" xmltv_id="DISCOVERY CHANNEL">DISCOVERY CHANNEL</channel>
    <channel update="i" site="dsmart.com.tr" site_id="834" xmltv_id="ANIMAL PLANET">ANIMAL PLANET</channel>
    <channel update="i" site="dsmart.com.tr" site_id="836" xmltv_id="SCIENCE">SCIENCE</channel>
    <channel update="i" site="dsmart.com.tr" site_id="835" xmltv_id="WORLD">WORLD</channel>
    <channel update="i" site="dsmart.com.tr" site_id="838" xmltv_id="ID">ID</channel>
    <channel update="i" site="dsmart.com.tr" site_id="8837" xmltv_id="TRT TURIZM VE BELGESEL">TRT TURIZM VE BELGESEL</channel>
    <channel update="i" site="dsmart.com.tr" site_id="9642" xmltv_id="SCI-TECH TV">SCI-TECH TV</channel>
    <channel update="i" site="dsmart.com.tr" site_id="246" xmltv_id="ANIMAUX">ANIMAUX</channel>
    <channel update="i" site="dsmart.com.tr" site_id="245" xmltv_id="CHASSE&amp;PECHE">CHASSE&amp;PECHE</channel>
    <channel update="i" site="dsmart.com.tr" site_id="9907" xmltv_id="TARIM TURK TV">TARIM TURK TV</channel>
    <channel update="i" site="dsmart.com.tr" site_id="8006" xmltv_id="EXPO CHANNEL">EXPO CHANNEL</channel>
    <channel update="i" site="dsmart.com.tr" site_id="9591" xmltv_id="TRT ANADOLU">TRT ANADOLU</channel>
    <channel update="i" site="dsmart.com.tr" site_id="232" xmltv_id="DA VINCI LEARNING">DA VINCI LEARNING</channel>
    <channel update="i" site="dsmart.com.tr" site_id="8009" xmltv_id="YABAN TV">YABAN TV</channel>
    <channel update="i" site="dsmart.com.tr" site_id="8003" xmltv_id="WORLD TRAVEL CHANNEL">WORLD TRAVEL CHANNEL</channel>
    <channel update="i" site="dsmart.com.tr" site_id="532" xmltv_id="HTV">HTV</channel>
    <channel update="i" site="dsmart.com.tr" site_id="511" xmltv_id="CARTOON NETWORK">CARTOON NETWORK</channel>
    <channel update="i" site="dsmart.com.tr" site_id="208" xmltv_id="SMART COCUK">SMART COCUK</channel>
    <channel update="i" site="dsmart.com.tr" site_id="232" xmltv_id="DA VINCI LEARNING">DA VINCI LEARNING</channel>
    <channel update="i" site="dsmart.com.tr" site_id="849" xmltv_id="KIDSCO">KIDSCO</channel>
    <channel update="i" site="dsmart.com.tr" site_id="8173" xmltv_id="MINIKA GO">MINIKA GO</channel>
    <channel update="i" site="dsmart.com.tr" site_id="8825" xmltv_id="TRT 4">TRT 4</channel>
    <channel update="i" site="dsmart.com.tr" site_id="143" xmltv_id="PLANET COCUK">PLANET COCUK</channel>
    <channel update="i" site="dsmart.com.tr" site_id="8870" xmltv_id="YUMURCAK TV">YUMURCAK TV</channel>
    <channel update="i" site="dsmart.com.tr" site_id="850" xmltv_id="LULI BEBEGIM">LULI BEBEGIM</channel>
    <channel update="i" site="dsmart.com.tr" site_id="9641" xmltv_id="ANIMEX">ANIMEX</channel>
    <channel update="i" site="dsmart.com.tr" site_id="9901" xmltv_id="DISNEY CHANNEL">DISNEY CHANNEL</channel>
    <channel update="i" site="dsmart.com.tr" site_id="8175" xmltv_id="MINIKA COCUK">MINIKA COCUK</channel>
    <channel update="i" site="dsmart.com.tr" site_id="203" xmltv_id="D-SMART PROMO">D-SMART PROMO</channel>
    <channel update="i" site="dsmart.com.tr" site_id="517" xmltv_id="D SHOPPING">D SHOPPING</channel>
    <channel update="i" site="dsmart.com.tr" site_id="242" xmltv_id="STYLE NETWORK">STYLE NETWORK</channel>
    <channel update="i" site="dsmart.com.tr" site_id="841" xmltv_id="MYZEN TV">MYZEN TV</channel>
    <channel update="i" site="dsmart.com.tr" site_id="8006" xmltv_id="EXPO CHANNEL">EXPO CHANNEL</channel>
    <channel update="i" site="dsmart.com.tr" site_id="8838" xmltv_id="TRT OKUL">TRT OKUL</channel>
    <channel update="i" site="dsmart.com.tr" site_id="8121" xmltv_id="AKILLI TV">AKILLI TV</channel>
    <channel update="i" site="dsmart.com.tr" site_id="8122" xmltv_id="SAGLIK TV">SAGLIK TV</channel>
    <channel update="i" site="dsmart.com.tr" site_id="532" xmltv_id="HTV">HTV</channel>
    <channel update="i" site="dsmart.com.tr" site_id="9993" xmltv_id="TRT MUZIK">TRT MUZIK</channel>
    <channel update="i" site="dsmart.com.tr" site_id="831" xmltv_id="DREAM TV">DREAM TV</channel>
    <channel update="i" site="dsmart.com.tr" site_id="832" xmltv_id="DREAMTURK">DREAMTURK</channel>
    <channel update="i" site="dsmart.com.tr" site_id="9905" xmltv_id="TMB DOGU">TMB DOGU</channel>
    <channel update="i" site="dsmart.com.tr" site_id="8008" xmltv_id="NUMBER ONE TV">NUMBER ONE TV</channel>
    <channel update="i" site="dsmart.com.tr" site_id="8007" xmltv_id="FASHION ONE TV">FASHION ONE TV</channel>
    <channel update="i" site="dsmart.com.tr" site_id="8744" xmltv_id="KRAL POP">KRAL POP</channel>
    <channel update="i" site="dsmart.com.tr" site_id="9562" xmltv_id="KRAL TV">KRAL TV</channel>
    <channel update="i" site="dsmart.com.tr" site_id="8001" xmltv_id="POWERTURK TV">POWERTURK TV</channel>
    <channel update="i" site="dsmart.com.tr" site_id="8012" xmltv_id="KARADENIZ TV">KARADENIZ TV</channel>
    <channel update="i" site="dsmart.com.tr" site_id="8069" xmltv_id="MMC">MMC</channel>
    <channel update="i" site="dsmart.com.tr" site_id="9906" xmltv_id="KARADENIZ TURK">KARADENIZ TURK</channel>
    <channel update="i" site="dsmart.com.tr" site_id="8061" xmltv_id="GENC TV">GENC TV</channel>
    <channel update="i" site="dsmart.com.tr" site_id="8013" xmltv_id="MAVI KARADENIZ TV">MAVI KARADENIZ TV</channel>
    <channel update="i" site="dsmart.com.tr" site_id="8951" xmltv_id="TATLISES TV">TATLISES TV</channel>
    <channel update="i" site="dsmart.com.tr" site_id="603" xmltv_id="SMART 3D">SMART 3D</channel>
    <channel update="i" site="dsmart.com.tr" site_id="1603" xmltv_id="Smart HD">Smart HD</channel>
    <channel update="i" site="dsmart.com.tr" site_id="702" xmltv_id="NBA TV HD">NBA TV HD</channel>
    <channel update="i" site="dsmart.com.tr" site_id="617" xmltv_id="SMART SPOR HD">SMART SPOR HD</channel>
    <channel update="i" site="dsmart.com.tr" site_id="612" xmltv_id="SMART SPOR 2 HD">SMART SPOR 2 HD</channel>
    <channel update="i" site="dsmart.com.tr" site_id="703" xmltv_id="FOX SPORTS HD">FOX SPORTS HD</channel>
    <channel update="i" site="dsmart.com.tr" site_id="602" xmltv_id="EUROSPORT HD">EUROSPORT HD</channel>
    <channel update="i" site="dsmart.com.tr" site_id="711" xmltv_id="THE FIGHT NETWORK">THE FIGHT NETWORK</channel>
    <channel update="i" site="dsmart.com.tr" site_id="239" xmltv_id="TAY TV">TAY TV</channel>
    <channel update="i" site="dsmart.com.tr" site_id="248" xmltv_id="EUROSPORT2">EUROSPORT2</channel>
    <channel update="i" site="dsmart.com.tr" site_id="247" xmltv_id="AB MOTOEURS">AB MOTOEURS</channel>
    <channel update="i" site="dsmart.com.tr" site_id="8382" xmltv_id="fb tv">fb tv</channel>
    <channel update="i" site="dsmart.com.tr" site_id="8386" xmltv_id="SPORTS TV">SPORTS TV</channel>
    <channel update="i" site="dsmart.com.tr" site_id="8748" xmltv_id="NTV SPOR">NTV SPOR</channel>
    <channel update="i" site="dsmart.com.tr" site_id="9996" xmltv_id="TRT SPOR">TRT SPOR</channel>
    <channel update="i" site="dsmart.com.tr" site_id="8824" xmltv_id="TRT 3">TRT 3</channel>
    <channel update="i" site="dsmart.com.tr" site_id="252" xmltv_id="NBA TV SD">NBA TV SD</channel>
    <channel update="i" site="dsmart.com.tr" site_id="251" xmltv_id="SMART SPOR">SMART SPOR</channel>
    <channel update="i" site="dsmart.com.tr" site_id="240" xmltv_id="SMART SPOR 2">SMART SPOR 2</channel>
    <channel update="i" site="dsmart.com.tr" site_id="847" xmltv_id="EUROSPORT">EUROSPORT</channel>
    <channel update="i" site="dsmart.com.tr" site_id="605" xmltv_id="CNN TURK HD">CNN TURK HD</channel>
    <channel update="i" site="dsmart.com.tr" site_id="8182" xmltv_id="A HABER HD">A HABER HD</channel>
    <channel update="i" site="dsmart.com.tr" site_id="8741" xmltv_id="NTV Turkiye">NTV Turkiye</channel>
    <channel update="i" site="dsmart.com.tr" site_id="8822" xmltv_id="TRT 2">TRT 2</channel>
    <channel update="i" site="dsmart.com.tr" site_id="9022" xmltv_id="HABERTURK">HABERTURK</channel>
    <channel update="i" site="dsmart.com.tr" site_id="9741" xmltv_id="24">24</channel>
    <channel update="i" site="dsmart.com.tr" site_id="8742" xmltv_id="Cnbc-e">Cnbc-e</channel>
    <channel update="i" site="dsmart.com.tr" site_id="8281" xmltv_id="TV NET">TV NET</channel>
    <channel update="i" site="dsmart.com.tr" site_id="9221" xmltv_id="Sky Turk">Sky Turk</channel>
    <channel update="i" site="dsmart.com.tr" site_id="9021" xmltv_id="BLOOMBERG HT">BLOOMBERG HT</channel>
    <channel update="i" site="dsmart.com.tr" site_id="9042" xmltv_id="TGRT Haber">TGRT Haber</channel>
    <channel update="i" site="dsmart.com.tr" site_id="8863" xmltv_id="Samanyolu Haber">Samanyolu Haber</channel>
    <channel update="i" site="dsmart.com.tr" site_id="8073" xmltv_id="BUGUN TV">BUGUN TV</channel>
    <channel update="i" site="dsmart.com.tr" site_id="9083" xmltv_id="ULKE TV">ULKE TV</channel>
    <channel update="i" site="dsmart.com.tr" site_id="821" xmltv_id="CNN INTERNATIONAL">CNN INTERNATIONAL</channel>
    <channel update="i" site="dsmart.com.tr" site_id="101" xmltv_id="CNN TURK">CNN TURK</channel>
    <channel update="i" site="dsmart.com.tr" site_id="8174" xmltv_id="A HABER">A HABER</channel>
    <channel update="i" site="dsmart.com.tr" site_id="613" xmltv_id="PENTHOUSE HD">PENTHOUSE HD</channel>
    <channel update="i" site="dsmart.com.tr" site_id="712" xmltv_id="PENTHOUSE 3D">PENTHOUSE 3D</channel>
    <channel update="i" site="dsmart.com.tr" site_id="217" xmltv_id="MARC DORCEL">MARC DORCEL</channel>
    <channel update="i" site="dsmart.com.tr" site_id="243" xmltv_id="PENTHOUSE">PENTHOUSE</channel>
    <channel update="i" site="dsmart.com.tr" site_id="609" xmltv_id="SINEPLUS HD">SINEPLUS HD</channel>
    <channel update="i" site="dsmart.com.tr" site_id="610" xmltv_id="SMART SINEGOLD HD">SMART SINEGOLD HD</channel>
    <channel update="i" site="dsmart.com.tr" site_id="710" xmltv_id="SINEGOLD 2 HD">SINEGOLD 2 HD</channel>
    <channel update="i" site="dsmart.com.tr" site_id="9646" xmltv_id="SINEMA TV HD1">SINEMA TV HD1</channel>
    <channel update="i" site="dsmart.com.tr" site_id="9647" xmltv_id="SINEMA TV HD2">SINEMA TV HD2</channel>
    <channel update="i" site="dsmart.com.tr" site_id="9654" xmltv_id="SINEMA TV AILE HD">SINEMA TV AILE HD</channel>
    <channel update="i" site="dsmart.com.tr" site_id="9653" xmltv_id="SINEMA TV 1001 HD">SINEMA TV 1001 HD</channel>
    <channel update="i" site="dsmart.com.tr" site_id="706" xmltv_id="FXHD">FXHD</channel>
    <channel update="i" site="dsmart.com.tr" site_id="707" xmltv_id="FOXCRIMEHD">FOXCRIMEHD</channel>
    <channel update="i" site="dsmart.com.tr" site_id="9648" xmltv_id="BBC HD">BBC HD</channel>
    <channel update="i" site="dsmart.com.tr" site_id="701" xmltv_id="HDe YENI">HDe YENI</channel>
    <channel update="i" site="dsmart.com.tr" site_id="607" xmltv_id="DIZISMART HD">DIZISMART HD</channel>
    <channel update="i" site="dsmart.com.tr" site_id="614" xmltv_id="MAX SMART HD">MAX SMART HD</channel>
    <channel update="i" site="dsmart.com.tr" site_id="604" xmltv_id="TV2 HD">TV2 HD</channel>
    <channel update="i" site="dsmart.com.tr" site_id="601" xmltv_id="KANAL D HD">KANAL D HD</channel>
    <channel update="i" site="dsmart.com.tr" site_id="8755" xmltv_id="Star TV HD">Star TV HD</channel>
    <channel update="i" site="dsmart.com.tr" site_id="8181" xmltv_id="ATV HD">ATV HD</channel>
    <channel update="i" site="dsmart.com.tr" site_id="8162" xmltv_id="TRT 1 HD">TRT 1 HD</channel>
    <channel update="i" site="dsmart.com.tr" site_id="605" xmltv_id="CNN TURK HD">CNN TURK HD</channel>
    <channel update="i" site="dsmart.com.tr" site_id="8182" xmltv_id="A HABER HD">A HABER HD</channel>
    <channel update="i" site="dsmart.com.tr" site_id="704" xmltv_id="24 KITCHEN HD">24 KITCHEN HD</channel>
    <channel update="i" site="dsmart.com.tr" site_id="603" xmltv_id="SMART 3D">SMART 3D</channel>
    <channel update="i" site="dsmart.com.tr" site_id="1603" xmltv_id="Smart HD">Smart HD</channel>
    <channel update="i" site="dsmart.com.tr" site_id="705" xmltv_id="TRAVEL CHANNEL HD">TRAVEL CHANNEL HD</channel>
    <channel update="i" site="dsmart.com.tr" site_id="708" xmltv_id="DISCOVERY HD SHOWCASE">DISCOVERY HD SHOWCASE</channel>
    <channel update="i" site="dsmart.com.tr" site_id="709" xmltv_id="ANIMAL PLANET HD YENI">ANIMAL PLANET HD YENI</channel>
    <channel update="i" site="dsmart.com.tr" site_id="8161" xmltv_id="TRT HD">TRT HD</channel>
    <channel update="i" site="dsmart.com.tr" site_id="702" xmltv_id="NBA TV HD">NBA TV HD</channel>
    <channel update="i" site="dsmart.com.tr" site_id="617" xmltv_id="SMART SPOR HD">SMART SPOR HD</channel>
    <channel update="i" site="dsmart.com.tr" site_id="612" xmltv_id="SMART SPOR 2 HD">SMART SPOR 2 HD</channel>
    <channel update="i" site="dsmart.com.tr" site_id="703" xmltv_id="FOX SPORTS HD">FOX SPORTS HD</channel>
    <channel update="i" site="dsmart.com.tr" site_id="602" xmltv_id="EUROSPORT HD">EUROSPORT HD</channel>
    <channel update="i" site="dsmart.com.tr" site_id="711" xmltv_id="THE FIGHT NETWORK">THE FIGHT NETWORK</channel>
    <channel update="i" site="dsmart.com.tr" site_id="9763" xmltv_id="SEMERKAND TV HD">SEMERKAND TV HD</channel>
    <channel update="i" site="dsmart.com.tr" site_id="613" xmltv_id="PENTHOUSE HD">PENTHOUSE HD</channel>
    <channel update="i" site="dsmart.com.tr" site_id="712" xmltv_id="PENTHOUSE 3D">PENTHOUSE 3D</channel>
    <channel update="i" site="dsmart.com.tr" site_id="601" xmltv_id="KANAL D HD">KANAL D HD</channel>
    <channel update="i" site="dsmart.com.tr" site_id="8755" xmltv_id="Star TV HD">Star TV HD</channel>
    <channel update="i" site="dsmart.com.tr" site_id="8181" xmltv_id="ATV HD">ATV HD</channel>
    <channel update="i" site="dsmart.com.tr" site_id="8162" xmltv_id="TRT 1 HD">TRT 1 HD</channel>
    <channel update="i" site="dsmart.com.tr" site_id="605" xmltv_id="CNN TURK HD">CNN TURK HD</channel>
    <channel update="i" site="dsmart.com.tr" site_id="8182" xmltv_id="A HABER HD">A HABER HD</channel>
    <channel update="i" site="dsmart.com.tr" site_id="8161" xmltv_id="TRT HD">TRT HD</channel>
    <channel update="i" site="dsmart.com.tr" site_id="9763" xmltv_id="SEMERKAND TV HD">SEMERKAND TV HD</channel>
    <channel update="i" site="dsmart.com.tr" site_id="203" xmltv_id="D-SMART PROMO">D-SMART PROMO</channel>
    <channel update="i" site="dsmart.com.tr" site_id="8361" xmltv_id="Show TV">Show TV</channel>
    <channel update="i" site="dsmart.com.tr" site_id="8301" xmltv_id="Kanal 7">Kanal 7</channel>
    <channel update="i" site="dsmart.com.tr" site_id="9061" xmltv_id="Samanyolu TV Turkiye">Samanyolu TV Turkiye</channel>
    <channel update="i" site="dsmart.com.tr" site_id="9041" xmltv_id="FOX">FOX</channel>
    <channel update="i" site="dsmart.com.tr" site_id="8741" xmltv_id="NTV Turkiye">NTV Turkiye</channel>
    <channel update="i" site="dsmart.com.tr" site_id="8822" xmltv_id="TRT 2">TRT 2</channel>
    <channel update="i" site="dsmart.com.tr" site_id="9022" xmltv_id="HABERTURK">HABERTURK</channel>
    <channel update="i" site="dsmart.com.tr" site_id="9741" xmltv_id="24">24</channel>
    <channel update="i" site="dsmart.com.tr" site_id="8742" xmltv_id="Cnbc-e">Cnbc-e</channel>
    <channel update="i" site="dsmart.com.tr" site_id="8541" xmltv_id="TV 8">TV 8</channel>
    <channel update="i" site="dsmart.com.tr" site_id="8071" xmltv_id="KANALTURK">KANALTURK</channel>
    <channel update="i" site="dsmart.com.tr" site_id="9965" xmltv_id="BEYAZ TV">BEYAZ TV</channel>
    <channel update="i" site="dsmart.com.tr" site_id="8281" xmltv_id="TV NET">TV NET</channel>
    <channel update="i" site="dsmart.com.tr" site_id="9181" xmltv_id="Kanal A">Kanal A</channel>
    <channel update="i" site="dsmart.com.tr" site_id="9221" xmltv_id="Sky Turk">Sky Turk</channel>
    <channel update="i" site="dsmart.com.tr" site_id="9021" xmltv_id="BLOOMBERG HT">BLOOMBERG HT</channel>
    <channel update="i" site="dsmart.com.tr" site_id="9042" xmltv_id="TGRT Haber">TGRT Haber</channel>
    <channel update="i" site="dsmart.com.tr" site_id="8863" xmltv_id="Samanyolu Haber">Samanyolu Haber</channel>
    <channel update="i" site="dsmart.com.tr" site_id="8073" xmltv_id="BUGUN TV">BUGUN TV</channel>
    <channel update="i" site="dsmart.com.tr" site_id="9441" xmltv_id="Cine 5">Cine 5</channel>
    <channel update="i" site="dsmart.com.tr" site_id="9083" xmltv_id="ULKE TV">ULKE TV</channel>
    <channel update="i" site="dsmart.com.tr" site_id="517" xmltv_id="D SHOPPING">D SHOPPING</channel>
    <channel update="i" site="dsmart.com.tr" site_id="8837" xmltv_id="TRT TURIZM VE BELGESEL">TRT TURIZM VE BELGESEL</channel>
    <channel update="i" site="dsmart.com.tr" site_id="239" xmltv_id="TAY TV">TAY TV</channel>
    <channel update="i" site="dsmart.com.tr" site_id="8382" xmltv_id="fb tv">fb tv</channel>
    <channel update="i" site="dsmart.com.tr" site_id="8386" xmltv_id="SPORTS TV">SPORTS TV</channel>
    <channel update="i" site="dsmart.com.tr" site_id="8748" xmltv_id="NTV SPOR">NTV SPOR</channel>
    <channel update="i" site="dsmart.com.tr" site_id="9996" xmltv_id="TRT SPOR">TRT SPOR</channel>
    <channel update="i" site="dsmart.com.tr" site_id="8388" xmltv_id="ZTV BILGI">ZTV BILGI</channel>
    <channel update="i" site="dsmart.com.tr" site_id="8946" xmltv_id="ULUSAL TV">ULUSAL TV</channel>
    <channel update="i" site="dsmart.com.tr" site_id="8387" xmltv_id="tv em">tv em</channel>
    <channel update="i" site="dsmart.com.tr" site_id="9907" xmltv_id="TARIM TURK TV">TARIM TURK TV</channel>
    <channel update="i" site="dsmart.com.tr" site_id="8017" xmltv_id="EGE TV YENI">EGE TV YENI</channel>
    <channel update="i" site="dsmart.com.tr" site_id="9587" xmltv_id="KANAL T">KANAL T</channel>
    <channel update="i" site="dsmart.com.tr" site_id="144" xmltv_id="PLANET PEMBE">PLANET PEMBE</channel>
    <channel update="i" site="dsmart.com.tr" site_id="145" xmltv_id="PLANET SINEMA">PLANET SINEMA</channel>
    <channel update="i" site="dsmart.com.tr" site_id="146" xmltv_id="PLANET TURK">PLANET TURK</channel>
    <channel update="i" site="dsmart.com.tr" site_id="8006" xmltv_id="EXPO CHANNEL">EXPO CHANNEL</channel>
    <channel update="i" site="dsmart.com.tr" site_id="8824" xmltv_id="TRT 3">TRT 3</channel>
    <channel update="i" site="dsmart.com.tr" site_id="9591" xmltv_id="TRT ANADOLU">TRT ANADOLU</channel>
    <channel update="i" site="dsmart.com.tr" site_id="9585" xmltv_id="TRT6">TRT6</channel>
    <channel update="i" site="dsmart.com.tr" site_id="8838" xmltv_id="TRT OKUL">TRT OKUL</channel>
    <channel update="i" site="dsmart.com.tr" site_id="9991" xmltv_id="TRT AVAZ DOGU">TRT AVAZ DOGU</channel>
    <channel update="i" site="dsmart.com.tr" site_id="9995" xmltv_id="TRT ARAPCA">TRT ARAPCA</channel>
    <channel update="i" site="dsmart.com.tr" site_id="8823" xmltv_id="TRT TURK">TRT TURK</channel>
    <channel update="i" site="dsmart.com.tr" site_id="9993" xmltv_id="TRT MUZIK">TRT MUZIK</channel>
    <channel update="i" site="dsmart.com.tr" site_id="831" xmltv_id="DREAM TV">DREAM TV</channel>
    <channel update="i" site="dsmart.com.tr" site_id="832" xmltv_id="DREAMTURK">DREAMTURK</channel>
    <channel update="i" site="dsmart.com.tr" site_id="9905" xmltv_id="TMB DOGU">TMB DOGU</channel>
    <channel update="i" site="dsmart.com.tr" site_id="8008" xmltv_id="NUMBER ONE TV">NUMBER ONE TV</channel>
    <channel update="i" site="dsmart.com.tr" site_id="8007" xmltv_id="FASHION ONE TV">FASHION ONE TV</channel>
    <channel update="i" site="dsmart.com.tr" site_id="8744" xmltv_id="KRAL POP">KRAL POP</channel>
    <channel update="i" site="dsmart.com.tr" site_id="9562" xmltv_id="KRAL TV">KRAL TV</channel>
    <channel update="i" site="dsmart.com.tr" site_id="8001" xmltv_id="POWERTURK TV">POWERTURK TV</channel>
    <channel update="i" site="dsmart.com.tr" site_id="511" xmltv_id="CARTOON NETWORK">CARTOON NETWORK</channel>
    <channel update="i" site="dsmart.com.tr" site_id="8173" xmltv_id="MINIKA GO">MINIKA GO</channel>
    <channel update="i" site="dsmart.com.tr" site_id="8825" xmltv_id="TRT 4">TRT 4</channel>
    <channel update="i" site="dsmart.com.tr" site_id="143" xmltv_id="PLANET COCUK">PLANET COCUK</channel>
    <channel update="i" site="dsmart.com.tr" site_id="8870" xmltv_id="YUMURCAK TV">YUMURCAK TV</channel>
    <channel update="i" site="dsmart.com.tr" site_id="9641" xmltv_id="ANIMEX">ANIMEX</channel>
    <channel update="i" site="dsmart.com.tr" site_id="9901" xmltv_id="DISNEY CHANNEL">DISNEY CHANNEL</channel>
    <channel update="i" site="dsmart.com.tr" site_id="8175" xmltv_id="MINIKA COCUK">MINIKA COCUK</channel>
    <channel update="i" site="dsmart.com.tr" site_id="9590" xmltv_id="KANAL 3">KANAL 3</channel>
    <channel update="i" site="dsmart.com.tr" site_id="9978" xmltv_id="TV 5">TV 5</channel>
    <channel update="i" site="dsmart.com.tr" site_id="9588" xmltv_id="TEK RUMELI TV">TEK RUMELI TV</channel>
    <channel update="i" site="dsmart.com.tr" site_id="9589" xmltv_id="HILAL TV">HILAL TV</channel>
    <channel update="i" site="dsmart.com.tr" site_id="8389" xmltv_id="KONYA TV">KONYA TV</channel>
    <channel update="i" site="dsmart.com.tr" site_id="8862" xmltv_id="Mehtap">Mehtap</channel>
    <channel update="i" site="dsmart.com.tr" site_id="8012" xmltv_id="KARADENIZ TV">KARADENIZ TV</channel>
    <channel update="i" site="dsmart.com.tr" site_id="9656" xmltv_id="IMPARATOR TV">IMPARATOR TV</channel>
    <channel update="i" site="dsmart.com.tr" site_id="8069" xmltv_id="MMC">MMC</channel>
    <channel update="i" site="dsmart.com.tr" site_id="9581" xmltv_id="KANAL 35">KANAL 35</channel>
    <channel update="i" site="dsmart.com.tr" site_id="8004" xmltv_id="CAY TV">CAY TV</channel>
    <channel update="i" site="dsmart.com.tr" site_id="9906" xmltv_id="KARADENIZ TURK">KARADENIZ TURK</channel>
    <channel update="i" site="dsmart.com.tr" site_id="8070" xmltv_id="BERAT">BERAT</channel>
    <channel update="i" site="dsmart.com.tr" site_id="9087" xmltv_id="YURDUM TV">YURDUM TV</channel>
    <channel update="i" site="dsmart.com.tr" site_id="9902" xmltv_id="BENGUTURK">BENGUTURK</channel>
    <channel update="i" site="dsmart.com.tr" site_id="8945" xmltv_id="VIZYON TURK">VIZYON TURK</channel>
    <channel update="i" site="dsmart.com.tr" site_id="8009" xmltv_id="YABAN TV">YABAN TV</channel>
    <channel update="i" site="dsmart.com.tr" site_id="8018" xmltv_id="HLT TV">HLT TV</channel>
    <channel update="i" site="dsmart.com.tr" site_id="8121" xmltv_id="AKILLI TV">AKILLI TV</channel>
    <channel update="i" site="dsmart.com.tr" site_id="9961" xmltv_id="KANAL B">KANAL B</channel>
    <channel update="i" site="dsmart.com.tr" site_id="9655" xmltv_id="YAREN TV">YAREN TV</channel>
    <channel update="i" site="dsmart.com.tr" site_id="8003" xmltv_id="WORLD TRAVEL CHANNEL">WORLD TRAVEL CHANNEL</channel>
    <channel update="i" site="dsmart.com.tr" site_id="8381" xmltv_id="BURSA AS TV">BURSA AS TV</channel>
    <channel update="i" site="dsmart.com.tr" site_id="9969" xmltv_id="KANAL 9">KANAL 9</channel>
    <channel update="i" site="dsmart.com.tr" site_id="9766" xmltv_id="VTV">VTV</channel>
    <channel update="i" site="dsmart.com.tr" site_id="9082" xmltv_id="TVT">TVT</channel>
    <channel update="i" site="dsmart.com.tr" site_id="8122" xmltv_id="SAGLIK TV">SAGLIK TV</channel>
    <channel update="i" site="dsmart.com.tr" site_id="8126" xmltv_id="IMC TV">IMC TV</channel>
    <channel update="i" site="dsmart.com.tr" site_id="8871" xmltv_id="DUNYA TV">DUNYA TV</channel>
    <channel update="i" site="dsmart.com.tr" site_id="8067" xmltv_id="MPL TV">MPL TV</channel>
    <channel update="i" site="dsmart.com.tr" site_id="9982" xmltv_id="MESAJ TV">MESAJ TV</channel>
    <channel update="i" site="dsmart.com.tr" site_id="9973" xmltv_id="CEM TV">CEM TV</channel>
    <channel update="i" site="dsmart.com.tr" site_id="9980" xmltv_id="MELTEM TV">MELTEM TV</channel>
    <channel update="i" site="dsmart.com.tr" site_id="8390" xmltv_id="ORDU ALTAS TV">ORDU ALTAS TV</channel>
    <channel update="i" site="dsmart.com.tr" site_id="8463" xmltv_id="BEA TV">BEA TV</channel>
    <channel update="i" site="dsmart.com.tr" site_id="8385" xmltv_id="GALA TV">GALA TV</channel>
    <channel update="i" site="dsmart.com.tr" site_id="8384" xmltv_id="MAXI TV">MAXI TV</channel>
    <channel update="i" site="dsmart.com.tr" site_id="8014" xmltv_id="EL CEZIRE TURK">EL CEZIRE TURK</channel>
    <channel update="i" site="dsmart.com.tr" site_id="8127" xmltv_id="HRT AKDENIZ TV">HRT AKDENIZ TV</channel>
    <channel update="i" site="dsmart.com.tr" site_id="9941" xmltv_id="KANAL 5">KANAL 5</channel>
    <channel update="i" site="dsmart.com.tr" site_id="9979" xmltv_id="ADANA TV">ADANA TV</channel>
    <channel update="i" site="dsmart.com.tr" site_id="8013" xmltv_id="MAVI KARADENIZ TV">MAVI KARADENIZ TV</channel>
    <channel update="i" site="dsmart.com.tr" site_id="8064" xmltv_id="SIPAS VIZYON TV">SIPAS VIZYON TV</channel>
    <channel update="i" site="dsmart.com.tr" site_id="9584" xmltv_id="VATAN TV">VATAN TV</channel>
    <channel update="i" site="dsmart.com.tr" site_id="8005" xmltv_id="RUMELI TV">RUMELI TV</channel>
    <channel update="i" site="dsmart.com.tr" site_id="8941" xmltv_id="KON TV">KON TV</channel>
    <channel update="i" site="dsmart.com.tr" site_id="9964" xmltv_id="OLAY TV 3A">OLAY TV 3A</channel>
    <channel update="i" site="dsmart.com.tr" site_id="8383" xmltv_id="UZAY TV">UZAY TV</channel>
    <channel update="i" site="dsmart.com.tr" site_id="9767" xmltv_id="DOGU TV YENI">DOGU TV YENI</channel>
    <channel update="i" site="dsmart.com.tr" site_id="8063" xmltv_id="GAZIANTEP OLAY TV">GAZIANTEP OLAY TV</channel>
    <channel update="i" site="dsmart.com.tr" site_id="9970" xmltv_id="7/24 TV">7/24 TV</channel>
    <channel update="i" site="dsmart.com.tr" site_id="532" xmltv_id="HTV">HTV</channel>
    <channel update="i" site="dsmart.com.tr" site_id="8942" xmltv_id="HALK TV">HALK TV</channel>
    <channel update="i" site="dsmart.com.tr" site_id="9984" xmltv_id="KADIRGA TV">KADIRGA TV</channel>
    <channel update="i" site="dsmart.com.tr" site_id="8065" xmltv_id="EKIN TV">EKIN TV</channel>
    <channel update="i" site="dsmart.com.tr" site_id="9764" xmltv_id="365 TV">365 TV</channel>
    <channel update="i" site="dsmart.com.tr" site_id="9765" xmltv_id="BERAT TV">BERAT TV</channel>
    <channel update="i" site="dsmart.com.tr" site_id="9908" xmltv_id="VAN TV">VAN TV</channel>
    <channel update="i" site="dsmart.com.tr" site_id="9583" xmltv_id="TV 58">TV 58</channel>
    <channel update="i" site="dsmart.com.tr" site_id="8464" xmltv_id="TV 52">TV 52</channel>
    <channel update="i" site="dsmart.com.tr" site_id="521" xmltv_id="KOCAELI TV">KOCAELI TV</channel>
    <channel update="i" site="dsmart.com.tr" site_id="8106" xmltv_id="KANAL T KKTC">KANAL T KKTC</channel>
    <channel update="i" site="dsmart.com.tr" site_id="148" xmltv_id="MEDYA TV">MEDYA TV</channel>
    <channel update="i" site="dsmart.com.tr" site_id="527" xmltv_id="ANADOLU YURDUM">ANADOLU YURDUM</channel>
    <channel update="i" site="dsmart.com.tr" site_id="8124" xmltv_id="SEBIL TV">SEBIL TV</channel>
    <channel update="i" site="dsmart.com.tr" site_id="8951" xmltv_id="TATLISES TV">TATLISES TV</channel>
    <channel update="i" site="dsmart.com.tr" site_id="8021" xmltv_id="AZ TV">AZ TV</channel>
    <channel update="i" site="dsmart.com.tr" site_id="9251" xmltv_id="AZAD Azerbaycan">AZAD Azerbaycan</channel>
    <channel update="i" site="dsmart.com.tr" site_id="9261" xmltv_id="Hazar TV">Hazar TV</channel>
    <channel update="i" site="dsmart.com.tr" site_id="103" xmltv_id="EURO D">EURO D</channel>
    <channel update="i" site="dsmart.com.tr" site_id="9563" xmltv_id="EURO STAR YENI">EURO STAR YENI</channel>
    <channel update="i" site="dsmart.com.tr" site_id="9992" xmltv_id="EURONEWS TR">EURONEWS TR</channel>
    <channel update="i" site="dsmart.com.tr" site_id="516" xmltv_id="KANAL D">KANAL D</channel>
    <channel update="i" site="dsmart.com.tr" site_id="8754" xmltv_id="STAR TV NTV">STAR TV NTV</channel>
    <channel update="i" site="dsmart.com.tr" site_id="8171" xmltv_id="ATV SD">ATV SD</channel>
    <channel update="i" site="dsmart.com.tr" site_id="8821" xmltv_id="TRT 1">TRT 1</channel>
    <channel update="i" site="dsmart.com.tr" site_id="101" xmltv_id="CNN TURK">CNN TURK</channel>
    <channel update="i" site="dsmart.com.tr" site_id="8174" xmltv_id="A HABER">A HABER</channel>
    <channel update="i" site="dsmart.com.tr" site_id="9762" xmltv_id="SEMERKAND TV">SEMERKAND TV</channel>
    <channel update="i" site="dsmart.com.tr" site_id="821" xmltv_id="CNN INTERNATIONAL">CNN INTERNATIONAL</channel>
    <channel update="i" site="dsmart.com.tr" site_id="504" xmltv_id="NHK WORLD TV">NHK WORLD TV</channel>
    <channel update="i" site="dsmart.com.tr" site_id="9341" xmltv_id="Imedi TV">Imedi TV</channel>
    <channel update="i" site="dsmart.com.tr" site_id="8461" xmltv_id="Al Jazeera Channel">Al Jazeera Channel</channel>
    <channel update="i" site="dsmart.com.tr" site_id="8462" xmltv_id="AL JAZEERA CHANNEL ENGLISH">AL JAZEERA CHANNEL ENGLISH</channel>
    <channel update="i" site="dsmart.com.tr" site_id="4101" xmltv_id="CNBC EUROPE HOTBIRD">CNBC EUROPE HOTBIRD</channel>
    <channel update="i" site="dsmart.com.tr" site_id="4664" xmltv_id="BLOOMBERG TV EU">BLOOMBERG TV EU</channel>
    <channel update="i" site="dsmart.com.tr" site_id="4461" xmltv_id="BBC WORLD">BBC WORLD</channel>
    <channel update="i" site="dsmart.com.tr" site_id="4464" xmltv_id="EURONEWS">EURONEWS</channel>
    <channel update="i" site="dsmart.com.tr" site_id="4604" xmltv_id="AL JAZEERA ENG HB">AL JAZEERA ENG HB</channel>
    <channel update="i" site="dsmart.com.tr" site_id="4081" xmltv_id="RUSSIA TODAY">RUSSIA TODAY</channel>
    <channel update="i" site="dsmart.com.tr" site_id="4041" xmltv_id="FRANCE 24 ENGLISH">FRANCE 24 ENGLISH</channel>
    <channel update="i" site="dsmart.com.tr" site_id="4601" xmltv_id="CCTV NEWS">CCTV NEWS</channel>
    <channel update="i" site="dsmart.com.tr" site_id="4764" xmltv_id="DW-TV">DW-TV</channel>
    <channel update="i" site="dsmart.com.tr" site_id="4042" xmltv_id="FRANCE 24 FRANCAIS">FRANCE 24 FRANCAIS</channel>
    <channel update="i" site="dsmart.com.tr" site_id="4201" xmltv_id="CANAL 24 HORAS">CANAL 24 HORAS</channel>
    <channel update="i" site="dsmart.com.tr" site_id="4941" xmltv_id="RTP INTERNACIONAL">RTP INTERNACIONAL</channel>
    <channel update="i" site="dsmart.com.tr" site_id="4187" xmltv_id="RAI NEWS">RAI NEWS</channel>
    <channel update="i" site="dsmart.com.tr" site_id="4283" xmltv_id="AL JAZEERA HOTBIRD">AL JAZEERA HOTBIRD</channel>
    <channel update="i" site="dsmart.com.tr" site_id="4162" xmltv_id="AL ARABIYA">AL ARABIYA</channel>
    <channel update="i" site="dsmart.com.tr" site_id="4202" xmltv_id="BBC ARABIC">BBC ARABIC</channel>
    <channel update="i" site="dsmart.com.tr" site_id="4362" xmltv_id="RT D">RT D</channel>
    <channel update="i" site="dsmart.com.tr" site_id="4082" xmltv_id="RUSIYA AL YAUM">RUSIYA AL YAUM</channel>
    <channel update="i" site="dsmart.com.tr" site_id="4605" xmltv_id="ROSSIYA 24">ROSSIYA 24</channel>
    <channel update="i" site="dsmart.com.tr" site_id="4303" xmltv_id="CASPIONET">CASPIONET</channel>
    <channel update="i" site="dsmart.com.tr" site_id="4228" xmltv_id="RAI SPORT 1">RAI SPORT 1</channel>
    <channel update="i" site="dsmart.com.tr" site_id="4227" xmltv_id="RAI SPORT 2">RAI SPORT 2</channel>
    <channel update="i" site="dsmart.com.tr" site_id="4241" xmltv_id="SUPER TENNIS">SUPER TENNIS</channel>
    <channel update="i" site="dsmart.com.tr" site_id="4161" xmltv_id="DUBAI SPORTS CHANNEL">DUBAI SPORTS CHANNEL</channel>
    <channel update="i" site="dsmart.com.tr" site_id="4361" xmltv_id="SAUDI SPOR">SAUDI SPOR</channel>
    <channel update="i" site="dsmart.com.tr" site_id="4582" xmltv_id="RTL 2 CH">RTL 2 CH</channel>
    <channel update="i" site="dsmart.com.tr" site_id="4381" xmltv_id="DAS ERSTE">DAS ERSTE</channel>
    <channel update="i" site="dsmart.com.tr" site_id="4522" xmltv_id="ARTE">ARTE</channel>
    <channel update="i" site="dsmart.com.tr" site_id="4663" xmltv_id="TV5 MONDE EUROPE">TV5 MONDE EUROPE</channel>
    <channel update="i" site="dsmart.com.tr" site_id="4181" xmltv_id="RAI UNO">RAI UNO</channel>
    <channel update="i" site="dsmart.com.tr" site_id="4182" xmltv_id="RAI DUE">RAI DUE</channel>
    <channel update="i" site="dsmart.com.tr" site_id="4183" xmltv_id="RAI TRE">RAI TRE</channel>
    <channel update="i" site="dsmart.com.tr" site_id="4230" xmltv_id="RAI STORIA">RAI STORIA</channel>
    <channel update="i" site="dsmart.com.tr" site_id="4222" xmltv_id="RAI GULP">RAI GULP</channel>
    <channel update="i" site="dsmart.com.tr" site_id="4261" xmltv_id="ITALIA 1">ITALIA 1</channel>
    <channel update="i" site="dsmart.com.tr" site_id="4263" xmltv_id="RETE 4">RETE 4</channel>
    <channel update="i" site="dsmart.com.tr" site_id="4262" xmltv_id="CANALE 5">CANALE 5</channel>
    <channel update="i" site="dsmart.com.tr" site_id="4231" xmltv_id="TV 2000">TV 2000</channel>
    <channel update="i" site="dsmart.com.tr" site_id="4205" xmltv_id="TVE INT. EUROPE">TVE INT. EUROPE</channel>
    <channel update="i" site="dsmart.com.tr" site_id="4203" xmltv_id="TELESUR">TELESUR</channel>
    <channel update="i" site="dsmart.com.tr" site_id="4603" xmltv_id="RTR PLANETA">RTR PLANETA</channel>
    <channel update="i" site="dsmart.com.tr" site_id="4521" xmltv_id="K+">K+</channel>
    <channel update="i" site="dsmart.com.tr" site_id="4062" xmltv_id="ERT WORLD">ERT WORLD</channel>
    <channel update="i" site="dsmart.com.tr" site_id="4821" xmltv_id="TVR INT">TVR INT</channel>
    <channel update="i" site="dsmart.com.tr" site_id="4302" xmltv_id="CCTV4">CCTV4</channel>
    <channel update="i" site="dsmart.com.tr" site_id="4061" xmltv_id="BVN">BVN</channel>
    <channel update="i" site="dsmart.com.tr" site_id="4282" xmltv_id="TV MODA">TV MODA</channel>
    <channel update="i" site="dsmart.com.tr" site_id="4785" xmltv_id="TV DISCO">TV DISCO</channel>
    <channel update="i" site="dsmart.com.tr" site_id="4784" xmltv_id="MUSIC BOX RUSSIA">MUSIC BOX RUSSIA</channel>
    <channel update="i" site="dsmart.com.tr" site_id="4822" xmltv_id="RTL 102.5 TV">RTL 102.5 TV</channel>
    <channel update="i" site="dsmart.com.tr" site_id="4942" xmltv_id="ISLAM CHANNEL">ISLAM CHANNEL</channel>
    <channel update="i" site="dsmart.com.tr" site_id="4881" xmltv_id="ABU DHABI TV EUROPE">ABU DHABI TV EUROPE</channel>
    <channel update="i" site="dsmart.com.tr" site_id="4163" xmltv_id="DUBAI TV">DUBAI TV</channel>
    <channel update="i" site="dsmart.com.tr" site_id="4164" xmltv_id="SAMA DUBAI">SAMA DUBAI</channel>
    <channel update="i" site="dsmart.com.tr" site_id="4901" xmltv_id="QATAR TV">QATAR TV</channel>
    <channel update="i" site="dsmart.com.tr" site_id="4903" xmltv_id="KUWAIT TV">KUWAIT TV</channel>
    <channel update="i" site="dsmart.com.tr" site_id="4902" xmltv_id="SAUDI ARABIAN TV 1 SATELLITE">SAUDI ARABIAN TV 1 SATELLITE</channel>
    <channel update="i" site="dsmart.com.tr" site_id="4882" xmltv_id="SAUDI ARABIAN TV 2">SAUDI ARABIAN TV 2</channel>
    <channel update="i" site="dsmart.com.tr" site_id="4021" xmltv_id="AL JAZEERA CHILDREN'S CHANNEL">AL JAZEERA CHILDREN'S CHANNEL</channel>
    <channel update="i" site="dsmart.com.tr" site_id="4281" xmltv_id="AL JAZEERA DOCUMENTARY">AL JAZEERA DOCUMENTARY</channel>
    <channel update="i" site="dsmart.com.tr" site_id="122" xmltv_id="RADYO d">RADYO d</channel>
    <channel update="i" site="dsmart.com.tr" site_id="123" xmltv_id="SLOW TURK">SLOW TURK</channel>
    <channel update="i" site="dsmart.com.tr" site_id="121" xmltv_id="CNN TURK RADYO">CNN TURK RADYO</channel>
    <channel update="i" site="dsmart.com.tr" site_id="8749" xmltv_id="Virgin Radio">Virgin Radio</channel>
    <channel update="i" site="dsmart.com.tr" site_id="9962" xmltv_id="METRO FM">METRO FM</channel>
    <channel update="i" site="dsmart.com.tr" site_id="9963" xmltv_id="SUPER FM">SUPER FM</channel>
    <channel update="i" site="dsmart.com.tr" site_id="8010" xmltv_id="NUMBER ONE FM">NUMBER ONE FM</channel>
    <channel update="i" site="dsmart.com.tr" site_id="9445" xmltv_id="Show Radyo">Show Radyo</channel>
    <channel update="i" site="dsmart.com.tr" site_id="8011" xmltv_id="RADYO KLAS">RADYO KLAS</channel>
    <channel update="i" site="dsmart.com.tr" site_id="8745" xmltv_id="KRAL FM">KRAL FM</channel>
    <channel update="i" site="dsmart.com.tr" site_id="124" xmltv_id="BEST FM">BEST FM</channel>
    <channel update="i" site="dsmart.com.tr" site_id="8826" xmltv_id="TRT Radyo 1">TRT Radyo 1</channel>
    <channel update="i" site="dsmart.com.tr" site_id="8831" xmltv_id="TRT Radyo 6">TRT Radyo 6</channel>
    <channel update="i" site="dsmart.com.tr" site_id="8829" xmltv_id="TRT FM">TRT FM</channel>
    <channel update="i" site="dsmart.com.tr" site_id="8828" xmltv_id="TRT Gap Radyosu">TRT Gap Radyosu</channel>
    <channel update="i" site="dsmart.com.tr" site_id="8827" xmltv_id="TRT Radyo 3">TRT Radyo 3</channel>
    <channel update="i" site="dsmart.com.tr" site_id="8830" xmltv_id="TRT Radyo 4">TRT Radyo 4</channel>
    <channel update="i" site="dsmart.com.tr" site_id="9988" xmltv_id="JOY TURK">JOY TURK</channel>
    <channel update="i" site="dsmart.com.tr" site_id="8832" xmltv_id="Voice of Turkey">Voice of Turkey</channel>
    <channel update="i" site="dsmart.com.tr" site_id="9044" xmltv_id="TGRT FM">TGRT FM</channel>
    <channel update="i" site="dsmart.com.tr" site_id="8746" xmltv_id="NTV Radyo">NTV Radyo</channel>
    <channel update="i" site="dsmart.com.tr" site_id="8302" xmltv_id="Radyo 7">Radyo 7</channel>
    <channel update="i" site="dsmart.com.tr" site_id="8747" xmltv_id="Radyo Eksen">Radyo Eksen</channel>
    <channel update="i" site="dsmart.com.tr" site_id="8750" xmltv_id="N 101">N 101</channel>
    <channel update="i" site="dsmart.com.tr" site_id="8751" xmltv_id="NTVSpor Radyo">NTVSpor Radyo</channel>
    <channel update="i" site="dsmart.com.tr" site_id="8752" xmltv_id="Radyo Voyage">Radyo Voyage</channel>
    <channel update="i" site="dsmart.com.tr" site_id="9989" xmltv_id="JOY FM">JOY FM</channel>
    <channel update="i" site="dsmart.com.tr" site_id="9968" xmltv_id="RADYO SPOR">RADYO SPOR</channel>
    <channel update="i" site="dsmart.com.tr" site_id="9966" xmltv_id="RADYO TATLISES">RADYO TATLISES</channel>
    <channel update="i" site="dsmart.com.tr" site_id="9967" xmltv_id="RADYO SLOW TIME">RADYO SLOW TIME</channel>
    <channel update="i" site="dsmart.com.tr" site_id="8756" xmltv_id="KRAL POP FM">KRAL POP FM</channel>
    <channel update="i" site="dsmart.com.tr" site_id="8015" xmltv_id="POWER FM">POWER FM</channel>
    <channel update="i" site="dsmart.com.tr" site_id="8016" xmltv_id="POWERTURK FM">POWERTURK FM</channel>
    <channel update="i" site="dsmart.com.tr" site_id="8019" xmltv_id="FENOMEN FM">FENOMEN FM</channel>
    <channel update="i" site="dsmart.com.tr" site_id="168" xmltv_id="iRADYOPORTAL">iRADYOPORTAL</channel>
    <channel update="i" site="dsmart.com.tr" site_id="751" xmltv_id="2000s">2000s</channel>
    <channel update="i" site="dsmart.com.tr" site_id="752" xmltv_id="90s">90s</channel>
    <channel update="i" site="dsmart.com.tr" site_id="753" xmltv_id="80s">80s</channel>
    <channel update="i" site="dsmart.com.tr" site_id="754" xmltv_id="70s">70s</channel>
    <channel update="i" site="dsmart.com.tr" site_id="755" xmltv_id="60s">60s</channel>
    <channel update="i" site="dsmart.com.tr" site_id="761" xmltv_id="COOL JAZZ">COOL JAZZ</channel>
    <channel update="i" site="dsmart.com.tr" site_id="762" xmltv_id="JAZZ CLASSICS">JAZZ CLASSICS</channel>
    <channel update="i" site="dsmart.com.tr" site_id="759" xmltv_id="CHILLOUT">CHILLOUT</channel>
    <channel update="i" site="dsmart.com.tr" site_id="760" xmltv_id="COCKTAIL LOUNGE">COCKTAIL LOUNGE</channel>
    <channel update="i" site="dsmart.com.tr" site_id="763" xmltv_id="CLASSICAL ORCHESTRAL">CLASSICAL ORCHESTRAL</channel>
    <channel update="i" site="dsmart.com.tr" site_id="764" xmltv_id="CLASSICAL GREATS">CLASSICAL GREATS</channel>
    <channel update="i" site="dsmart.com.tr" site_id="774" xmltv_id="NEW AGE">NEW AGE</channel>
    <channel update="i" site="dsmart.com.tr" site_id="758" xmltv_id="FREEDOM">FREEDOM</channel>
    <channel update="i" site="dsmart.com.tr" site_id="756" xmltv_id="ALL DAY PARTY">ALL DAY PARTY</channel>
    <channel update="i" site="dsmart.com.tr" site_id="757" xmltv_id="DANCEFLOOR FILLERS">DANCEFLOOR FILLERS</channel>
    <channel update="i" site="dsmart.com.tr" site_id="765" xmltv_id="INDIE CLASSICS">INDIE CLASSICS</channel>
    <channel update="i" site="dsmart.com.tr" site_id="775" xmltv_id="CLASSIC ROCK">CLASSIC ROCK</channel>
    <channel update="i" site="dsmart.com.tr" site_id="777" xmltv_id="ROCK ANTHEMS">ROCK ANTHEMS</channel>
    <channel update="i" site="dsmart.com.tr" site_id="778" xmltv_id="ROCK ALTERNATIVE">ROCK ALTERNATIVE</channel>
    <channel update="i" site="dsmart.com.tr" site_id="768" xmltv_id="REGGAE">REGGAE</channel>
    <channel update="i" site="dsmart.com.tr" site_id="772" xmltv_id="CLASSIC R'NB &amp; SOUL">CLASSIC R'NB &amp; SOUL</channel>
    <channel update="i" site="dsmart.com.tr" site_id="769" xmltv_id="HIP HOP">HIP HOP</channel>
    <channel update="i" site="dsmart.com.tr" site_id="770" xmltv_id="TRANCE">TRANCE</channel>
    <channel update="i" site="dsmart.com.tr" site_id="767" xmltv_id="COUNTRY">COUNTRY</channel>
    <channel update="i" site="dsmart.com.tr" site_id="773" xmltv_id="DISCO &amp; FUNK">DISCO &amp; FUNK</channel>
    <channel update="i" site="dsmart.com.tr" site_id="781" xmltv_id="TURK MUZIGI">TURK MUZIGI</channel>
    <channel update="i" site="dsmart.com.tr" site_id="782" xmltv_id="TURKISH SILK">TURKISH SILK</channel>
    <channel update="i" site="dsmart.com.tr" site_id="783" xmltv_id="TURK SANAT MUZIGI">TURK SANAT MUZIGI</channel>
  </channels>
</site>