﻿<?xml version="1.0" encoding="UTF-8"?>
<site generator-info-name="WebGrab+Plus/w MDB &amp; REX Postprocess -- version 1.1.1/55.18 -- Jan van Straaten" site="guidatv.sky.it">
  <channels>
    <channel update="i" site="guidatv.sky.it" site_id="##id=718##_##icon_file=30073_home.png" xmltv_id="Sky Uno HD">Sky Uno HD</channel>
    <channel update="i" site="guidatv.sky.it" site_id="##id=8456##_##icon_file=8456_home.png" xmltv_id="Sky Atlantic HD">Sky Atlantic HD</channel>
    <channel update="i" site="guidatv.sky.it" site_id="##id=122##_##icon_file=122_home.png" xmltv_id="Fox HD">Fox HD</channel>
    <channel update="i" site="guidatv.sky.it" site_id="##id=133##_##icon_file=133_home.png" xmltv_id="Fox Life HD">Fox Life HD</channel>
    <channel update="i" site="guidatv.sky.it" site_id="##id=139##_##icon_file=139_home.png" xmltv_id="Fox Crime HD">Fox Crime HD</channel>
    <channel update="i" site="guidatv.sky.it" site_id="##id=8336##_##icon_file=27646_home.png" xmltv_id="CI Crime+Investigation HD">CI Crime+Investigation HD</channel>
    <channel update="i" site="guidatv.sky.it" site_id="##id=8193##_##icon_file=30084_home.png" xmltv_id="Sky Arte HD">Sky Arte HD</channel>
    <channel update="i" site="guidatv.sky.it" site_id="##id=8195##_##icon_file=25144_home.png" xmltv_id="MTV HD">MTV HD</channel>
    <channel update="i" site="guidatv.sky.it" site_id="##id=8455##_##icon_file=8455_home.png" xmltv_id="AXN HD">AXN HD</channel>
    <channel update="i" site="guidatv.sky.it" site_id="##id=318##_##icon_file=27071_home.png" xmltv_id="Comedy Central">Comedy Central</channel>
    <channel update="i" site="guidatv.sky.it" site_id="##id=8133##_##icon_file=24560_home.png" xmltv_id="Cielo HD">Cielo HD</channel>
    <channel update="i" site="guidatv.sky.it" site_id="##id=8853##_##icon_file=8853_home.png" xmltv_id="Fox Animation HD">Fox Animation HD</channel>
    <channel update="i" site="guidatv.sky.it" site_id="##id=8833##_##icon_file=8833_home.png" xmltv_id="Fox Comedy HD">Fox Comedy HD</channel>
    <channel update="i" site="guidatv.sky.it" site_id="##id=423##_##icon_file=423_home.png" xmltv_id="Lei">Lei</channel>
    <channel update="i" site="guidatv.sky.it" site_id="##id=522##_##icon_file=522_home.png" xmltv_id="Real Time HD">Real Time HD</channel>
    <channel update="i" site="guidatv.sky.it" site_id="##id=473##_##icon_file=473_home.png" xmltv_id="Diva Universal">Diva Universal</channel>
    <channel update="i" site="guidatv.sky.it" site_id="##id=6503##_##icon_file=6503_home.png" xmltv_id="AXN Sci-Fi">AXN Sci-Fi</channel>
    <channel update="i" site="guidatv.sky.it" site_id="##id=124##_##icon_file=20136_home.png" xmltv_id="Horror Channel">Horror Channel</channel>
    <channel update="i" site="guidatv.sky.it" site_id="##id=8007##_##icon_file=24875_home.png" xmltv_id="Classica HD">Classica HD</channel>
    <channel update="i" site="guidatv.sky.it" site_id="##id=7587##_##icon_file=7587_home.png" xmltv_id="Automoto TV">Automoto TV</channel>
    <channel update="i" site="guidatv.sky.it" site_id="##id=6440##_##icon_file=6440_home.png" xmltv_id="MAN-GA">MAN-GA</channel>
    <channel update="i" site="guidatv.sky.it" site_id="##id=6761##_##icon_file=6761_home.png" xmltv_id="Sky 3D - Ch 150">Sky 3D - Ch 150</channel>
    <channel update="i" site="guidatv.sky.it" site_id="##id=6400##_##icon_file=6400_home.png" xmltv_id="La3">La3</channel>
    <channel update="i" site="guidatv.sky.it" site_id="##id=929##_##icon_file=929_home.png" xmltv_id="Sky Sport24 HD">Sky Sport24 HD</channel>
    <channel update="i" site="guidatv.sky.it" site_id="##id=8714##_##icon_file=8714_home.png" xmltv_id="Sky Sport 1 HD">Sky Sport 1 HD</channel>
    <channel update="i" site="guidatv.sky.it" site_id="##id=7507##_##icon_file=7507_home.png" xmltv_id="Sky Sport 2 HD">Sky Sport 2 HD</channel>
    <channel update="i" site="guidatv.sky.it" site_id="##id=8753##_##icon_file=8753_home.png" xmltv_id="Sky Sport Plus HD">Sky Sport Plus HD</channel>
    <channel update="i" site="guidatv.sky.it" site_id="##id=8027##_##icon_file=21464_home.png" xmltv_id="Fox Sports HD">Fox Sports HD</channel>
    <channel update="i" site="guidatv.sky.it" site_id="##id=8413##_##icon_file=30366_home.png" xmltv_id="Sky Sport F1 HD">Sky Sport F1 HD</channel>
    <channel update="i" site="guidatv.sky.it" site_id="##id=8434##_##icon_file=8434_home.png" xmltv_id="Sky Sport MotoGP HD">Sky Sport MotoGP HD</channel>
    <channel update="i" site="guidatv.sky.it" site_id="##id=307##_##icon_file=22686_home.png" xmltv_id="Eurosport HD">Eurosport HD</channel>
    <channel update="i" site="guidatv.sky.it" site_id="##id=8333##_##icon_file=27645_home.png" xmltv_id="Fox Sports 2 HD">Fox Sports 2 HD</channel>
    <channel update="i" site="guidatv.sky.it" site_id="##id=7847##_##icon_file=7847_home.png" xmltv_id="Bike Channel">Bike Channel</channel>
    <channel update="i" site="guidatv.sky.it" site_id="##id=101##_##icon_file=101_home.png" xmltv_id="Sky Cinema 1 HD">Sky Cinema 1 HD</channel>
    <channel update="i" site="guidatv.sky.it" site_id="##id=724##_##icon_file=724_home.png" xmltv_id="Sky Cinema Hits HD">Sky Cinema Hits HD</channel>
    <channel update="i" site="guidatv.sky.it" site_id="##id=105##_##icon_file=105_home.png" xmltv_id="Sky Cinema Family HD">Sky Cinema Family HD</channel>
    <channel update="i" site="guidatv.sky.it" site_id="##id=6581##_##icon_file=6581_home.png" xmltv_id="Sky Cinema Passion HD">Sky Cinema Passion HD</channel>
    <channel update="i" site="guidatv.sky.it" site_id="##id=6561##_##icon_file=6561_home.png" xmltv_id="Sky Cinema Comedy HD">Sky Cinema Comedy HD</channel>
    <channel update="i" site="guidatv.sky.it" site_id="##id=115##_##icon_file=115_home.png" xmltv_id="Sky Cinema Max HD">Sky Cinema Max HD</channel>
    <channel update="i" site="guidatv.sky.it" site_id="##id=6141##_##icon_file=6141_home.png" xmltv_id="Sky Cinema Cult HD">Sky Cinema Cult HD</channel>
    <channel update="i" site="guidatv.sky.it" site_id="##id=723##_##icon_file=723_home.png" xmltv_id="Sky Cinema Classics HD">Sky Cinema Classics HD</channel>
    <channel update="i" site="guidatv.sky.it" site_id="##id=7667##_##icon_file=7667_home.png" xmltv_id="Primafila 1">Primafila 1</channel>
    <channel update="i" site="guidatv.sky.it" site_id="##id=931##_##icon_file=931_home.png" xmltv_id="Discovery Channel HD">Discovery Channel HD</channel>
    <channel update="i" site="guidatv.sky.it" site_id="##id=641##_##icon_file=641_home.png" xmltv_id="National Geo HD">National Geo HD</channel>
    <channel update="i" site="guidatv.sky.it" site_id="##id=467##_##icon_file=467_home.png" xmltv_id="Discovery Science HD">Discovery Science HD</channel>
    <channel update="i" site="guidatv.sky.it" site_id="##id=465##_##icon_file=465_home.png" xmltv_id="Discovery Travel &amp; Living HD">Discovery Travel &amp; Living HD</channel>
    <channel update="i" site="guidatv.sky.it" site_id="##id=639##_##icon_file=639_home.png" xmltv_id="History Channel HD">History Channel HD</channel>
    <channel update="i" site="guidatv.sky.it" site_id="##id=126##_##icon_file=126_home.png" xmltv_id="Nat Geo Wild HD">Nat Geo Wild HD</channel>
    <channel update="i" site="guidatv.sky.it" site_id="##id=7407##_##icon_file=7407_home.png" xmltv_id="Nat Geo People HD">Nat Geo People HD</channel>
    <channel update="i" site="guidatv.sky.it" site_id="##id=524##_##icon_file=524_home.png" xmltv_id="Gambero Rosso HD">Gambero Rosso HD</channel>
    <channel update="i" site="guidatv.sky.it" site_id="##id=6360##_##icon_file=6360_home.png" xmltv_id="Dove">Dove</channel>
    <channel update="i" site="guidatv.sky.it" site_id="##id=7687##_##icon_file=7687_home.png" xmltv_id="eXplora HD">eXplora HD</channel>
    <channel update="i" site="guidatv.sky.it" site_id="##id=519##_##icon_file=519_home.png" xmltv_id="Animal Planet">Animal Planet</channel>
    <channel update="i" site="guidatv.sky.it" site_id="##id=362##_##icon_file=22943_home.png" xmltv_id="Sky TG24 HD">Sky TG24 HD</channel>
    <channel update="i" site="guidatv.sky.it" site_id="##id=460##_##icon_file=26568_home.png" xmltv_id="DeAKids">DeAKids</channel>
    <channel update="i" site="guidatv.sky.it" site_id="##id=461##_##icon_file=461_home.png" xmltv_id="Nick Junior">Nick Junior</channel>
    <channel update="i" site="guidatv.sky.it" site_id="##id=320##_##icon_file=320_home.png" xmltv_id="Nickelodeon">Nickelodeon</channel>
    <channel update="i" site="guidatv.sky.it" site_id="##id=129##_##icon_file=27420_home.png" xmltv_id="Cartoon Network">Cartoon Network</channel>
    <channel update="i" site="guidatv.sky.it" site_id="##id=472##_##icon_file=472_home.png" xmltv_id="Boomerang">Boomerang</channel>
    <channel update="i" site="guidatv.sky.it" site_id="##id=453##_##icon_file=20150_home.png" xmltv_id="Disney Junior">Disney Junior</channel>
    <channel update="i" site="guidatv.sky.it" site_id="##id=118##_##icon_file=118_home.png" xmltv_id="Disney Channel HD">Disney Channel HD</channel>
    <channel update="i" site="guidatv.sky.it" site_id="##id=131##_##icon_file=131_home.png" xmltv_id="Disney XD HD">Disney XD HD</channel>
    <channel update="i" site="guidatv.sky.it" site_id="##id=521##_##icon_file=521_home.png" xmltv_id="Jim Jam">Jim Jam</channel>
    <channel update="i" site="guidatv.sky.it" site_id="##id=7427##_##icon_file=7427_home.png" xmltv_id="DeA Junior">DeA Junior</channel>
    <channel update="i" site="guidatv.sky.it" site_id="##id=6160##_##icon_file=6160_home.png" xmltv_id="Baby TV">Baby TV</channel>
    <channel update="i" site="guidatv.sky.it" site_id="##id=6460##_##icon_file=6460_home.png" xmltv_id="Super!">Super!</channel>
    <channel update="i" site="guidatv.sky.it" site_id="##id=6240##_##icon_file=6240_home.png" xmltv_id="K2">K2</channel>
    <channel update="i" site="guidatv.sky.it" site_id="##id=543##_##icon_file=543_home.png" xmltv_id="MTV Hits">MTV Hits</channel>
    <channel update="i" site="guidatv.sky.it" site_id="##id=523##_##icon_file=523_home.png" xmltv_id="MTV Classic">MTV Classic</channel>
    <channel update="i" site="guidatv.sky.it" site_id="##id=542##_##icon_file=542_home.png" xmltv_id="MTV Rocks">MTV Rocks</channel>
    <channel update="i" site="guidatv.sky.it" site_id="##id=539##_##icon_file=539_home.png" xmltv_id="MTV Dance">MTV Dance</channel>
    <channel update="i" site="guidatv.sky.it" site_id="##id=528##_##icon_file=528_home.png" xmltv_id="MTV Music">MTV Music</channel>
    <channel update="i" site="guidatv.sky.it" site_id="##id=462##_##icon_file=462_home.png" xmltv_id="My Deejay">My Deejay</channel>
    <channel update="i" site="guidatv.sky.it" site_id="##id=333##_##icon_file=333_home.png" xmltv_id="Rock TV">Rock TV</channel>
    <channel update="i" site="guidatv.sky.it" site_id="##id=309##_##icon_file=23733_home.png" xmltv_id="Hip Hop TV">Hip Hop TV</channel>
    <channel update="i" site="guidatv.sky.it" site_id="##id=899##_##icon_file=899_home.png" xmltv_id="Rai Uno">Rai Uno</channel>
    <channel update="i" site="guidatv.sky.it" site_id="##id=898##_##icon_file=898_home.png" xmltv_id="Rai Due">Rai Due</channel>
    <channel update="i" site="guidatv.sky.it" site_id="##id=897##_##icon_file=897_home.png" xmltv_id="Rai Tre">Rai Tre</channel>
    <channel update="i" site="guidatv.sky.it" site_id="##id=892##_##icon_file=892_home.png" xmltv_id="Rete 4">Rete 4</channel>
    <channel update="i" site="guidatv.sky.it" site_id="##id=893##_##icon_file=893_home.png" xmltv_id="Canale 5">Canale 5</channel>
    <channel update="i" site="guidatv.sky.it" site_id="##id=894##_##icon_file=894_home.png" xmltv_id="Italia 1">Italia 1</channel>
    <channel update="i" site="guidatv.sky.it" site_id="##id=319##_##icon_file=24064_home.png" xmltv_id="La7">La7</channel>
    <channel update="i" site="guidatv.sky.it" site_id="##id=120##_##icon_file=30085_home.png" xmltv_id="Sky Uno + 1 HD">Sky Uno + 1 HD</channel>
    <channel update="i" site="guidatv.sky.it" site_id="##id=8453##_##icon_file=8453_home.png" xmltv_id="Sky Atlantic HD +1">Sky Atlantic HD +1</channel>
    <channel update="i" site="guidatv.sky.it" site_id="##id=635##_##icon_file=635_home.png" xmltv_id="Fox +1">Fox +1</channel>
    <channel update="i" site="guidatv.sky.it" site_id="##id=529##_##icon_file=529_home.png" xmltv_id="Fox Life +1">Fox Life +1</channel>
    <channel update="i" site="guidatv.sky.it" site_id="##id=588##_##icon_file=588_home.png" xmltv_id="Fox Crime +1">Fox Crime +1</channel>
    <channel update="i" site="guidatv.sky.it" site_id="##id=6420##_##icon_file=6420_home.png" xmltv_id="AXN + 1">AXN + 1</channel>
    <channel update="i" site="guidatv.sky.it" site_id="##id=8353##_##icon_file=8353_home.png" xmltv_id="Comedy Central + 1">Comedy Central + 1</channel>
    <channel update="i" site="guidatv.sky.it" site_id="##id=7747##_##icon_file=7747_home.png" xmltv_id="LEI +1">LEI +1</channel>
    <channel update="i" site="guidatv.sky.it" site_id="##id=6504##_##icon_file=6504_home.png" xmltv_id="Real Time+1">Real Time+1</channel>
    <channel update="i" site="guidatv.sky.it" site_id="##id=8933##_##icon_file=8933_home.png" xmltv_id="DMAX HD">DMAX HD</channel>
    <channel update="i" site="guidatv.sky.it" site_id="##id=8513##_##icon_file=8513_home.png" xmltv_id="DMAX +1">DMAX +1</channel>
    <channel update="i" site="guidatv.sky.it" site_id="##id=8128##_##icon_file=23838_home.png" xmltv_id="Laeffe">Laeffe</channel>
    <channel update="i" site="guidatv.sky.it" site_id="##id=7588##_##icon_file=7588_home.png" xmltv_id="TV2000">TV2000</channel>
    <channel update="i" site="guidatv.sky.it" site_id="##id=6505##_##icon_file=6505_home.png" xmltv_id="Fox Crime+2">Fox Crime+2</channel>
    <channel update="i" site="guidatv.sky.it" site_id="##id=8131##_##icon_file=8131_home.png" xmltv_id="Giallo">Giallo</channel>
    <channel update="i" site="guidatv.sky.it" site_id="##id=974##_##icon_file=974_home.png" xmltv_id="Deejay TV">Deejay TV</channel>
    <channel update="i" site="guidatv.sky.it" site_id="##id=8693##_##icon_file=8693_home.png" xmltv_id="Sky Sport 3 HD">Sky Sport 3 HD</channel>
    <channel update="i" site="guidatv.sky.it" site_id="##id=8673##_##icon_file=8673_home.png" xmltv_id="Sky Supercalcio HD">Sky Supercalcio HD</channel>
    <channel update="i" site="guidatv.sky.it" site_id="##id=391##_##icon_file=22687_home.png" xmltv_id="Eurosport 2 HD">Eurosport 2 HD</channel>
    <channel update="i" site="guidatv.sky.it" site_id="##id=6781##_##icon_file=6781_home.png" xmltv_id="Sky 3D - Ch 209">Sky 3D - Ch 209</channel>
    <channel update="i" site="guidatv.sky.it" site_id="##id=7987##_##icon_file=23845_home.png" xmltv_id="UnireSat">UnireSat</channel>
    <channel update="i" site="guidatv.sky.it" site_id="##id=6611##_##icon_file=20149_home.png" xmltv_id="Class Horse TV">Class Horse TV</channel>
    <channel update="i" site="guidatv.sky.it" site_id="##id=6613##_##icon_file=23730_home.png" xmltv_id="PokerItalia24">PokerItalia24</channel>
    <channel update="i" site="guidatv.sky.it" site_id="##id=6000##_##icon_file=25900_home.png" xmltv_id="SuperTennis HD">SuperTennis HD</channel>
    <channel update="i" site="guidatv.sky.it" site_id="##id=8793##_##icon_file=8793_home.png" xmltv_id="Sportitalia">Sportitalia</channel>
    <channel update="i" site="guidatv.sky.it" site_id="##id=807##_##icon_file=807_home.png" xmltv_id="Rai Sport 1">Rai Sport 1</channel>
    <channel update="i" site="guidatv.sky.it" site_id="##id=6612##_##icon_file=6612_home.png" xmltv_id="Rai Sport 2">Rai Sport 2</channel>
    <channel update="i" site="guidatv.sky.it" site_id="##id=322##_##icon_file=322_home.png" xmltv_id="Milan Channel">Milan Channel</channel>
    <channel update="i" site="guidatv.sky.it" site_id="##id=455##_##icon_file=20858_home.png" xmltv_id="JUVENTUS tv">JUVENTUS tv</channel>
    <channel update="i" site="guidatv.sky.it" site_id="##id=456##_##icon_file=456_home.png" xmltv_id="Inter Channel">Inter Channel</channel>
    <channel update="i" site="guidatv.sky.it" site_id="##id=7527##_##icon_file=7527_home.png" xmltv_id="Lazio Style Channel">Lazio Style Channel</channel>
    <channel update="i" site="guidatv.sky.it" site_id="##id=478##_##icon_file=478_home.png" xmltv_id="Roma Tv">Roma Tv</channel>
    <channel update="i" site="guidatv.sky.it" site_id="##id=520##_##icon_file=23731_home.png" xmltv_id="Caccia e Pesca">Caccia e Pesca</channel>
    <channel update="i" site="guidatv.sky.it" site_id="##id=6220##_##icon_file=23750_home.png" xmltv_id="Pesca e Caccia">Pesca e Caccia</channel>
    <channel update="i" site="guidatv.sky.it" site_id="##id=719##_##icon_file=719_home.png" xmltv_id="Sky Calcio 1 HD">Sky Calcio 1 HD</channel>
    <channel update="i" site="guidatv.sky.it" site_id="##id=8713##_##icon_file=8713_home.png" xmltv_id="Sky Calcio 2 HD">Sky Calcio 2 HD</channel>
    <channel update="i" site="guidatv.sky.it" site_id="##id=8733##_##icon_file=8733_home.png" xmltv_id="Sky Calcio 3 HD">Sky Calcio 3 HD</channel>
    <channel update="i" site="guidatv.sky.it" site_id="##id=8715##_##icon_file=8715_home.png" xmltv_id="Sky Calcio 4 HD">Sky Calcio 4 HD</channel>
    <channel update="i" site="guidatv.sky.it" site_id="##id=8634##_##icon_file=8634_home.png" xmltv_id="Sky Calcio 5 HD">Sky Calcio 5 HD</channel>
    <channel update="i" site="guidatv.sky.it" site_id="##id=8636##_##icon_file=8636_home.png" xmltv_id="Sky Calcio 6 HD">Sky Calcio 6 HD</channel>
    <channel update="i" site="guidatv.sky.it" site_id="##id=8635##_##icon_file=8635_home.png" xmltv_id="Sky Calcio 7 HD">Sky Calcio 7 HD</channel>
    <channel update="i" site="guidatv.sky.it" site_id="##id=8633##_##icon_file=8633_home.png" xmltv_id="Sky Calcio 8 HD">Sky Calcio 8 HD</channel>
    <channel update="i" site="guidatv.sky.it" site_id="##id=8613##_##icon_file=8613_home.png" xmltv_id="Sky Calcio 9">Sky Calcio 9</channel>
    <channel update="i" site="guidatv.sky.it" site_id="##id=615##_##icon_file=615_home.png" xmltv_id="Sky Calcio 10">Sky Calcio 10</channel>
    <channel update="i" site="guidatv.sky.it" site_id="##id=617##_##icon_file=617_home.png" xmltv_id="Sky Calcio 11">Sky Calcio 11</channel>
    <channel update="i" site="guidatv.sky.it" site_id="##id=618##_##icon_file=618_home.png" xmltv_id="Sky Calcio 12">Sky Calcio 12</channel>
    <channel update="i" site="guidatv.sky.it" site_id="##id=619##_##icon_file=619_home.png" xmltv_id="Sky Calcio 13">Sky Calcio 13</channel>
    <channel update="i" site="guidatv.sky.it" site_id="##id=722##_##icon_file=722_home.png" xmltv_id="Sky Cinema + 1 HD">Sky Cinema + 1 HD</channel>
    <channel update="i" site="guidatv.sky.it" site_id="##id=452##_##icon_file=452_home.png" xmltv_id="Sky Cinema + 24 HD">Sky Cinema + 24 HD</channel>
    <channel update="i" site="guidatv.sky.it" site_id="##id=7947##_##icon_file=7947_home.png" xmltv_id="Sky Cinema Family +1 HD">Sky Cinema Family +1 HD</channel>
    <channel update="i" site="guidatv.sky.it" site_id="##id=451##_##icon_file=451_home.png" xmltv_id="Sky Cinema Max + 1 HD">Sky Cinema Max + 1 HD</channel>
    <channel update="i" site="guidatv.sky.it" site_id="##id=6801##_##icon_file=6801_home.png" xmltv_id="Sky 3D - Ch 321">Sky 3D - Ch 321</channel>
    <channel update="i" site="guidatv.sky.it" site_id="##id=7767##_##icon_file=30072_home.png" xmltv_id="Sky Arte HD-400">Sky Arte HD-400</channel>
    <channel update="i" site="guidatv.sky.it" site_id="##id=331##_##icon_file=331_home.png" xmltv_id="Discovery Channel +1">Discovery Channel +1</channel>
    <channel update="i" site="guidatv.sky.it" site_id="##id=125##_##icon_file=125_home.png" xmltv_id="National Geo +1">National Geo +1</channel>
    <channel update="i" site="guidatv.sky.it" site_id="##id=123##_##icon_file=123_home.png" xmltv_id="History Ch +1">History Ch +1</channel>
    <channel update="i" site="guidatv.sky.it" site_id="##id=8813##_##icon_file=8813_home.png" xmltv_id="Nat Geo Wild +1">Nat Geo Wild +1</channel>
    <channel update="i" site="guidatv.sky.it" site_id="##id=8130##_##icon_file=23823_home.png" xmltv_id="Focus Tv">Focus Tv</channel>
    <channel update="i" site="guidatv.sky.it" site_id="##id=8107##_##icon_file=26827_home.png" xmltv_id="La Sposa">La Sposa</channel>
    <channel update="i" site="guidatv.sky.it" site_id="##id=7402##_##icon_file=7402_home.png" xmltv_id="Doctor's Life">Doctor's Life</channel>
    <channel update="i" site="guidatv.sky.it" site_id="##id=6626##_##icon_file=6626_home.png" xmltv_id="QVC">QVC</channel>
    <channel update="i" site="guidatv.sky.it" site_id="##id=321##_##icon_file=321_home.png" xmltv_id="Sky TG 24 Meteo">Sky TG 24 Meteo</channel>
    <channel update="i" site="guidatv.sky.it" site_id="##id=6510##_##icon_file=6510_home.png" xmltv_id="TG24 Primo Piano">TG24 Primo Piano</channel>
    <channel update="i" site="guidatv.sky.it" site_id="##id=6511##_##icon_file=6511_home.png" xmltv_id="TG24 Eventi">TG24 Eventi</channel>
    <channel update="i" site="guidatv.sky.it" site_id="##id=6512##_##icon_file=6512_home.png" xmltv_id="TG24 Rassegne">TG24 Rassegne</channel>
    <channel update="i" site="guidatv.sky.it" site_id="##id=308##_##icon_file=308_home.png" xmltv_id="Class-Cnbc">Class-Cnbc</channel>
    <channel update="i" site="guidatv.sky.it" site_id="##id=895##_##icon_file=895_home.png" xmltv_id="Rai News">Rai News</channel>
    <channel update="i" site="guidatv.sky.it" site_id="##id=6481##_##icon_file=6481_home.png" xmltv_id="TG Norba24">TG Norba24</channel>
    <channel update="i" site="guidatv.sky.it" site_id="##id=8993##_##icon_file=8993_home.png" xmltv_id="Reteconomy">Reteconomy</channel>
    <channel update="i" site="guidatv.sky.it" site_id="##id=864##_##icon_file=864_home.png" xmltv_id="Roma Uno">Roma Uno</channel>
    <channel update="i" site="guidatv.sky.it" site_id="##id=6861##_##icon_file=6861_home.png" xmltv_id="SMtv San Marino">SMtv San Marino</channel>
    <channel update="i" site="guidatv.sky.it" site_id="##id=801##_##icon_file=801_home.gif" xmltv_id="Euronews">Euronews</channel>
    <channel update="i" site="guidatv.sky.it" site_id="##id=445##_##icon_file=445_home.png" xmltv_id="Sky News">Sky News</channel>
    <channel update="i" site="guidatv.sky.it" site_id="##id=446##_##icon_file=446_home.png" xmltv_id="Fox News">Fox News</channel>
    <channel update="i" site="guidatv.sky.it" site_id="##id=312##_##icon_file=312_home.png" xmltv_id="CNN Intl">CNN Intl</channel>
    <channel update="i" site="guidatv.sky.it" site_id="##id=6741##_##icon_file=6741_home.png" xmltv_id="Fox Business">Fox Business</channel>
    <channel update="i" site="guidatv.sky.it" site_id="##id=444##_##icon_file=444_home.png" xmltv_id="CNBC">CNBC</channel>
    <channel update="i" site="guidatv.sky.it" site_id="##id=349##_##icon_file=349_home.png" xmltv_id="Bloomberg ">Bloomberg </channel>
    <channel update="i" site="guidatv.sky.it" site_id="##id=7968##_##icon_file=7968_home.png" xmltv_id="France 24 English  ">France 24 English  </channel>
    <channel update="i" site="guidatv.sky.it" site_id="##id=6886##_##icon_file=6886_home.png" xmltv_id="Russia Today">Russia Today</channel>
    <channel update="i" site="guidatv.sky.it" site_id="##id=8273##_##icon_file=26321_home.png" xmltv_id="I24news">I24news</channel>
    <channel update="i" site="guidatv.sky.it" site_id="##id=5119##_##icon_file=5119_home.png" xmltv_id="France 24 ">France 24 </channel>
    <channel update="i" site="guidatv.sky.it" site_id="##id=8873##_##icon_file=8873_home.png" xmltv_id="RT Doc HD">RT Doc HD</channel>
    <channel update="i" site="guidatv.sky.it" site_id="##id=364##_##icon_file=26589_home.png" xmltv_id="DeAKids+1">DeAKids+1</channel>
    <channel update="i" site="guidatv.sky.it" site_id="##id=6701##_##icon_file=6701_home.png" xmltv_id="Nick Junior + 1">Nick Junior + 1</channel>
    <channel update="i" site="guidatv.sky.it" site_id="##id=6140##_##icon_file=6140_home.png" xmltv_id="Nickelodeon + 1">Nickelodeon + 1</channel>
    <channel update="i" site="guidatv.sky.it" site_id="##id=476##_##icon_file=476_home.png" xmltv_id="Cartoon Network +1 ">Cartoon Network +1 </channel>
    <channel update="i" site="guidatv.sky.it" site_id="##id=479##_##icon_file=479_home.png" xmltv_id="Boomerang + 1">Boomerang + 1</channel>
    <channel update="i" site="guidatv.sky.it" site_id="##id=132##_##icon_file=20151_home.png" xmltv_id="Disney Junior + 1">Disney Junior + 1</channel>
    <channel update="i" site="guidatv.sky.it" site_id="##id=450##_##icon_file=450_home.png" xmltv_id="Disney Channel +1">Disney Channel +1</channel>
    <channel update="i" site="guidatv.sky.it" site_id="##id=6821##_##icon_file=6821_home.png" xmltv_id="Disney Channel +2">Disney Channel +2</channel>
    <channel update="i" site="guidatv.sky.it" site_id="##id=475##_##icon_file=475_home.png" xmltv_id="Disney XD +1">Disney XD +1</channel>
    <channel update="i" site="guidatv.sky.it" site_id="##id=6822##_##icon_file=6822_home.png" xmltv_id="Disney XD +2">Disney XD +2</channel>
    <channel update="i" site="guidatv.sky.it" site_id="##id=454##_##icon_file=454_home.png" xmltv_id="Disney in English">Disney in English</channel>
    <channel update="i" site="guidatv.sky.it" site_id="##id=6721##_##icon_file=6721_home.png" xmltv_id="Jim Jam + 1">Jim Jam + 1</channel>
    <channel update="i" site="guidatv.sky.it" site_id="##id=6610##_##icon_file=6610_home.png" xmltv_id="Frisbee">Frisbee</channel>
    <channel update="i" site="guidatv.sky.it" site_id="##id=6300##_##icon_file=6300_home.png" xmltv_id="Sky Radio">Sky Radio</channel>
    <channel update="i" site="guidatv.sky.it" site_id="##id=334##_##icon_file=334_home.png" xmltv_id="Sky Music">Sky Music</channel>
    <channel update="i" site="guidatv.sky.it" site_id="##id=8233##_##icon_file=25692_home.png" xmltv_id="Radio Italia Tv">Radio Italia Tv</channel>
    <channel update="i" site="guidatv.sky.it" site_id="##id=8213##_##icon_file=25780_home.png" xmltv_id="Radionorba TV">Radionorba TV</channel>
    <channel update="i" site="guidatv.sky.it" site_id="##id=6885##_##icon_file=6885_home.png" xmltv_id="RTL 102.5 TV">RTL 102.5 TV</channel>
    <channel update="i" site="guidatv.sky.it" site_id="##id=942##_##icon_file=942_home.png" xmltv_id="Primafila 2">Primafila 2</channel>
    <channel update="i" site="guidatv.sky.it" site_id="##id=8373##_##icon_file=8373_home.png" xmltv_id="Primafila 3 HD">Primafila 3 HD</channel>
    <channel update="i" site="guidatv.sky.it" site_id="##id=944##_##icon_file=944_home.png" xmltv_id="Primafila 4">Primafila 4</channel>
    <channel update="i" site="guidatv.sky.it" site_id="##id=203##_##icon_file=203_home.png" xmltv_id="Primafila 5">Primafila 5</channel>
    <channel update="i" site="guidatv.sky.it" site_id="##id=945##_##icon_file=945_home.png" xmltv_id="Primafila 6">Primafila 6</channel>
    <channel update="i" site="guidatv.sky.it" site_id="##id=8374##_##icon_file=8374_home.png" xmltv_id="Primafila 7 HD">Primafila 7 HD</channel>
    <channel update="i" site="guidatv.sky.it" site_id="##id=609##_##icon_file=609_home.png" xmltv_id="Primafila 8">Primafila 8</channel>
    <channel update="i" site="guidatv.sky.it" site_id="##id=947##_##icon_file=947_home.png" xmltv_id="Primafila 9">Primafila 9</channel>
    <channel update="i" site="guidatv.sky.it" site_id="##id=948##_##icon_file=948_home.png" xmltv_id="Primafila 10">Primafila 10</channel>
    <channel update="i" site="guidatv.sky.it" site_id="##id=205##_##icon_file=205_home.png" xmltv_id="Primafila 11">Primafila 11</channel>
    <channel update="i" site="guidatv.sky.it" site_id="##id=943##_##icon_file=943_home.png" xmltv_id="Primafila 12">Primafila 12</channel>
    <channel update="i" site="guidatv.sky.it" site_id="##id=84##_##icon_file=84_home.png" xmltv_id="Primafila 13">Primafila 13</channel>
    <channel update="i" site="guidatv.sky.it" site_id="##id=75##_##icon_file=75_home.png" xmltv_id="Primafila 14">Primafila 14</channel>
    <channel update="i" site="guidatv.sky.it" site_id="##id=76##_##icon_file=76_home.png" xmltv_id="Primafila 15">Primafila 15</channel>
    <channel update="i" site="guidatv.sky.it" site_id="##id=601##_##icon_file=601_home.png" xmltv_id="Primafila 16">Primafila 16</channel>
    <channel update="i" site="guidatv.sky.it" site_id="##id=605##_##icon_file=605_home.png" xmltv_id="Primafila 17">Primafila 17</channel>
    <channel update="i" site="guidatv.sky.it" site_id="##id=79##_##icon_file=79_home.png" xmltv_id="Primafila 18">Primafila 18</channel>
    <channel update="i" site="guidatv.sky.it" site_id="##id=390##_##icon_file=390_home.png" xmltv_id="Primafila 19">Primafila 19</channel>
    <channel update="i" site="guidatv.sky.it" site_id="##id=6601##_##icon_file=6601_home.png" xmltv_id="Rai 1 (DTT)">Rai 1 (DTT)</channel>
    <channel update="i" site="guidatv.sky.it" site_id="##id=6621##_##icon_file=6621_home.png" xmltv_id="Rai 2 (DTT)">Rai 2 (DTT)</channel>
    <channel update="i" site="guidatv.sky.it" site_id="##id=6602##_##icon_file=6602_home.png" xmltv_id="Rai 3 (DTT)">Rai 3 (DTT)</channel>
    <channel update="i" site="guidatv.sky.it" site_id="##id=6603##_##icon_file=6603_home.png" xmltv_id="Rete 4 (DTT)">Rete 4 (DTT)</channel>
    <channel update="i" site="guidatv.sky.it" site_id="##id=6604##_##icon_file=6604_home.png" xmltv_id="Canale 5 (DTT)">Canale 5 (DTT)</channel>
    <channel update="i" site="guidatv.sky.it" site_id="##id=6605##_##icon_file=6605_home.png" xmltv_id="Italia 1 (DTT)">Italia 1 (DTT)</channel>
    <channel update="i" site="guidatv.sky.it" site_id="##id=8329##_##icon_file=27088_home.png" xmltv_id="La7 DTT">La7 DTT</channel>
    <channel update="i" site="guidatv.sky.it" site_id="##id=8327##_##icon_file=8327_home.png" xmltv_id="MTV DTT">MTV DTT</channel>
    <channel update="i" site="guidatv.sky.it" site_id="##id=8328##_##icon_file=27110_home.png" xmltv_id="Deejay TV DTT">Deejay TV DTT</channel>
    <channel update="i" site="guidatv.sky.it" site_id="##id=6622##_##icon_file=6622_home.png" xmltv_id="Rai 4">Rai 4</channel>
    <channel update="i" site="guidatv.sky.it" site_id="##id=6606##_##icon_file=6606_home.png" xmltv_id="Iris">Iris</channel>
    <channel update="i" site="guidatv.sky.it" site_id="##id=6607##_##icon_file=6607_home.png" xmltv_id="Rai 5">Rai 5</channel>
    <channel update="i" site="guidatv.sky.it" site_id="##id=6608##_##icon_file=6608_home.png" xmltv_id="Rai Movie">Rai Movie</channel>
    <channel update="i" site="guidatv.sky.it" site_id="##id=6623##_##icon_file=6623_home.png" xmltv_id="Rai Premium">Rai Premium</channel>
    <channel update="i" site="guidatv.sky.it" site_id="##id=8773##_##icon_file=8773_home.png" xmltv_id="Cielo DTT">Cielo DTT</channel>
    <channel update="i" site="guidatv.sky.it" site_id="##id=8893##_##icon_file=8893_home.png" xmltv_id="Sky TG24 DTT">Sky TG24 DTT</channel>
    <channel update="i" site="guidatv.sky.it" site_id="##id=8325##_##icon_file=27092_home.png" xmltv_id="TV2000 DTT">TV2000 DTT</channel>
    <channel update="i" site="guidatv.sky.it" site_id="##id=6624##_##icon_file=23844_home.png" xmltv_id="La7D">La7D</channel>
    <channel update="i" site="guidatv.sky.it" site_id="##id=6625##_##icon_file=6625_home.png" xmltv_id="La5">La5</channel>
    <channel update="i" site="guidatv.sky.it" site_id="##id=8323##_##icon_file=27127_home.png" xmltv_id="Real Time DTT">Real Time DTT</channel>
    <channel update="i" site="guidatv.sky.it" site_id="##id=8321##_##icon_file=27111_home.png" xmltv_id="QVC DTT">QVC DTT</channel>
    <channel update="i" site="guidatv.sky.it" site_id="##id=6627##_##icon_file=6627_home.png" xmltv_id="Mediaset Extra">Mediaset Extra</channel>
    <channel update="i" site="guidatv.sky.it" site_id="##id=7967##_##icon_file=7967_home.png" xmltv_id="Mediaset Italia Due DTT">Mediaset Italia Due DTT</channel>
    <channel update="i" site="guidatv.sky.it" site_id="##id=8320##_##icon_file=27094_home.png" xmltv_id="RTL 102.5 TV DTT">RTL 102.5 TV DTT</channel>
    <channel update="i" site="guidatv.sky.it" site_id="##id=8127##_##icon_file=24031_home.png" xmltv_id="Top Crime">Top Crime</channel>
    <channel update="i" site="guidatv.sky.it" site_id="##id=6628##_##icon_file=6628_home.png" xmltv_id="Boing">Boing</channel>
    <channel update="i" site="guidatv.sky.it" site_id="##id=8318##_##icon_file=27113_home.png" xmltv_id="K2 Kids Tv DTT">K2 Kids Tv DTT</channel>
    <channel update="i" site="guidatv.sky.it" site_id="##id=6629##_##icon_file=6629_home.png" xmltv_id="Rai Gulp">Rai Gulp</channel>
    <channel update="i" site="guidatv.sky.it" site_id="##id=6609##_##icon_file=6609_home.png" xmltv_id="Rai Yoyo">Rai Yoyo</channel>
    <channel update="i" site="guidatv.sky.it" site_id="##id=8316##_##icon_file=8316_home.png" xmltv_id="Frisbee DTT">Frisbee DTT</channel>
    <channel update="i" site="guidatv.sky.it" site_id="##id=8132##_##icon_file=23821_home.png" xmltv_id="Cartoonito">Cartoonito</channel>
    <channel update="i" site="guidatv.sky.it" site_id="##id=8314##_##icon_file=27114_home.png" xmltv_id="Super! DTT">Super! DTT</channel>
    <channel update="i" site="guidatv.sky.it" site_id="##id=8319##_##icon_file=27097_home.png" xmltv_id="Rai News DTT">Rai News DTT</channel>
    <channel update="i" site="guidatv.sky.it" site_id="##id=8129##_##icon_file=8129_home.png" xmltv_id="DMAX">DMAX</channel>
    <channel update="i" site="guidatv.sky.it" site_id="##id=6630##_##icon_file=6630_home.png" xmltv_id="Rai Storia">Rai Storia</channel>
    <channel update="i" site="guidatv.sky.it" site_id="##id=8317##_##icon_file=27098_home.png" xmltv_id="Rai Sport 1 DTT">Rai Sport 1 DTT</channel>
    <channel update="i" site="guidatv.sky.it" site_id="##id=8315##_##icon_file=27115_home.png" xmltv_id="Rai Sport 2 DTT">Rai Sport 2 DTT</channel>
    <channel update="i" site="guidatv.sky.it" site_id="##id=8322##_##icon_file=27128_home.png" xmltv_id="SuperTennis DTT">SuperTennis DTT</channel>
    <channel update="i" site="guidatv.sky.it" site_id="##id=8313##_##icon_file=27116_home.png" xmltv_id="MTV Music DTT">MTV Music DTT</channel>
    <channel update="i" site="guidatv.sky.it" site_id="##id=8326##_##icon_file=27101_home.png" xmltv_id="France 24 DTT">France 24 DTT</channel>
  </channels>
</site>