﻿<?xml version="1.0" encoding="UTF-8"?>
<site generator-info-name="WebGrab+Plus/w MDB &amp; REX Postprocess -- version 1.54.6/0.01 -- Jan van Straaten" site="horizon.tv">
  <channels>
    <channel update="i" site="horizon.tv.pl" site_id="239101990954" xmltv_id="TVP 1">TVP 1</channel>
    <channel update="i" site="horizon.tv.pl" site_id="239101479427" xmltv_id="TVP 2">TVP 2</channel>
    <channel update="i" site="horizon.tv.pl" site_id="239101991011" xmltv_id="TVP HD">TVP HD</channel>
    <channel update="i" site="horizon.tv.pl" site_id="355617831127" xmltv_id="Polsat">Polsat</channel>
    <channel update="i" site="horizon.tv.pl" site_id="239101479370" xmltv_id="Polsat HD">Polsat HD</channel>
    <channel update="i" site="horizon.tv.pl" site_id="355617831141" xmltv_id="TVN">TVN</channel>
    <channel update="i" site="horizon.tv.pl" site_id="239101479381" xmltv_id="TVN HD">TVN HD</channel>
    <channel update="i" site="horizon.tv.pl" site_id="355617831147" xmltv_id="TV 4">TV 4</channel>
    <channel update="i" site="horizon.tv.pl" site_id="337090087162" xmltv_id="TVN 7">TVN 7</channel>
    <channel update="i" site="horizon.tv.pl" site_id="239101479307" xmltv_id="Interaktywna Galeria UPC">Interaktywna Galeria UPC</channel>
    <channel update="i" site="horizon.tv.pl" site_id="359274023141" xmltv_id="ID">ID</channel>
    <channel update="i" site="horizon.tv.pl" site_id="355617831149" xmltv_id="Mango 24">Mango 24</channel>
    <channel update="i" site="horizon.tv.pl" site_id="239101479450" xmltv_id="TVP 1 HD">TVP 1 HD</channel>
    <channel update="i" site="horizon.tv.pl" site_id="239101479428" xmltv_id="TVP 2 HD">TVP 2 HD</channel>
    <channel update="i" site="horizon.tv.pl" site_id="506527271009" xmltv_id="ID HD">ID HD</channel>
    <channel update="i" site="horizon.tv.pl" site_id="337090087163" xmltv_id="TVN Style HD">TVN Style HD</channel>
    <channel update="i" site="horizon.tv.pl" site_id="337090087160" xmltv_id="TVN7 HD">TVN7 HD</channel>
    <channel update="i" site="horizon.tv.pl" site_id="337090087178" xmltv_id="TVN Turbo HD">TVN Turbo HD</channel>
    <channel update="i" site="horizon.tv.pl" site_id="239101479349" xmltv_id="BBC Lifestyle">BBC Lifestyle</channel>
    <channel update="i" site="horizon.tv.pl" site_id="239101991012" xmltv_id="BBC HD">BBC HD</channel>
    <channel update="i" site="horizon.tv.pl" site_id="239101479364" xmltv_id="BBC Entertainment">BBC Entertainment</channel>
    <channel update="i" site="horizon.tv.pl" site_id="239101479362" xmltv_id="ID">ID</channel>
    <channel update="i" site="horizon.tv.pl" site_id="239101990988" xmltv_id="TLC">TLC</channel>
    <channel update="i" site="horizon.tv.pl" site_id="239101991003" xmltv_id="TLC HD">TLC HD</channel>
    <channel update="i" site="horizon.tv.pl" site_id="239101990998" xmltv_id="Polsat Cafe">Polsat Cafe</channel>
    <channel update="i" site="horizon.tv.pl" site_id="463255079330" xmltv_id="TVN Style">TVN Style</channel>
    <channel update="i" site="horizon.tv.pl" site_id="463255079328" xmltv_id="TVN Turbo">TVN Turbo</channel>
    <channel update="i" site="horizon.tv.pl" site_id="552849959248" xmltv_id="TV Puls HD">TV Puls HD</channel>
    <channel update="i" site="horizon.tv.pl" site_id="552849959249" xmltv_id="Tele5 HD">Tele5 HD</channel>
    <channel update="i" site="horizon.tv.pl" site_id="239101990986" xmltv_id="Fashion TV">Fashion TV</channel>
    <channel update="i" site="horizon.tv.pl" site_id="239101990987" xmltv_id="Fashion TV HD">Fashion TV HD</channel>
    <channel update="i" site="horizon.tv.pl" site_id="386841127400" xmltv_id="LOVE TV">LOVE TV</channel>
    <channel update="i" site="horizon.tv.pl" site_id="463255079334" xmltv_id="CBS Drama">CBS Drama</channel>
    <channel update="i" site="horizon.tv.pl" site_id="239101479369" xmltv_id="E! Entertainment">E! Entertainment</channel>
    <channel update="i" site="horizon.tv.pl" site_id="239101479400" xmltv_id="DOMO+">DOMO+</channel>
    <channel update="i" site="horizon.tv.pl" site_id="239101479402" xmltv_id="DOMO+ HD">DOMO+ HD</channel>
    <channel update="i" site="horizon.tv.pl" site_id="239101990994" xmltv_id="kuchnia+">kuchnia+</channel>
    <channel update="i" site="horizon.tv.pl" site_id="239101991000" xmltv_id="kuchnia+ HD">kuchnia+ HD</channel>
    <channel update="i" site="horizon.tv.pl" site_id="463255079340" xmltv_id="Polsat 2">Polsat 2</channel>
    <channel update="i" site="horizon.tv.pl" site_id="463255079341" xmltv_id="PULS 2">PULS 2</channel>
    <channel update="i" site="horizon.tv.pl" site_id="355617831142" xmltv_id="TVP Rozrywka">TVP Rozrywka</channel>
    <channel update="i" site="horizon.tv.pl" site_id="463255079324" xmltv_id="TV 6">TV 6</channel>
    <channel update="i" site="horizon.tv.pl" site_id="359274023140" xmltv_id="TVR">TVR</channel>
    <channel update="i" site="horizon.tv.pl" site_id="463255079333" xmltv_id="ATM Rozrywka">ATM Rozrywka</channel>
    <channel update="i" site="horizon.tv.pl" site_id="359274023137" xmltv_id="TV Puls">TV Puls</channel>
    <channel update="i" site="horizon.tv.pl" site_id="239101479341" xmltv_id="Tele 5">Tele 5</channel>
    <channel update="i" site="horizon.tv.pl" site_id="337090087205" xmltv_id="TVP Info">TVP Info</channel>
    <channel update="i" site="horizon.tv.pl" site_id="337090087164" xmltv_id="TVP Warszawa">TVP Warszawa</channel>
    <channel update="i" site="horizon.tv.pl" site_id="239101990995" xmltv_id="Polsat News">Polsat News</channel>
    <channel update="i" site="horizon.tv.pl" site_id="386841127401" xmltv_id="Polsat News HD">Polsat News HD</channel>
    <channel update="i" site="horizon.tv.pl" site_id="463259174989" xmltv_id="TVN 24">TVN 24</channel>
    <channel update="i" site="horizon.tv.pl" site_id="337090087203" xmltv_id="TVN24 HD">TVN24 HD</channel>
    <channel update="i" site="horizon.tv.pl" site_id="355617831151" xmltv_id="Polsat News 2">Polsat News 2</channel>
    <channel update="i" site="horizon.tv.pl" site_id="337090087213" xmltv_id="TVN 24 Biznes i Świat">TVN 24 Biznes i Świat</channel>
    <channel update="i" site="horizon.tv.pl" site_id="463255079329" xmltv_id="TTV">TTV</channel>
    <channel update="i" site="horizon.tv.pl" site_id="463255079325" xmltv_id="TVN Meteo">TVN Meteo</channel>
    <channel update="i" site="horizon.tv.pl" site_id="355617831138" xmltv_id="TV Republika">TV Republika</channel>
    <channel update="i" site="horizon.tv.pl" site_id="479320102959" xmltv_id="Superstacja">Superstacja</channel>
    <channel update="i" site="horizon.tv.pl" site_id="239101990971" xmltv_id="euronews">euronews</channel>
    <channel update="i" site="horizon.tv.pl" site_id="239101990989" xmltv_id="BBC World News">BBC World News</channel>
    <channel update="i" site="horizon.tv.pl" site_id="239101479319" xmltv_id="Bloomberg">Bloomberg</channel>
    <channel update="i" site="horizon.tv.pl" site_id="239101479360" xmltv_id="CNN">CNN</channel>
    <channel update="i" site="horizon.tv.pl" site_id="239101990967" xmltv_id="TVS HD">TVS HD</channel>
    <channel update="i" site="horizon.tv.pl" site_id="239101990983" xmltv_id="TVP Polonia">TVP Polonia</channel>
    <channel update="i" site="horizon.tv.pl" site_id="463255079342" xmltv_id="religia.tv">religia.tv</channel>
    <channel update="i" site="horizon.tv.pl" site_id="463255079331" xmltv_id="National Geographic Channel">National Geographic Channel</channel>
    <channel update="i" site="horizon.tv.pl" site_id="239101479345" xmltv_id="National Geographic Channel HD">National Geographic Channel HD</channel>
    <channel update="i" site="horizon.tv.pl" site_id="479320102960" xmltv_id="Nat Geo Wild">Nat Geo Wild</channel>
    <channel update="i" site="horizon.tv.pl" site_id="239101479363" xmltv_id="Nat Geo Wild HD">Nat Geo Wild HD</channel>
    <channel update="i" site="horizon.tv.pl" site_id="239101479380" xmltv_id="CI Polsat">CI Polsat</channel>
    <channel update="i" site="horizon.tv.pl" site_id="239101479356" xmltv_id="Discovery Channel">Discovery Channel</channel>
    <channel update="i" site="horizon.tv.pl" site_id="239101479368" xmltv_id="Discovery Channel HD">Discovery Channel HD</channel>
    <channel update="i" site="horizon.tv.pl" site_id="239101479357" xmltv_id="Discovery Science">Discovery Science</channel>
    <channel update="i" site="horizon.tv.pl" site_id="355617831146" xmltv_id="Discovery Turbo Xtra">Discovery Turbo Xtra</channel>
    <channel update="i" site="horizon.tv.pl" site_id="239101991006" xmltv_id="Animal Planet">Animal Planet</channel>
    <channel update="i" site="horizon.tv.pl" site_id="239101479443" xmltv_id="Animal Planet HD">Animal Planet HD</channel>
    <channel update="i" site="horizon.tv.pl" site_id="239101990991" xmltv_id="Travel Channel">Travel Channel</channel>
    <channel update="i" site="horizon.tv.pl" site_id="239101991001" xmltv_id="Travel Channel HD">Travel Channel HD</channel>
    <channel update="i" site="horizon.tv.pl" site_id="239101479337" xmltv_id="PLANETE+">PLANETE+</channel>
    <channel update="i" site="horizon.tv.pl" site_id="239101479338" xmltv_id="PLANETE+ HD">PLANETE+ HD</channel>
    <channel update="i" site="horizon.tv.pl" site_id="558913063127" xmltv_id="Fokus TV HD">Fokus TV HD</channel>
    <channel update="i" site="horizon.tv.pl" site_id="355617831131" xmltv_id="TVP Kultura">TVP Kultura</channel>
    <channel update="i" site="horizon.tv.pl" site_id="463259174988" xmltv_id="TVP Historia">TVP Historia</channel>
    <channel update="i" site="horizon.tv.pl" site_id="239101991005" xmltv_id="History">History</channel>
    <channel update="i" site="horizon.tv.pl" site_id="239101991007" xmltv_id="History HD">History HD</channel>
    <channel update="i" site="horizon.tv.pl" site_id="463255079336" xmltv_id="Discovery Historia">Discovery Historia</channel>
    <channel update="i" site="horizon.tv.pl" site_id="463255079335" xmltv_id="CBS Reality">CBS Reality</channel>
    <channel update="i" site="horizon.tv.pl" site_id="239101479373" xmltv_id="BBC Knowledge">BBC Knowledge</channel>
    <channel update="i" site="horizon.tv.pl" site_id="461127207140" xmltv_id="Stopklatka TV">Stopklatka TV</channel>
    <channel update="i" site="horizon.tv.pl" site_id="239101479438" xmltv_id="Polsat Film">Polsat Film</channel>
    <channel update="i" site="horizon.tv.pl" site_id="239101479417" xmltv_id="Canal+">Canal+</channel>
    <channel update="i" site="horizon.tv.pl" site_id="239101479416" xmltv_id="Canal+ HD">Canal+ HD</channel>
    <channel update="i" site="horizon.tv.pl" site_id="239101990961" xmltv_id="Canal+ Film">Canal+ Film</channel>
    <channel update="i" site="horizon.tv.pl" site_id="239101990960" xmltv_id="Canal+ Film HD">Canal+ Film HD</channel>
    <channel update="i" site="horizon.tv.pl" site_id="402897959056" xmltv_id="Canal+ Film2">Canal+ Film2</channel>
    <channel update="i" site="horizon.tv.pl" site_id="355617831133" xmltv_id="Canal+ Film2 HD">Canal+ Film2 HD</channel>
    <channel update="i" site="horizon.tv.pl" site_id="239101990992" xmltv_id="Canal+ Sport">Canal+ Sport</channel>
    <channel update="i" site="horizon.tv.pl" site_id="337090087165" xmltv_id="Canal+ Sport HD">Canal+ Sport HD</channel>
    <channel update="i" site="horizon.tv.pl" site_id="355617831134" xmltv_id="Canal+ Family">Canal+ Family</channel>
    <channel update="i" site="horizon.tv.pl" site_id="355617831135" xmltv_id="Canal+ Family HD">Canal+ Family HD</channel>
    <channel update="i" site="horizon.tv.pl" site_id="355617831136" xmltv_id="Canal+ Family2">Canal+ Family2</channel>
    <channel update="i" site="horizon.tv.pl" site_id="355617831137" xmltv_id="Canal+ Family2 HD">Canal+ Family2 HD</channel>
    <channel update="i" site="horizon.tv.pl" site_id="239101479333" xmltv_id="HBO">HBO</channel>
    <channel update="i" site="horizon.tv.pl" site_id="239101479334" xmltv_id="HBO HD">HBO HD</channel>
    <channel update="i" site="horizon.tv.pl" site_id="239101479391" xmltv_id="HBO 2">HBO 2</channel>
    <channel update="i" site="horizon.tv.pl" site_id="239101479392" xmltv_id="HBO2 HD">HBO2 HD</channel>
    <channel update="i" site="horizon.tv.pl" site_id="239101479435" xmltv_id="HBO Comedy">HBO Comedy</channel>
    <channel update="i" site="horizon.tv.pl" site_id="239101479436" xmltv_id="HBO Comedy HD">HBO Comedy HD</channel>
    <channel update="i" site="horizon.tv.pl" site_id="239101479323" xmltv_id="Cinemax">Cinemax</channel>
    <channel update="i" site="horizon.tv.pl" site_id="239101479324" xmltv_id="Cinemax HD">Cinemax HD</channel>
    <channel update="i" site="horizon.tv.pl" site_id="239101479327" xmltv_id="Cinemax 2">Cinemax 2</channel>
    <channel update="i" site="horizon.tv.pl" site_id="239101479326" xmltv_id="Cinemax2 HD">Cinemax2 HD</channel>
    <channel update="i" site="horizon.tv.pl" site_id="239101479328" xmltv_id="FilmBox">FilmBox</channel>
    <channel update="i" site="horizon.tv.pl" site_id="239101479411" xmltv_id="FilmBox HD">FilmBox HD</channel>
    <channel update="i" site="horizon.tv.pl" site_id="239101479314" xmltv_id="FilmBox Extra">FilmBox Extra</channel>
    <channel update="i" site="horizon.tv.pl" site_id="239101479335" xmltv_id="FilmBox Family">FilmBox Family</channel>
    <channel update="i" site="horizon.tv.pl" site_id="562957863428" xmltv_id="Filmbox Action">Filmbox Action</channel>
    <channel update="i" site="horizon.tv.pl" site_id="563378215029" xmltv_id="Filmbox Arthouse HD">Filmbox Arthouse HD</channel>
    <channel update="i" site="horizon.tv.pl" site_id="359274023136" xmltv_id="Kino Polska">Kino Polska</channel>
    <channel update="i" site="horizon.tv.pl" site_id="239101479415" xmltv_id="AXN">AXN</channel>
    <channel update="i" site="horizon.tv.pl" site_id="239101479343" xmltv_id="AXN Spin">AXN Spin</channel>
    <channel update="i" site="horizon.tv.pl" site_id="355617831132" xmltv_id="AXN White">AXN White</channel>
    <channel update="i" site="horizon.tv.pl" site_id="355617831130" xmltv_id="AXN Black">AXN Black</channel>
    <channel update="i" site="horizon.tv.pl" site_id="355617831145" xmltv_id="13 Ulica">13 Ulica</channel>
    <channel update="i" site="horizon.tv.pl" site_id="239101479331" xmltv_id="ale kino+">ale kino+</channel>
    <channel update="i" site="horizon.tv.pl" site_id="239101479332" xmltv_id="ale kino+ HD">ale kino+ HD</channel>
    <channel update="i" site="horizon.tv.pl" site_id="239101990985" xmltv_id="Comedy Central">Comedy Central</channel>
    <channel update="i" site="horizon.tv.pl" site_id="239101990958" xmltv_id="Comedy Central Family">Comedy Central Family</channel>
    <channel update="i" site="horizon.tv.pl" site_id="239101479376" xmltv_id="Universal Channel">Universal Channel</channel>
    <channel update="i" site="horizon.tv.pl" site_id="239101479325" xmltv_id="TCM">TCM</channel>
    <channel update="i" site="horizon.tv.pl" site_id="239101479410" xmltv_id="FOX Life">FOX Life</channel>
    <channel update="i" site="horizon.tv.pl" site_id="239101479409" xmltv_id="FOX Life HD">FOX Life HD</channel>
    <channel update="i" site="horizon.tv.pl" site_id="239101991004" xmltv_id="CBS Action">CBS Action</channel>
    <channel update="i" site="horizon.tv.pl" site_id="239101479322" xmltv_id="CBS Europa">CBS Europa</channel>
    <channel update="i" site="horizon.tv.pl" site_id="355617831139" xmltv_id="TVP Seriale">TVP Seriale</channel>
    <channel update="i" site="horizon.tv.pl" site_id="239101479330" xmltv_id="Sundance Channel">Sundance Channel</channel>
    <channel update="i" site="horizon.tv.pl" site_id="239101479329" xmltv_id="Sundance Channel HD">Sundance Channel HD</channel>
    <channel update="i" site="horizon.tv.pl" site_id="239101479413" xmltv_id="FOX">FOX</channel>
    <channel update="i" site="horizon.tv.pl" site_id="239101479414" xmltv_id="FOX HD">FOX HD</channel>
    <channel update="i" site="horizon.tv.pl" site_id="555833894999" xmltv_id="Stopklatka HD">Stopklatka HD</channel>
    <channel update="i" site="horizon.tv.pl" site_id="355617831129" xmltv_id="Polsat Romans">Polsat Romans</channel>
    <channel update="i" site="horizon.tv.pl" site_id="545212967063" xmltv_id="Polsat Film HD">Polsat Film HD</channel>
    <channel update="i" site="horizon.tv.pl" site_id="239101479422" xmltv_id="Nautical Channel">Nautical Channel</channel>
    <channel update="i" site="horizon.tv.pl" site_id="239101479310" xmltv_id="Ginx TV">Ginx TV</channel>
    <channel update="i" site="horizon.tv.pl" site_id="355617831140" xmltv_id="TVP Sport">TVP Sport</channel>
    <channel update="i" site="horizon.tv.pl" site_id="359274023139" xmltv_id="TVP Sport HD">TVP Sport HD</channel>
    <channel update="i" site="horizon.tv.pl" site_id="239101479395" xmltv_id="Polsat Sport">Polsat Sport</channel>
    <channel update="i" site="horizon.tv.pl" site_id="337090087189" xmltv_id="Polsat Sport HD">Polsat Sport HD</channel>
    <channel update="i" site="horizon.tv.pl" site_id="239101479444" xmltv_id="Polsat Sport Extra">Polsat Sport Extra</channel>
    <channel update="i" site="horizon.tv.pl" site_id="239101479442" xmltv_id="Polsat Sport Extra HD">Polsat Sport Extra HD</channel>
    <channel update="i" site="horizon.tv.pl" site_id="463255079339" xmltv_id="Polsat Sport News">Polsat Sport News</channel>
    <channel update="i" site="horizon.tv.pl" site_id="239101479374" xmltv_id="Polsat Play">Polsat Play</channel>
    <channel update="i" site="horizon.tv.pl" site_id="239101479423" xmltv_id="Orange Sport">Orange Sport</channel>
    <channel update="i" site="horizon.tv.pl" site_id="239101479312" xmltv_id="Eurosport">Eurosport</channel>
    <channel update="i" site="horizon.tv.pl" site_id="239101479313" xmltv_id="Eurosport HD">Eurosport HD</channel>
    <channel update="i" site="horizon.tv.pl" site_id="239101479340" xmltv_id="Eurosport 2">Eurosport 2</channel>
    <channel update="i" site="horizon.tv.pl" site_id="239101479339" xmltv_id="Eurosport 2 HD">Eurosport 2 HD</channel>
    <channel update="i" site="horizon.tv.pl" site_id="239101479394" xmltv_id="SportKlub">SportKlub</channel>
    <channel update="i" site="horizon.tv.pl" site_id="239101479378" xmltv_id="Extreme Sports Channel">Extreme Sports Channel</channel>
    <channel update="i" site="horizon.tv.pl" site_id="239101479352" xmltv_id="Motors TV">Motors TV</channel>
    <channel update="i" site="horizon.tv.pl" site_id="337090087117" xmltv_id="Strefa Dla Dzieci">Strefa Dla Dzieci</channel>
    <channel update="i" site="horizon.tv.pl" site_id="420810791167" xmltv_id="TVP ABC">TVP ABC</channel>
    <channel update="i" site="horizon.tv.pl" site_id="239101990970" xmltv_id="MiniMini+">MiniMini+</channel>
    <channel update="i" site="horizon.tv.pl" site_id="239101991009" xmltv_id="Baby First TV">Baby First TV</channel>
    <channel update="i" site="horizon.tv.pl" site_id="239101479399" xmltv_id="JimJam Polsat">JimJam Polsat</channel>
    <channel update="i" site="horizon.tv.pl" site_id="239101479412" xmltv_id="Nickelodeon">Nickelodeon</channel>
    <channel update="i" site="horizon.tv.pl" site_id="239101479421" xmltv_id="Cartoon Network">Cartoon Network</channel>
    <channel update="i" site="horizon.tv.pl" site_id="239101990997" xmltv_id="Disney Channel">Disney Channel</channel>
    <channel update="i" site="horizon.tv.pl" site_id="239101990993" xmltv_id="Disney XD">Disney XD</channel>
    <channel update="i" site="horizon.tv.pl" site_id="239101479439" xmltv_id="Disney Junior">Disney Junior</channel>
    <channel update="i" site="horizon.tv.pl" site_id="239101991008" xmltv_id="Da Vinci Learning">Da Vinci Learning</channel>
    <channel update="i" site="horizon.tv.pl" site_id="239101479440" xmltv_id="Boomerang">Boomerang</channel>
    <channel update="i" site="horizon.tv.pl" site_id="239101479441" xmltv_id="teleTOON+">teleTOON+</channel>
    <channel update="i" site="horizon.tv.pl" site_id="463255079332" xmltv_id="4fun.tv">4fun.tv</channel>
    <channel update="i" site="horizon.tv.pl" site_id="239101479377" xmltv_id="Mjuzik.tv">Mjuzik.tv</channel>
    <channel update="i" site="horizon.tv.pl" site_id="239101479375" xmltv_id="TV.DISCO">TV.DISCO</channel>
    <channel update="i" site="horizon.tv.pl" site_id="355617831128" xmltv_id="STARS.TV">STARS.TV</channel>
    <channel update="i" site="horizon.tv.pl" site_id="581995047233" xmltv_id="VOX Music TV">VOX Music TV</channel>
    <channel update="i" site="horizon.tv.pl" site_id="239101479346" xmltv_id="MTV Polska">MTV Polska</channel>
    <channel update="i" site="horizon.tv.pl" site_id="239101479393" xmltv_id="MTV Live HD">MTV Live HD</channel>
    <channel update="i" site="horizon.tv.pl" site_id="239101479355" xmltv_id="MTV Rocks">MTV Rocks</channel>
    <channel update="i" site="horizon.tv.pl" site_id="239101990984" xmltv_id="MTV Hits">MTV Hits</channel>
    <channel update="i" site="horizon.tv.pl" site_id="239101479371" xmltv_id="MTV Dance">MTV Dance</channel>
    <channel update="i" site="horizon.tv.pl" site_id="239101479401" xmltv_id="VIVA Polska">VIVA Polska</channel>
    <channel update="i" site="horizon.tv.pl" site_id="239101479359" xmltv_id="VH 1">VH 1</channel>
    <channel update="i" site="horizon.tv.pl" site_id="463255079337" xmltv_id="ESKA TV">ESKA TV</channel>
    <channel update="i" site="horizon.tv.pl" site_id="555833895000" xmltv_id="MUZO.TV">MUZO.TV</channel>
    <channel update="i" site="horizon.tv.pl" site_id="558897191053" xmltv_id="Disco Polo Music">Disco Polo Music</channel>
    <channel update="i" site="horizon.tv.pl" site_id="355617831150" xmltv_id="Polo TV">Polo TV</channel>
    <channel update="i" site="horizon.tv.pl" site_id="239101479354" xmltv_id="Kino Polska Muzyka">Kino Polska Muzyka</channel>
    <channel update="i" site="horizon.tv.pl" site_id="239101479396" xmltv_id="Mezzo">Mezzo</channel>
    <channel update="i" site="horizon.tv.pl" site_id="239101991015" xmltv_id="Mezzo Live HD">Mezzo Live HD</channel>
    <channel update="i" site="horizon.tv.pl" site_id="239101479353" xmltv_id="RTR Planeta">RTR Planeta</channel>
    <channel update="i" site="horizon.tv.pl" site_id="239101990962" xmltv_id="Russia Today">Russia Today</channel>
    <channel update="i" site="horizon.tv.pl" site_id="239101479426" xmltv_id="Deutsche Welle">Deutsche Welle</channel>
    <channel update="i" site="horizon.tv.pl" site_id="239101479398" xmltv_id="TV5Monde">TV5Monde</channel>
    <channel update="i" site="horizon.tv.pl" site_id="239101990966" xmltv_id="France 24">France 24</channel>
    <channel update="i" site="horizon.tv.pl" site_id="463255079326" xmltv_id="TV Trwam">TV Trwam</channel>
    <channel update="i" site="horizon.tv.pl" site_id="359274023135" xmltv_id="POLONIA 1">POLONIA 1</channel>
    <channel update="i" site="horizon.tv.pl" site_id="359274023138" xmltv_id="Edusat">Edusat</channel>
    <channel update="i" site="horizon.tv.pl" site_id="530832423197" xmltv_id="Fokus TV">Fokus TV</channel>
    <channel update="i" site="horizon.tv.pl" site_id="463255079327" xmltv_id="iTV">iTV</channel>
    <channel update="i" site="horizon.tv.pl" site_id="239101991014" xmltv_id="Hustler TV">Hustler TV</channel>
    <channel update="i" site="horizon.tv.pl" site_id="239101479390" xmltv_id="Private TV">Private TV</channel>
    <channel update="i" site="horizon.tv.pl" site_id="355617831148" xmltv_id="Brazzers TV Europe">Brazzers TV Europe</channel>
  </channels>
</site>