﻿<?xml version="1.0" encoding="UTF-8"?>
<site generator-info-name="WebGrab+Plus/w MDB &amp; REX Postprocess -- version 1.1.1/53.15 -- Jan van Straaten" site="horizon.tv">
  <channels>
    <channel update="i" site="horizon.tv.nl" site_id="24443942982" xmltv_id="Nederland 1">Nederland 1</channel>
    <channel update="i" site="horizon.tv.nl" site_id="24443942983" xmltv_id="Nederland 1 HD">Nederland 1 HD</channel>
    <channel update="i" site="horizon.tv.nl" site_id="24443942988" xmltv_id="Nederland 2">Nederland 2</channel>
    <channel update="i" site="horizon.tv.nl" site_id="24443942987" xmltv_id="Nederland 2 HD">Nederland 2 HD</channel>
    <channel update="i" site="horizon.tv.nl" site_id="24443943034" xmltv_id="Nederland 3">Nederland 3</channel>
    <channel update="i" site="horizon.tv.nl" site_id="24443943037" xmltv_id="Nederland 3 HD">Nederland 3 HD</channel>
    <channel update="i" site="horizon.tv.nl" site_id="24443943098" xmltv_id="RTL 4">RTL 4</channel>
    <channel update="i" site="horizon.tv.nl" site_id="24443943096" xmltv_id="RTL 4 HD">RTL 4 HD</channel>
    <channel update="i" site="horizon.tv.nl" site_id="24443943147" xmltv_id="RTL 5">RTL 5</channel>
    <channel update="i" site="horizon.tv.nl" site_id="24443943146" xmltv_id="RTL 5 HD">RTL 5 HD</channel>
    <channel update="i" site="horizon.tv.nl" site_id="24443943183" xmltv_id="SBS 6">SBS 6</channel>
    <channel update="i" site="horizon.tv.nl" site_id="24443943184" xmltv_id="SBS 6 HD">SBS 6 HD</channel>
    <channel update="i" site="horizon.tv.nl" site_id="24443943015" xmltv_id="RTL 7">RTL 7</channel>
    <channel update="i" site="horizon.tv.nl" site_id="24443943014" xmltv_id="RTL 7 HD">RTL 7 HD</channel>
    <channel update="i" site="horizon.tv.nl" site_id="24443943089" xmltv_id="Net 5">Net 5</channel>
    <channel update="i" site="horizon.tv.nl" site_id="24443943091" xmltv_id="Net 5 HD">Net 5 HD</channel>
    <channel update="i" site="horizon.tv.nl" site_id="24443943191" xmltv_id="Veronica/Disney XD">Veronica/Disney XD</channel>
    <channel update="i" site="horizon.tv.nl" site_id="24443943190" xmltv_id="Veronica HD/Disney XD">Veronica HD/Disney XD</channel>
    <channel update="i" site="horizon.tv.nl" site_id="24443943181" xmltv_id="RTL 8">RTL 8</channel>
    <channel update="i" site="horizon.tv.nl" site_id="24443943182" xmltv_id="RTL 8 HD">RTL 8 HD</channel>
    <channel update="i" site="horizon.tv.nl" site_id="120746535305" xmltv_id="FOX HD">FOX HD</channel>
    <channel update="i" site="horizon.tv.nl" site_id="120746535304" xmltv_id="FOX">FOX</channel>
    <channel update="i" site="horizon.tv.nl" site_id="24443943134" xmltv_id="UPC On Demand">UPC On Demand</channel>
    <channel update="i" site="horizon.tv.nl" site_id="24443943224" xmltv_id="UPC Info en Kijktips">UPC Info en Kijktips</channel>
    <channel update="i" site="horizon.tv.nl" site_id="24443943085" xmltv_id="Zender van de Maand">Zender van de Maand</channel>
    <channel update="i" site="horizon.tv.nl" site_id="24443943133" xmltv_id="Evenementenkanaal">Evenementenkanaal</channel>
    <channel update="i" site="horizon.tv.nl" site_id="24443943012" xmltv_id="Comedy Central HD">Comedy Central HD</channel>
    <channel update="i" site="horizon.tv.nl" site_id="24443943011" xmltv_id="Comedy Central">Comedy Central</channel>
    <channel update="i" site="horizon.tv.nl" site_id="24443943009" xmltv_id="Discovery HD">Discovery HD</channel>
    <channel update="i" site="horizon.tv.nl" site_id="24443943008" xmltv_id="Discovery Channel">Discovery Channel</channel>
    <channel update="i" site="horizon.tv.nl" site_id="24443943035" xmltv_id="Nat. Geo. HD">Nat. Geo. HD</channel>
    <channel update="i" site="horizon.tv.nl" site_id="24443943042" xmltv_id="National Geographic">National Geographic</channel>
    <channel update="i" site="horizon.tv.nl" site_id="24443943175" xmltv_id="Nickelodeon">Nickelodeon</channel>
    <channel update="i" site="horizon.tv.nl" site_id="24443942993" xmltv_id="Disney Channel">Disney Channel</channel>
    <channel update="i" site="horizon.tv.nl" site_id="24443942989" xmltv_id="TLC HD">TLC HD</channel>
    <channel update="i" site="horizon.tv.nl" site_id="24443942990" xmltv_id="TLC">TLC</channel>
    <channel update="i" site="horizon.tv.nl" site_id="24443943006" xmltv_id="MTV HD">MTV HD</channel>
    <channel update="i" site="horizon.tv.nl" site_id="24443943007" xmltv_id="MTV">MTV</channel>
    <channel update="i" site="horizon.tv.nl" site_id="24443943028" xmltv_id="Xite Music">Xite Music</channel>
    <channel update="i" site="horizon.tv.nl" site_id="24443943065" xmltv_id="24Kitchen HD">24Kitchen HD</channel>
    <channel update="i" site="horizon.tv.nl" site_id="24443943067" xmltv_id="24Kitchen">24Kitchen</channel>
    <channel update="i" site="horizon.tv.nl" site_id="24443943073" xmltv_id="Shorts TV HD">Shorts TV HD</channel>
    <channel update="i" site="horizon.tv.nl" site_id="24443943072" xmltv_id="Shorts TV">Shorts TV</channel>
    <channel update="i" site="horizon.tv.nl" site_id="119414823238" xmltv_id="FOXlife">FOXlife</channel>
    <channel update="i" site="horizon.tv.nl" site_id="119414823237" xmltv_id="FOXlife HD">FOXlife HD</channel>
    <channel update="i" site="horizon.tv.nl" site_id="24443943060" xmltv_id="RTL Lounge">RTL Lounge</channel>
    <channel update="i" site="horizon.tv.nl" site_id="24443943076" xmltv_id="Comedy Central Family">Comedy Central Family</channel>
    <channel update="i" site="horizon.tv.nl" site_id="24443943114" xmltv_id="13th Street HD">13th Street HD</channel>
    <channel update="i" site="horizon.tv.nl" site_id="24443943113" xmltv_id="13th Street">13th Street</channel>
    <channel update="i" site="horizon.tv.nl" site_id="24443943058" xmltv_id="een HD">een HD</channel>
    <channel update="i" site="horizon.tv.nl" site_id="24443943057" xmltv_id="een">een</channel>
    <channel update="i" site="horizon.tv.nl" site_id="24443943117" xmltv_id="Canvas">Canvas</channel>
    <channel update="i" site="horizon.tv.nl" site_id="24443943116" xmltv_id="Canvas HD">Canvas HD</channel>
    <channel update="i" site="horizon.tv.nl" site_id="24443943087" xmltv_id="Ketnet">Ketnet</channel>
    <channel update="i" site="horizon.tv.nl" site_id="24443943131" xmltv_id="ARD HD">ARD HD</channel>
    <channel update="i" site="horizon.tv.nl" site_id="24443943130" xmltv_id="ARD">ARD</channel>
    <channel update="i" site="horizon.tv.nl" site_id="24443943000" xmltv_id="ZDF HD">ZDF HD</channel>
    <channel update="i" site="horizon.tv.nl" site_id="24443942996" xmltv_id="ZDF">ZDF</channel>
    <channel update="i" site="horizon.tv.nl" site_id="24443943112" xmltv_id="WDR">WDR</channel>
    <channel update="i" site="horizon.tv.nl" site_id="24443943105" xmltv_id="NDR">NDR</channel>
    <channel update="i" site="horizon.tv.nl" site_id="24443943107" xmltv_id="RTL Television">RTL Television</channel>
    <channel update="i" site="horizon.tv.nl" site_id="24443942986" xmltv_id="SAT.1">SAT.1</channel>
    <channel update="i" site="horizon.tv.nl" site_id="24443942997" xmltv_id="BBC 1">BBC 1</channel>
    <channel update="i" site="horizon.tv.nl" site_id="24443942999" xmltv_id="BBC 1 HD">BBC 1 HD</channel>
    <channel update="i" site="horizon.tv.nl" site_id="24443943052" xmltv_id="BBC 2">BBC 2</channel>
    <channel update="i" site="horizon.tv.nl" site_id="24443943050" xmltv_id="BBC 2 HD">BBC 2 HD</channel>
    <channel update="i" site="horizon.tv.nl" site_id="24443943013" xmltv_id="BBC 3/CbbC">BBC 3/CbbC</channel>
    <channel update="i" site="horizon.tv.nl" site_id="24443943080" xmltv_id="BBC 4/Cbeebies">BBC 4/Cbeebies</channel>
    <channel update="i" site="horizon.tv.nl" site_id="24443943099" xmltv_id="BBC Entertainment">BBC Entertainment</channel>
    <channel update="i" site="horizon.tv.nl" site_id="24443943054" xmltv_id="TV 5 Monde Europe">TV 5 Monde Europe</channel>
    <channel update="i" site="horizon.tv.nl" site_id="24443942991" xmltv_id="TVE">TVE</channel>
    <channel update="i" site="horizon.tv.nl" site_id="24443943159" xmltv_id="Rai Uno">Rai Uno</channel>
    <channel update="i" site="horizon.tv.nl" site_id="24443943118" xmltv_id="RTV-7">RTV-7</channel>
    <channel update="i" site="horizon.tv.nl" site_id="24443943106" xmltv_id="Animal Planet HD">Animal Planet HD</channel>
    <channel update="i" site="horizon.tv.nl" site_id="24443943044" xmltv_id="FashionTV HD">FashionTV HD</channel>
    <channel update="i" site="horizon.tv.nl" site_id="24443943145" xmltv_id="myZen.tv HD">myZen.tv HD</channel>
    <channel update="i" site="horizon.tv.nl" site_id="185866791160" xmltv_id="Film1 Premiere">Film1 Premiere</channel>
    <channel update="i" site="horizon.tv.nl" site_id="24443943165" xmltv_id="Film1 Premiere HD">Film1 Premiere HD</channel>
    <channel update="i" site="horizon.tv.nl" site_id="185866791165" xmltv_id="Film1 Action">Film1 Action</channel>
    <channel update="i" site="horizon.tv.nl" site_id="24443943173" xmltv_id="Film1 Action HD">Film1 Action HD</channel>
    <channel update="i" site="horizon.tv.nl" site_id="185866791166" xmltv_id="Film1 Spotlight">Film1 Spotlight</channel>
    <channel update="i" site="horizon.tv.nl" site_id="185866791164" xmltv_id="Film1 Comedy &amp; Kids HD">Film1 Comedy &amp; Kids HD</channel>
    <channel update="i" site="horizon.tv.nl" site_id="185866791163" xmltv_id="Film1 Comedy &amp; Kids">Film1 Comedy &amp; Kids</channel>
    <channel update="i" site="horizon.tv.nl" site_id="153935399225" xmltv_id="Film1 Spotlight HD">Film1 Spotlight HD</channel>
    <channel update="i" site="horizon.tv.nl" site_id="185866791162" xmltv_id="Film1 Sundance">Film1 Sundance</channel>
    <channel update="i" site="horizon.tv.nl" site_id="24443943033" xmltv_id="RTL Crime">RTL Crime</channel>
    <channel update="i" site="horizon.tv.nl" site_id="24443943125" xmltv_id="Syfy HD">Syfy HD</channel>
    <channel update="i" site="horizon.tv.nl" site_id="24443943123" xmltv_id="Syfy">Syfy</channel>
    <channel update="i" site="horizon.tv.nl" site_id="24443943041" xmltv_id="C&amp;I">C&amp;I</channel>
    <channel update="i" site="horizon.tv.nl" site_id="24443943110" xmltv_id="Investigation Disc.">Investigation Disc.</channel>
    <channel update="i" site="horizon.tv.nl" site_id="24443943077" xmltv_id="Comedy Central Extra">Comedy Central Extra</channel>
    <channel update="i" site="horizon.tv.nl" site_id="174276135065" xmltv_id="E! Entertainment HD">E! Entertainment HD</channel>
    <channel update="i" site="horizon.tv.nl" site_id="24443943062" xmltv_id="E! Entertainment">E! Entertainment</channel>
    <channel update="i" site="horizon.tv.nl" site_id="24443943102" xmltv_id="Best 24">Best 24</channel>
    <channel update="i" site="horizon.tv.nl" site_id="24443943148" xmltv_id="101TV">101TV</channel>
    <channel update="i" site="horizon.tv.nl" site_id="24443942984" xmltv_id="OUT TV">OUT TV</channel>
    <channel update="i" site="horizon.tv.nl" site_id="24443943064" xmltv_id="Humor TV 24">Humor TV 24</channel>
    <channel update="i" site="horizon.tv.nl" site_id="185866791161" xmltv_id="MGM">MGM</channel>
    <channel update="i" site="horizon.tv.nl" site_id="24443943120" xmltv_id="HBO HD">HBO HD</channel>
    <channel update="i" site="horizon.tv.nl" site_id="24443943128" xmltv_id="HBO 2 HD">HBO 2 HD</channel>
    <channel update="i" site="horizon.tv.nl" site_id="24443943168" xmltv_id="HBO 3 HD">HBO 3 HD</channel>
    <channel update="i" site="horizon.tv.nl" site_id="24443943029" xmltv_id="Eurosport HD">Eurosport HD</channel>
    <channel update="i" site="horizon.tv.nl" site_id="24443943031" xmltv_id="Eurosport">Eurosport</channel>
    <channel update="i" site="horizon.tv.nl" site_id="24443943157" xmltv_id="Eurosport 2 HD">Eurosport 2 HD</channel>
    <channel update="i" site="horizon.tv.nl" site_id="24443943158" xmltv_id="Eurosport 2">Eurosport 2</channel>
    <channel update="i" site="horizon.tv.nl" site_id="24443943122" xmltv_id="Extreme Sports">Extreme Sports</channel>
    <channel update="i" site="horizon.tv.nl" site_id="24443943016" xmltv_id="Motors TV">Motors TV</channel>
    <channel update="i" site="horizon.tv.nl" site_id="24443943161" xmltv_id="Sport1 Select HD">Sport1 Select HD</channel>
    <channel update="i" site="horizon.tv.nl" site_id="24443943162" xmltv_id="Sport1 Select">Sport1 Select</channel>
    <channel update="i" site="horizon.tv.nl" site_id="24443943164" xmltv_id="Sport1 Voetbal HD">Sport1 Voetbal HD</channel>
    <channel update="i" site="horizon.tv.nl" site_id="24443943163" xmltv_id="Sport1 Voetbal">Sport1 Voetbal</channel>
    <channel update="i" site="horizon.tv.nl" site_id="24443943140" xmltv_id="Sport1 Golf">Sport1 Golf</channel>
    <channel update="i" site="horizon.tv.nl" site_id="24443943143" xmltv_id="Sport1 Tennis">Sport1 Tennis</channel>
    <channel update="i" site="horizon.tv.nl" site_id="40301607426" xmltv_id="Sport1 Extra 1">Sport1 Extra 1</channel>
    <channel update="i" site="horizon.tv.nl" site_id="24443943189" xmltv_id="Sport1 Extra 2">Sport1 Extra 2</channel>
    <channel update="i" site="horizon.tv.nl" site_id="119414823234" xmltv_id="FOX Sports 1 Ere.">FOX Sports 1 Ere.</channel>
    <channel update="i" site="horizon.tv.nl" site_id="119414823233" xmltv_id="FOX Sports 1 HD Ere.">FOX Sports 1 HD Ere.</channel>
    <channel update="i" site="horizon.tv.nl" site_id="119414823228" xmltv_id="FOX Sports 2">FOX Sports 2</channel>
    <channel update="i" site="horizon.tv.nl" site_id="119414823227" xmltv_id="FOX Sports 2 HD">FOX Sports 2 HD</channel>
    <channel update="i" site="horizon.tv.nl" site_id="119414823236" xmltv_id="FOX Sports 3 Ere.">FOX Sports 3 Ere.</channel>
    <channel update="i" site="horizon.tv.nl" site_id="119414823235" xmltv_id="FOX Sports 3 HD Ere.">FOX Sports 3 HD Ere.</channel>
    <channel update="i" site="horizon.tv.nl" site_id="119414823230" xmltv_id="FOX Sports 4 HD">FOX Sports 4 HD</channel>
    <channel update="i" site="horizon.tv.nl" site_id="119414823229" xmltv_id="FOX Sports 4">FOX Sports 4</channel>
    <channel update="i" site="horizon.tv.nl" site_id="119414823232" xmltv_id="FOX Sports 5 Ere.">FOX Sports 5 Ere.</channel>
    <channel update="i" site="horizon.tv.nl" site_id="119414823231" xmltv_id="FOX Sports 5 HD Ere.">FOX Sports 5 HD Ere.</channel>
    <channel update="i" site="horizon.tv.nl" site_id="119414823240" xmltv_id="FOX Sports 1 Ere. PPV">FOX Sports 1 Ere. PPV</channel>
    <channel update="i" site="horizon.tv.nl" site_id="155550759272" xmltv_id="FOX Sports 2 PPV">FOX Sports 2 PPV</channel>
    <channel update="i" site="horizon.tv.nl" site_id="119414823239" xmltv_id="FOX Sports 3 Ere. PPV">FOX Sports 3 Ere. PPV</channel>
    <channel update="i" site="horizon.tv.nl" site_id="153935399224" xmltv_id="Fox Sports 4 PPV">Fox Sports 4 PPV</channel>
    <channel update="i" site="horizon.tv.nl" site_id="119414823241" xmltv_id="FOX Sports 5 Ere. PPV">FOX Sports 5 Ere. PPV</channel>
    <channel update="i" site="horizon.tv.nl" site_id="24443942981" xmltv_id="Sport1 Select PPV">Sport1 Select PPV</channel>
    <channel update="i" site="horizon.tv.nl" site_id="24443942979" xmltv_id="Sport1 Voetbal PPV">Sport1 Voetbal PPV</channel>
    <channel update="i" site="horizon.tv.nl" site_id="155550759273" xmltv_id="Sport1 Golf PPV">Sport1 Golf PPV</channel>
    <channel update="i" site="horizon.tv.nl" site_id="112676391039" xmltv_id="Sport1 Tennis PPV">Sport1 Tennis PPV</channel>
    <channel update="i" site="horizon.tv.nl" site_id="24443942980" xmltv_id="Sport1 Extra1 PPV">Sport1 Extra1 PPV</channel>
    <channel update="i" site="horizon.tv.nl" site_id="24443942974" xmltv_id="Sport1 Extra2 PPV">Sport1 Extra2 PPV</channel>
    <channel update="i" site="horizon.tv.nl" site_id="24443943097" xmltv_id="Disc. Science">Disc. Science</channel>
    <channel update="i" site="horizon.tv.nl" site_id="24443943084" xmltv_id="Discovery World">Discovery World</channel>
    <channel update="i" site="horizon.tv.nl" site_id="24443943047" xmltv_id="HISTORY HD">HISTORY HD</channel>
    <channel update="i" site="horizon.tv.nl" site_id="24443943056" xmltv_id="HISTORY">HISTORY</channel>
    <channel update="i" site="horizon.tv.nl" site_id="24443943160" xmltv_id="Holland Doc 24">Holland Doc 24</channel>
    <channel update="i" site="horizon.tv.nl" site_id="24443943124" xmltv_id="NostalgieNet">NostalgieNet</channel>
    <channel update="i" site="horizon.tv.nl" site_id="24443943046" xmltv_id="Travel Channel">Travel Channel</channel>
    <channel update="i" site="horizon.tv.nl" site_id="174276135064" xmltv_id="Nat Geo Wild HD">Nat Geo Wild HD</channel>
    <channel update="i" site="horizon.tv.nl" site_id="24443943038" xmltv_id="Nat. Geo. Wild">Nat. Geo. Wild</channel>
    <channel update="i" site="horizon.tv.nl" site_id="24443943108" xmltv_id="Cultura 24">Cultura 24</channel>
    <channel update="i" site="horizon.tv.nl" site_id="24443943121" xmltv_id="Arte">Arte</channel>
    <channel update="i" site="horizon.tv.nl" site_id="24443943111" xmltv_id="CBS Reality">CBS Reality</channel>
    <channel update="i" site="horizon.tv.nl" site_id="24443943174" xmltv_id="Family 7">Family 7</channel>
    <channel update="i" site="horizon.tv.nl" site_id="100143655219" xmltv_id="CNN">CNN</channel>
    <channel update="i" site="horizon.tv.nl" site_id="24443943027" xmltv_id="euronews">euronews</channel>
    <channel update="i" site="horizon.tv.nl" site_id="24443943049" xmltv_id="BBC World News">BBC World News</channel>
    <channel update="i" site="horizon.tv.nl" site_id="24443943149" xmltv_id="Journaal 24">Journaal 24</channel>
    <channel update="i" site="horizon.tv.nl" site_id="24443943152" xmltv_id="Politiek 24/Sport 24">Politiek 24/Sport 24</channel>
    <channel update="i" site="horizon.tv.nl" site_id="24443943051" xmltv_id="CNBC">CNBC</channel>
    <channel update="i" site="horizon.tv.nl" site_id="24443943048" xmltv_id="Al Jazeera English">Al Jazeera English</channel>
    <channel update="i" site="horizon.tv.nl" site_id="24443943024" xmltv_id="Sky News">Sky News</channel>
    <channel update="i" site="horizon.tv.nl" site_id="404180007318" xmltv_id="CCTV News">CCTV News</channel>
    <channel update="i" site="horizon.tv.nl" site_id="24443943186" xmltv_id="Cartoon Network">Cartoon Network</channel>
    <channel update="i" site="horizon.tv.nl" site_id="24443943100" xmltv_id="RTL Telekids">RTL Telekids</channel>
    <channel update="i" site="horizon.tv.nl" site_id="24443943086" xmltv_id="Disney XD">Disney XD</channel>
    <channel update="i" site="horizon.tv.nl" site_id="24443942992" xmltv_id="Nick JR">Nick JR</channel>
    <channel update="i" site="horizon.tv.nl" site_id="24443943095" xmltv_id="Boomerang">Boomerang</channel>
    <channel update="i" site="horizon.tv.nl" site_id="24443942995" xmltv_id="JimJam">JimJam</channel>
    <channel update="i" site="horizon.tv.nl" site_id="24443943005" xmltv_id="Baby TV">Baby TV</channel>
    <channel update="i" site="horizon.tv.nl" site_id="24443943018" xmltv_id="Zappelin/Zapp">Zappelin/Zapp</channel>
    <channel update="i" site="horizon.tv.nl" site_id="24443943101" xmltv_id="Disney Junior">Disney Junior</channel>
    <channel update="i" site="horizon.tv.nl" site_id="24443942994" xmltv_id="Nick Toons">Nick Toons</channel>
    <channel update="i" site="horizon.tv.nl" site_id="24443943216" xmltv_id="Nick Hits">Nick Hits</channel>
    <channel update="i" site="horizon.tv.nl" site_id="24443943082" xmltv_id="Pebble TV">Pebble TV</channel>
    <channel update="i" site="horizon.tv.nl" site_id="24443943021" xmltv_id="538">538</channel>
    <channel update="i" site="horizon.tv.nl" site_id="24443943214" xmltv_id="MTV Music 24">MTV Music 24</channel>
    <channel update="i" site="horizon.tv.nl" site_id="24443943025" xmltv_id="DanceTrippin TV">DanceTrippin TV</channel>
    <channel update="i" site="horizon.tv.nl" site_id="24443943136" xmltv_id="MTV Brand New">MTV Brand New</channel>
    <channel update="i" site="horizon.tv.nl" site_id="24443943138" xmltv_id="SLAM!TV">SLAM!TV</channel>
    <channel update="i" site="horizon.tv.nl" site_id="24443943150" xmltv_id="Lite TV">Lite TV</channel>
    <channel update="i" site="horizon.tv.nl" site_id="24443943155" xmltv_id="192 TV">192 TV</channel>
    <channel update="i" site="horizon.tv.nl" site_id="24443943039" xmltv_id="VH1 Classic">VH1 Classic</channel>
    <channel update="i" site="horizon.tv.nl" site_id="24443943156" xmltv_id="brava nl klassiek">brava nl klassiek</channel>
    <channel update="i" site="horizon.tv.nl" site_id="24443943129" xmltv_id="Mezzo">Mezzo</channel>
    <channel update="i" site="horizon.tv.nl" site_id="24443943032" xmltv_id="DjazzTV">DjazzTV</channel>
    <channel update="i" site="horizon.tv.nl" site_id="24443943188" xmltv_id="TV Oranje">TV Oranje</channel>
    <channel update="i" site="horizon.tv.nl" site_id="24443943192" xmltv_id="RTV Noord">RTV Noord</channel>
    <channel update="i" site="horizon.tv.nl" site_id="24443943144" xmltv_id="Omrop Fryslan">Omrop Fryslan</channel>
    <channel update="i" site="horizon.tv.nl" site_id="24443943187" xmltv_id="RTV Drenthe">RTV Drenthe</channel>
    <channel update="i" site="horizon.tv.nl" site_id="24443943043" xmltv_id="RTV Oost">RTV Oost</channel>
    <channel update="i" site="horizon.tv.nl" site_id="24443943141" xmltv_id="Omroep Gelderland">Omroep Gelderland</channel>
    <channel update="i" site="horizon.tv.nl" site_id="24443943001" xmltv_id="Omroep Flevoland">Omroep Flevoland</channel>
    <channel update="i" site="horizon.tv.nl" site_id="24443943063" xmltv_id="RTV Noord-Holland">RTV Noord-Holland</channel>
    <channel update="i" site="horizon.tv.nl" site_id="24443943078" xmltv_id="RTV Utrecht">RTV Utrecht</channel>
    <channel update="i" site="horizon.tv.nl" site_id="24443943071" xmltv_id="TV West">TV West</channel>
    <channel update="i" site="horizon.tv.nl" site_id="24443943075" xmltv_id="TV Rijnmond">TV Rijnmond</channel>
    <channel update="i" site="horizon.tv.nl" site_id="24443943178" xmltv_id="Omroep Zeeland">Omroep Zeeland</channel>
    <channel update="i" site="horizon.tv.nl" site_id="24443943069" xmltv_id="Omroep Brabant">Omroep Brabant</channel>
    <channel update="i" site="horizon.tv.nl" site_id="24443943061" xmltv_id="L1">L1</channel>
    <channel update="i" site="horizon.tv.nl" site_id="24443943004" xmltv_id="AT5">AT5</channel>
    <channel update="i" site="horizon.tv.nl" site_id="24443943030" xmltv_id="StarPlus">StarPlus</channel>
    <channel update="i" site="horizon.tv.nl" site_id="404180007317" xmltv_id="Star Gold">Star Gold</channel>
    <channel update="i" site="horizon.tv.nl" site_id="24443943055" xmltv_id="Star Life OK">Star Life OK</channel>
    <channel update="i" site="horizon.tv.nl" site_id="24443943023" xmltv_id="Zee TV">Zee TV</channel>
    <channel update="i" site="horizon.tv.nl" site_id="24443943185" xmltv_id="Zee Cinema">Zee Cinema</channel>
    <channel update="i" site="horizon.tv.nl" site_id="24443943022" xmltv_id="Zing">Zing</channel>
    <channel update="i" site="horizon.tv.nl" site_id="24443943221" xmltv_id="Al Arabiya">Al Arabiya</channel>
    <channel update="i" site="horizon.tv.nl" site_id="24443943053" xmltv_id="TVM Int">TVM Int</channel>
    <channel update="i" site="horizon.tv.nl" site_id="24443943036" xmltv_id="MBC">MBC</channel>
    <channel update="i" site="horizon.tv.nl" site_id="24443943010" xmltv_id="Al Jazeera">Al Jazeera</channel>
    <channel update="i" site="horizon.tv.nl" site_id="24443943153" xmltv_id="ATV">ATV</channel>
    <channel update="i" site="horizon.tv.nl" site_id="24443943090" xmltv_id="Samanyolu TV">Samanyolu TV</channel>
    <channel update="i" site="horizon.tv.nl" site_id="24443943109" xmltv_id="Euro D">Euro D</channel>
    <channel update="i" site="horizon.tv.nl" site_id="24443942998" xmltv_id="HaberTurk">HaberTurk</channel>
    <channel update="i" site="horizon.tv.nl" site_id="24443943026" xmltv_id="TGRT Europe">TGRT Europe</channel>
    <channel update="i" site="horizon.tv.nl" site_id="24443943092" xmltv_id="Euro Star">Euro Star</channel>
    <channel update="i" site="horizon.tv.nl" site_id="24443943081" xmltv_id="TRT TÃ¼rk">TRT TÃ¼rk</channel>
    <channel update="i" site="horizon.tv.nl" site_id="24443943020" xmltv_id="Passie TV">Passie TV</channel>
    <channel update="i" site="horizon.tv.nl" site_id="24443943103" xmltv_id="MvH Soft/Dusk!">MvH Soft/Dusk!</channel>
    <channel update="i" site="horizon.tv.nl" site_id="24443943068" xmltv_id="Brazzers TV Europe">Brazzers TV Europe</channel>
    <channel update="i" site="horizon.tv.nl" site_id="24443943083" xmltv_id="Passie XXX (Xotix)">Passie XXX (Xotix)</channel>
    <channel update="i" site="horizon.tv.nl" site_id="24443943088" xmltv_id="MvH Hard (Xotix)">MvH Hard (Xotix)</channel>
    <channel update="i" site="horizon.tv.nl" site_id="24443943019" xmltv_id="DUSK! (Xotix)">DUSK! (Xotix)</channel>
    <channel update="i" site="horizon.tv.nl" site_id="24443943115" xmltv_id="Dorcel XXX HD (Xotix">Dorcel XXX HD (Xotix</channel>
    <channel update="i" site="horizon.tv.nl" site_id="24443943126" xmltv_id="X-MO">X-MO</channel>
    <channel update="i" site="horizon.tv.nl" site_id="24443942985" xmltv_id="OUT TV">OUT TV</channel>
    <channel update="i" site="horizon.tv.nl" site_id="24443943017" xmltv_id="GoedTV">GoedTV</channel>
    <channel update="i" site="horizon.tv.nl" site_id="24443943135" xmltv_id="Testbeeld">Testbeeld</channel>
  </channels>
</site>