﻿<?xml version="1.0" encoding="UTF-8"?>
<site generator-info-name="WebGrab+Plus version 1.0.8 Beta -- Jan van Straaten" site="mojportal.si">
  <channels>
    <channel update="i" site="mojportal.si" site_id="19/tv-slovenija-1" xmltv_id="TV Slovenija 1">TV Slovenija 1</channel>
    <channel update="i" site="mojportal.si" site_id="20/tv-slovenija-2" xmltv_id="TV Slovenija 2">TV Slovenija 2</channel>
    <channel update="i" site="mojportal.si" site_id="17/pop-tv" xmltv_id="Pop TV">Pop TV</channel>
    <channel update="i" site="mojportal.si" site_id="220/pop-brio" xmltv_id="POP Brio">POP Brio</channel>
    <channel update="i" site="mojportal.si" site_id="18/kanal-a" xmltv_id="Kanal A">Kanal A</channel>
    <channel update="i" site="mojportal.si" site_id="23/tv3" xmltv_id="TV3">TV3</channel>
    <channel update="i" site="mojportal.si" site_id="221/tv-slovenija-3" xmltv_id="TV Slovenija 3">TV Slovenija 3</channel>
    <channel update="i" site="mojportal.si" site_id="196/sport-tv-1" xmltv_id="Šport TV 1">Šport TV 1</channel>
    <channel update="i" site="mojportal.si" site_id="197/sport-tv-2" xmltv_id="Šport TV 2">Šport TV 2</channel>
    <channel update="i" site="mojportal.si" site_id="222/sport-klub" xmltv_id="Sport Klub">Sport Klub</channel>
    <channel update="i" site="mojportal.si" site_id="223/sport-klub-plus" xmltv_id="Sport Klub Plus">Sport Klub Plus</channel>
    <channel update="i" site="mojportal.si" site_id="224/golf-klub" xmltv_id="Golf Klub">Golf Klub</channel>
    <channel update="i" site="mojportal.si" site_id="200/pinksi" xmltv_id="Pink.si">Pink.si</channel>
    <channel update="i" site="mojportal.si" site_id="22/tv-maribor" xmltv_id="TV Maribor">TV Maribor</channel>
    <channel update="i" site="mojportal.si" site_id="21/tv-koper" xmltv_id="TV Koper">TV Koper</channel>
    <channel update="i" site="mojportal.si" site_id="229/info-tv" xmltv_id="Info TV">Info TV</channel>
    <channel update="i" site="mojportal.si" site_id="231/rts" xmltv_id="RTS">RTS</channel>
    <channel update="i" site="mojportal.si" site_id="235/sponka-tv" xmltv_id="Sponka TV">Sponka TV</channel>
    <channel update="i" site="mojportal.si" site_id="236/sponka-arena" xmltv_id="Sponka Arena">Sponka Arena</channel>
    <channel update="i" site="mojportal.si" site_id="228/gea-tv" xmltv_id="GEA TV">GEA TV</channel>
    <channel update="i" site="mojportal.si" site_id="234/vas-kanal" xmltv_id="Vaš Kanal">Vaš Kanal</channel>
    <channel update="i" site="mojportal.si" site_id="251/gtv" xmltv_id="GTV">GTV</channel>
    <channel update="i" site="mojportal.si" site_id="252/sip-tv" xmltv_id="SIP TV">SIP TV</channel>
    <channel update="i" site="mojportal.si" site_id="230/net-tv" xmltv_id="Net TV">Net TV</channel>
    <channel update="i" site="mojportal.si" site_id="262/tv-arena" xmltv_id="TV Arena">TV Arena</channel>
    <channel update="i" site="mojportal.si" site_id="237/tv-primorka" xmltv_id="TV Primorka">TV Primorka</channel>
    <channel update="i" site="mojportal.si" site_id="239/veseljak-tv" xmltv_id="Veseljak TV">Veseljak TV</channel>
    <channel update="i" site="mojportal.si" site_id="238/tv-as" xmltv_id="TV AS">TV AS</channel>
    <channel update="i" site="mojportal.si" site_id="233/tv-celje" xmltv_id="TV Celje">TV Celje</channel>
    <channel update="i" site="mojportal.si" site_id="1/htv1" xmltv_id="HTV1">HTV1</channel>
    <channel update="i" site="mojportal.si" site_id="2/htv2" xmltv_id="HTV2">HTV2</channel>
    <channel update="i" site="mojportal.si" site_id="3/nova-tv" xmltv_id="NOVA TV">NOVA TV</channel>
    <channel update="i" site="mojportal.si" site_id="4/rtl" xmltv_id="RTL">RTL</channel>
    <channel update="i" site="mojportal.si" site_id="185/doma-tv" xmltv_id="Doma TV">Doma TV</channel>
    <channel update="i" site="mojportal.si" site_id="186/rtl2" xmltv_id="RTL2">RTL2</channel>
    <channel update="i" site="mojportal.si" site_id="90/orf1" xmltv_id="ORF1">ORF1</channel>
    <channel update="i" site="mojportal.si" site_id="91/orf2" xmltv_id="ORF2">ORF2</channel>
    <channel update="i" site="mojportal.si" site_id="102/rai-uno" xmltv_id="RAI Uno">RAI Uno</channel>
    <channel update="i" site="mojportal.si" site_id="103/rai-due" xmltv_id="RAI Due">RAI Due</channel>
    <channel update="i" site="mojportal.si" site_id="104/rai-tre" xmltv_id="RAI Tre">RAI Tre</channel>
    <channel update="i" site="mojportal.si" site_id="162/italia-1" xmltv_id="Italia 1">Italia 1</channel>
    <channel update="i" site="mojportal.si" site_id="163/canale-5" xmltv_id="Canale 5">Canale 5</channel>
    <channel update="i" site="mojportal.si" site_id="164/rete-4" xmltv_id="Rete 4">Rete 4</channel>
    <channel update="i" site="mojportal.si" site_id="198/fox-life" xmltv_id="Fox Life">Fox Life</channel>
    <channel update="i" site="mojportal.si" site_id="199/fox-crime" xmltv_id="Fox Crime">Fox Crime</channel>
    <channel update="i" site="mojportal.si" site_id="201/hbo" xmltv_id="HBO">HBO</channel>
    <channel update="i" site="mojportal.si" site_id="202/hbo-comedy" xmltv_id="HBO Comedy">HBO Comedy</channel>
    <channel update="i" site="mojportal.si" site_id="203/cinemax" xmltv_id="Cinemax">Cinemax</channel>
    <channel update="i" site="mojportal.si" site_id="204/cinemax-2" xmltv_id="Cinemax 2">Cinemax 2</channel>
    <channel update="i" site="mojportal.si" site_id="208/tv1000" xmltv_id="TV1000">TV1000</channel>
    <channel update="i" site="mojportal.si" site_id="24/bht1" xmltv_id="BHT1">BHT1</channel>
    <channel update="i" site="mojportal.si" site_id="25/ftv" xmltv_id="FTV">FTV</channel>
    <channel update="i" site="mojportal.si" site_id="27/pink" xmltv_id="PINK">PINK</channel>
    <channel update="i" site="mojportal.si" site_id="28/pink-bh" xmltv_id="PINK BH">PINK BH</channel>
    <channel update="i" site="mojportal.si" site_id="29/pink-plus" xmltv_id="PINK Plus">PINK Plus</channel>
    <channel update="i" site="mojportal.si" site_id="31/b92" xmltv_id="B92">B92</channel>
    <channel update="i" site="mojportal.si" site_id="33/rts1" xmltv_id="RTS1">RTS1</channel>
    <channel update="i" site="mojportal.si" site_id="34/rts2" xmltv_id="RTS2">RTS2</channel>
    <channel update="i" site="mojportal.si" site_id="35/hayat-tv" xmltv_id="Hayat TV">Hayat TV</channel>
    <channel update="i" site="mojportal.si" site_id="38/prva-srpska-televizija" xmltv_id="Prva srpska televizija">Prva srpska televizija</channel>
    <channel update="i" site="mojportal.si" site_id="39/atv" xmltv_id="ATV">ATV</channel>
    <channel update="i" site="mojportal.si" site_id="44/bbc-entertainment" xmltv_id="BBC Entertainment">BBC Entertainment</channel>
    <channel update="i" site="mojportal.si" site_id="71/b92-info" xmltv_id="B92 Info">B92 Info</channel>
    <channel update="i" site="mojportal.si" site_id="108/tv-avala" xmltv_id="TV Avala">TV Avala</channel>
    <channel update="i" site="mojportal.si" site_id="171/hayat-sat" xmltv_id="Hayat SAT">Hayat SAT</channel>
    <channel update="i" site="mojportal.si" site_id="172/rtcg-sat" xmltv_id="RTCG SAT">RTCG SAT</channel>
    <channel update="i" site="mojportal.si" site_id="173/rtcg1" xmltv_id="RTCG1">RTCG1</channel>
    <channel update="i" site="mojportal.si" site_id="174/rtcg2" xmltv_id="RTCG2">RTCG2</channel>
    <channel update="i" site="mojportal.si" site_id="182/tv-novi-sad-1" xmltv_id="TV Novi Sad 1">TV Novi Sad 1</channel>
    <channel update="i" site="mojportal.si" site_id="183/tv-novi-sad-2" xmltv_id="TV Novi Sad 2">TV Novi Sad 2</channel>
    <channel update="i" site="mojportal.si" site_id="209/viasat-explorer" xmltv_id="Viasat Explorer">Viasat Explorer</channel>
    <channel update="i" site="mojportal.si" site_id="210/viasat-history" xmltv_id="Viasat History">Viasat History</channel>
    <channel update="i" site="mojportal.si" site_id="211/discovery-channel" xmltv_id="Discovery Channel">Discovery Channel</channel>
    <channel update="i" site="mojportal.si" site_id="212/animal-planet" xmltv_id="Animal Planet">Animal Planet</channel>
    <channel update="i" site="mojportal.si" site_id="213/discovery-science" xmltv_id="Discovery Science">Discovery Science</channel>
    <channel update="i" site="mojportal.si" site_id="214/discovery-world" xmltv_id="Discovery World">Discovery World</channel>
    <channel update="i" site="mojportal.si" site_id="215/discovery-travel" xmltv_id="Discovery Travel">Discovery Travel</channel>
    <channel update="i" site="mojportal.si" site_id="216/history-channel" xmltv_id="History Channel">History Channel</channel>
    <channel update="i" site="mojportal.si" site_id="205/national-geographic" xmltv_id="National Geographic">National Geographic</channel>
    <channel update="i" site="mojportal.si" site_id="206/nat-geo-wild" xmltv_id="Nat Geo Wild">Nat Geo Wild</channel>
    <channel update="i" site="mojportal.si" site_id="81/fashion-tv" xmltv_id="Fashion Tv">Fashion Tv</channel>
    <channel update="i" site="mojportal.si" site_id="82/e-entertainment" xmltv_id="E! Entertainment">E! Entertainment</channel>
    <channel update="i" site="mojportal.si" site_id="54/boomerang" xmltv_id="Boomerang">Boomerang</channel>
    <channel update="i" site="mojportal.si" site_id="88/nickelodeon" xmltv_id="Nickelodeon">Nickelodeon</channel>
    <channel update="i" site="mojportal.si" site_id="99/kika" xmltv_id="KIKA">KIKA</channel>
    <channel update="i" site="mojportal.si" site_id="100/nick" xmltv_id="NICK">NICK</channel>
    <channel update="i" site="mojportal.si" site_id="101/super-rtl" xmltv_id="Super RTL">Super RTL</channel>
    <channel update="i" site="mojportal.si" site_id="125/tcmcartoon" xmltv_id="TCM/Cartoon">TCM/Cartoon</channel>
    <channel update="i" site="mojportal.si" site_id="144/duck-tv" xmltv_id="Duck TV">Duck TV</channel>
    <channel update="i" site="mojportal.si" site_id="153/tiji" xmltv_id="Tiji">Tiji</channel>
    <channel update="i" site="mojportal.si" site_id="45/mtv-base" xmltv_id="MTV Base">MTV Base</channel>
    <channel update="i" site="mojportal.si" site_id="46/mtv-hits" xmltv_id="MTV Hits">MTV Hits</channel>
    <channel update="i" site="mojportal.si" site_id="50/eurosport" xmltv_id="Eurosport">Eurosport</channel>
    <channel update="i" site="mojportal.si" site_id="52/sport-1" xmltv_id="Sport 1">Sport 1</channel>
    <channel update="i" site="mojportal.si" site_id="66/extreme-sports" xmltv_id="Extreme Sports">Extreme Sports</channel>
    <channel update="i" site="mojportal.si" site_id="68/espn-america" xmltv_id="ESPN America">ESPN America</channel>
    <channel update="i" site="mojportal.si" site_id="83/espn-classic" xmltv_id="ESPN Classic">ESPN Classic</channel>
    <channel update="i" site="mojportal.si" site_id="84/motors-tv" xmltv_id="Motors Tv">Motors Tv</channel>
    <channel update="i" site="mojportal.si" site_id="85/yacht-and-sail" xmltv_id="Yacht and Sail">Yacht and Sail</channel>
    <channel update="i" site="mojportal.si" site_id="87/vh1" xmltv_id="VH-1">VH-1</channel>
    <channel update="i" site="mojportal.si" site_id="107/rai-sport" xmltv_id="Rai Sport">Rai Sport</channel>
    <channel update="i" site="mojportal.si" site_id="121/mtv-dance" xmltv_id="MTV Dance">MTV Dance</channel>
    <channel update="i" site="mojportal.si" site_id="127/mtv-rocks" xmltv_id="MTV Rocks">MTV Rocks</channel>
    <channel update="i" site="mojportal.si" site_id="133/vh1-classic" xmltv_id="VH1 Classic">VH1 Classic</channel>
    <channel update="i" site="mojportal.si" site_id="135/cmusic" xmltv_id="C-Music">C-Music</channel>
    <channel update="i" site="mojportal.si" site_id="137/poker-channel" xmltv_id="Poker Channel">Poker Channel</channel>
    <channel update="i" site="mojportal.si" site_id="142/balkanika-mtv" xmltv_id="Balkanika MTV">Balkanika MTV</channel>
    <channel update="i" site="mojportal.si" site_id="146/trace-urban" xmltv_id="Trace Urban">Trace Urban</channel>
    <channel update="i" site="mojportal.si" site_id="147/natgeo-music" xmltv_id="NatGeo Music">NatGeo Music</channel>
    <channel update="i" site="mojportal.si" site_id="149/body-in-balance" xmltv_id="Body in balance">Body in balance</channel>
    <channel update="i" site="mojportal.si" site_id="152/viva" xmltv_id="VIVA">VIVA</channel>
    <channel update="i" site="mojportal.si" site_id="165/mtv" xmltv_id="MTV">MTV</channel>
    <channel update="i" site="mojportal.si" site_id="77/cnn" xmltv_id="CNN">CNN</channel>
    <channel update="i" site="mojportal.si" site_id="78/euronews" xmltv_id="Euronews">Euronews</channel>
    <channel update="i" site="mojportal.si" site_id="79/cnbc" xmltv_id="CNBC">CNBC</channel>
    <channel update="i" site="mojportal.si" site_id="80/bloomberg" xmltv_id="Bloomberg">Bloomberg</channel>
    <channel update="i" site="mojportal.si" site_id="93/zdf" xmltv_id="ZDF">ZDF</channel>
    <channel update="i" site="mojportal.si" site_id="94/sat1" xmltv_id="SAT1">SAT1</channel>
    <channel update="i" site="mojportal.si" site_id="95/pro7" xmltv_id="PRO7">PRO7</channel>
    <channel update="i" site="mojportal.si" site_id="96/rtl" xmltv_id="RTL">RTL</channel>
    <channel update="i" site="mojportal.si" site_id="97/3sat" xmltv_id="3SAT">3SAT</channel>
    <channel update="i" site="mojportal.si" site_id="98/vox" xmltv_id="VOX">VOX</channel>
    <channel update="i" site="mojportal.si" site_id="126/arte" xmltv_id="Arte">Arte</channel>
    <channel update="i" site="mojportal.si" site_id="150/das-erste" xmltv_id="Das Erste">Das Erste</channel>
    <channel update="i" site="mojportal.si" site_id="128/hustler" xmltv_id="Hustler">Hustler</channel>
    <channel update="i" site="mojportal.si" site_id="129/blue-hustler" xmltv_id="Blue Hustler">Blue Hustler</channel>
    <channel update="i" site="mojportal.si" site_id="130/private-spice" xmltv_id="Private Spice">Private Spice</channel>
    <channel update="i" site="mojportal.si" site_id="131/adult-channel" xmltv_id="Adult Channel">Adult Channel</channel>
    <channel update="i" site="mojportal.si" site_id="132/playboy-tv" xmltv_id="Playboy TV">Playboy TV</channel>
  </channels>
</site>