﻿<?xml version='1.0' encoding='UTF-8'?>
<site generator-info-name="WebGrab+Plus version 1.0.7 Beta -- Jan van Straaten" site="mydigiguide.com">
  <channels>
    <channel update="i" site="mydigiguide.com" site_id="203" xmltv_id="BBC 1 Northern Ireland">BBC 1 Northern Ireland</channel>
    <channel update="i" site="mydigiguide.com" site_id="202" xmltv_id="BBC 1 Scotland">BBC 1 Scotland</channel>
    <channel update="i" site="mydigiguide.com" site_id="201" xmltv_id="BBC 1 Wales">BBC 1 Wales</channel>
    <channel update="i" site="mydigiguide.com" site_id="50231" xmltv_id="BBC 1 London">BBC 1 London</channel>
    <channel update="i" site="mydigiguide.com" site_id="50235" xmltv_id="BBC 1 North">BBC 1 North</channel>
    <channel update="i" site="mydigiguide.com" site_id="50238" xmltv_id="BBC 1 North West">BBC 1 North West</channel>
    <channel update="i" site="mydigiguide.com" site_id="50237" xmltv_id="BBC 1 North East">BBC 1 North East</channel>
    <channel update="i" site="mydigiguide.com" site_id="50232" xmltv_id="BBC 1 Midlands">BBC 1 Midlands</channel>
    <channel update="i" site="mydigiguide.com" site_id="50233" xmltv_id="BBC 1 West">BBC 1 West</channel>
    <channel update="i" site="mydigiguide.com" site_id="50236" xmltv_id="BBC 1 East">BBC 1 East</channel>
    <channel update="i" site="mydigiguide.com" site_id="50234" xmltv_id="BBC 1 South">BBC 1 South</channel>
    <channel update="i" site="mydigiguide.com" site_id="50239" xmltv_id="BBC 1 South West">BBC 1 South West</channel>
    <channel update="i" site="mydigiguide.com" site_id="50240" xmltv_id="BBC 1 South East">BBC 1 South East</channel>
    <channel update="i" site="mydigiguide.com" site_id="51035" xmltv_id="BBC 1 HD">BBC 1 HD</channel>
    <channel update="i" site="mydigiguide.com" site_id="2" xmltv_id="BBC 2">BBC 2</channel>
    <channel update="i" site="mydigiguide.com" site_id="206" xmltv_id="BBC 2 Northern Ireland">BBC 2 Northern Ireland</channel>
    <channel update="i" site="mydigiguide.com" site_id="633" xmltv_id="BBC 2 Northern Ireland (Digital)">BBC 2 Northern Ireland (Digital)</channel>
    <channel update="i" site="mydigiguide.com" site_id="205" xmltv_id="BBC 2 Scotland">BBC 2 Scotland</channel>
    <channel update="i" site="mydigiguide.com" site_id="634" xmltv_id="BBC 2 Scotland (Digital)">BBC 2 Scotland (Digital)</channel>
    <channel update="i" site="mydigiguide.com" site_id="635" xmltv_id="BBC 2 Wales (Digital)">BBC 2 Wales (Digital)</channel>
    <channel update="i" site="mydigiguide.com" site_id="50251" xmltv_id="BBC 2 London">BBC 2 London</channel>
    <channel update="i" site="mydigiguide.com" site_id="50243" xmltv_id="BBC 2 North">BBC 2 North</channel>
    <channel update="i" site="mydigiguide.com" site_id="50242" xmltv_id="BBC 2 North West">BBC 2 North West</channel>
    <channel update="i" site="mydigiguide.com" site_id="50244" xmltv_id="BBC 2 North East">BBC 2 North East</channel>
    <channel update="i" site="mydigiguide.com" site_id="50245" xmltv_id="BBC 2 Midlands">BBC 2 Midlands</channel>
    <channel update="i" site="mydigiguide.com" site_id="50246" xmltv_id="BBC 2 West">BBC 2 West</channel>
    <channel update="i" site="mydigiguide.com" site_id="50247" xmltv_id="BBC 2 East">BBC 2 East</channel>
    <channel update="i" site="mydigiguide.com" site_id="50248" xmltv_id="BBC 2 South">BBC 2 South</channel>
    <channel update="i" site="mydigiguide.com" site_id="50249" xmltv_id="BBC 2 South West">BBC 2 South West</channel>
    <channel update="i" site="mydigiguide.com" site_id="50250" xmltv_id="BBC 2 South East">BBC 2 South East</channel>
    <channel update="i" site="mydigiguide.com" site_id="50" xmltv_id="ITV1 Anglia">ITV1 Anglia</channel>
    <channel update="i" site="mydigiguide.com" site_id="54" xmltv_id="ITV1 Border (English)">ITV1 Border (English)</channel>
    <channel update="i" site="mydigiguide.com" site_id="637" xmltv_id="ITV1 Border (Scottish)">ITV1 Border (Scottish)</channel>
    <channel update="i" site="mydigiguide.com" site_id="52" xmltv_id="ITV1 Central">ITV1 Central</channel>
    <channel update="i" site="mydigiguide.com" site_id="51042" xmltv_id="ITV1 Central Plus 1">ITV1 Central Plus 1</channel>
    <channel update="i" site="mydigiguide.com" site_id="50981" xmltv_id="ITV1 Central HD">ITV1 Central HD</channel>
    <channel update="i" site="mydigiguide.com" site_id="56" xmltv_id="ITV1 Granada">ITV1 Granada</channel>
    <channel update="i" site="mydigiguide.com" site_id="51044" xmltv_id="ITV1 Granada/Border Plus 1">ITV1 Granada/Border Plus 1</channel>
    <channel update="i" site="mydigiguide.com" site_id="50983" xmltv_id="ITV1 Granada HD">ITV1 Granada HD</channel>
    <channel update="i" site="mydigiguide.com" site_id="3" xmltv_id="ITV1 London">ITV1 London</channel>
    <channel update="i" site="mydigiguide.com" site_id="51040" xmltv_id="ITV1 London Plus 1">ITV1 London Plus 1</channel>
    <channel update="i" site="mydigiguide.com" site_id="50865" xmltv_id="ITV1 HD">ITV1 HD</channel>
    <channel update="i" site="mydigiguide.com" site_id="59" xmltv_id="ITV1 Meridian">ITV1 Meridian</channel>
    <channel update="i" site="mydigiguide.com" site_id="51043" xmltv_id="ITV1 South East Plus 1">ITV1 South East Plus 1</channel>
    <channel update="i" site="mydigiguide.com" site_id="50555" xmltv_id="ITV1 Thames Valley (North)">ITV1 Thames Valley (North)</channel>
    <channel update="i" site="mydigiguide.com" site_id="50993" xmltv_id="ITV1 Thames Valley (North) HD">ITV1 Thames Valley (North) HD</channel>
    <channel update="i" site="mydigiguide.com" site_id="50556" xmltv_id="ITV1 Thames Valley (South)">ITV1 Thames Valley (South)</channel>
    <channel update="i" site="mydigiguide.com" site_id="50994" xmltv_id="ITV1 Thames Valley (South) HD">ITV1 Thames Valley (South) HD</channel>
    <channel update="i" site="mydigiguide.com" site_id="61" xmltv_id="ITV1 Tyne Tees">ITV1 Tyne Tees</channel>
    <channel update="i" site="mydigiguide.com" site_id="63" xmltv_id="ITV1 West Country">ITV1 West Country</channel>
    <channel update="i" site="mydigiguide.com" site_id="57" xmltv_id="ITV1 Wales">ITV1 Wales</channel>
    <channel update="i" site="mydigiguide.com" site_id="51045" xmltv_id="ITV1 West Plus 1">ITV1 West Plus 1</channel>
    <channel update="i" site="mydigiguide.com" site_id="78" xmltv_id="ITV1 West">ITV1 West</channel>
    <channel update="i" site="mydigiguide.com" site_id="64" xmltv_id="ITV1 Yorkshire">ITV1 Yorkshire</channel>
    <channel update="i" site="mydigiguide.com" site_id="51046" xmltv_id="ITV1 Yorkshire/TT Plus 1">ITV1 Yorkshire/TT Plus 1</channel>
    <channel update="i" site="mydigiguide.com" site_id="53" xmltv_id="Channel">Channel</channel>
    <channel update="i" site="mydigiguide.com" site_id="60" xmltv_id="STV">STV</channel>
    <channel update="i" site="mydigiguide.com" site_id="51047" xmltv_id="STV Plus 1">STV Plus 1</channel>
    <channel update="i" site="mydigiguide.com" site_id="50974" xmltv_id="STV HD">STV HD</channel>
    <channel update="i" site="mydigiguide.com" site_id="62" xmltv_id="UTV">UTV</channel>
    <channel update="i" site="mydigiguide.com" site_id="51048" xmltv_id="UTV Plus 1">UTV Plus 1</channel>
    <channel update="i" site="mydigiguide.com" site_id="50986" xmltv_id="UTV HD">UTV HD</channel>
    <channel update="i" site="mydigiguide.com" site_id="4" xmltv_id="Channel 4">Channel 4</channel>
    <channel update="i" site="mydigiguide.com" site_id="50592" xmltv_id="Channel 4 Plus 1">Channel 4 Plus 1</channel>
    <channel update="i" site="mydigiguide.com" site_id="50632" xmltv_id="Channel 4 HD">Channel 4 HD</channel>
    <channel update="i" site="mydigiguide.com" site_id="87" xmltv_id="S4C Digital">S4C Digital</channel>
    <channel update="i" site="mydigiguide.com" site_id="5" xmltv_id="Channel 5">Channel 5</channel>
    <channel update="i" site="mydigiguide.com" site_id="50978" xmltv_id="Channel 5 HD">Channel 5 HD</channel>
    <channel update="i" site="mydigiguide.com" site_id="50543" xmltv_id="5USA">5USA</channel>
    <channel update="i" site="mydigiguide.com" site_id="50599" xmltv_id="5USA Plus 1">5USA Plus 1</channel>
    <channel update="i" site="mydigiguide.com" site_id="50544" xmltv_id="5*">5*</channel>
    <channel update="i" site="mydigiguide.com" site_id="50600" xmltv_id="5* Plus 1">5* Plus 1</channel>
    <channel update="i" site="mydigiguide.com" site_id="50636" xmltv_id="5* (Freeview)">5* (Freeview)</channel>
    <channel update="i" site="mydigiguide.com" site_id="74" xmltv_id="BBC 3">BBC 3</channel>
    <channel update="i" site="mydigiguide.com" site_id="88" xmltv_id="BBC 4">BBC 4</channel>
    <channel update="i" site="mydigiguide.com" site_id="616" xmltv_id="BBC 4 (Freeview)">BBC 4 (Freeview)</channel>
    <channel update="i" site="mydigiguide.com" site_id="50530" xmltv_id="BBC HD">BBC HD</channel>
    <channel update="i" site="mydigiguide.com" site_id="50749" xmltv_id="BBC Alba">BBC Alba</channel>
    <channel update="i" site="mydigiguide.com" site_id="32" xmltv_id="ITV2">ITV2</channel>
    <channel update="i" site="mydigiguide.com" site_id="50551" xmltv_id="ITV2 Plus 1">ITV2 Plus 1</channel>
    <channel update="i" site="mydigiguide.com" site_id="51041" xmltv_id="ITV2 Plus 1 (Freeview)">ITV2 Plus 1 (Freeview)</channel>
    <channel update="i" site="mydigiguide.com" site_id="51024" xmltv_id="ITV2 HD">ITV2 HD</channel>
    <channel update="i" site="mydigiguide.com" site_id="50283" xmltv_id="ITV3">ITV3</channel>
    <channel update="i" site="mydigiguide.com" site_id="50552" xmltv_id="ITV3 Plus 1">ITV3 Plus 1</channel>
    <channel update="i" site="mydigiguide.com" site_id="51037" xmltv_id="ITV3 HD">ITV3 HD</channel>
    <channel update="i" site="mydigiguide.com" site_id="50470" xmltv_id="ITV4">ITV4</channel>
    <channel update="i" site="mydigiguide.com" site_id="50869" xmltv_id="ITV4 Plus 1">ITV4 Plus 1</channel>
    <channel update="i" site="mydigiguide.com" site_id="51038" xmltv_id="ITV4 HD">ITV4 HD</channel>
    <channel update="i" site="mydigiguide.com" site_id="300" xmltv_id="RTÉ 1">RTÉ 1</channel>
    <channel update="i" site="mydigiguide.com" site_id="301" xmltv_id="RTÉ 2">RTÉ 2</channel>
    <channel update="i" site="mydigiguide.com" site_id="302" xmltv_id="TV3">TV3</channel>
    <channel update="i" site="mydigiguide.com" site_id="128" xmltv_id="TG4">TG4</channel>
    <channel update="i" site="mydigiguide.com" site_id="50499" xmltv_id="3e">3e</channel>
    <channel update="i" site="mydigiguide.com" site_id="50890" xmltv_id="City Channel">City Channel</channel>
    <channel update="i" site="mydigiguide.com" site_id="50891" xmltv_id="City Channel South">City Channel South</channel>
    <channel update="i" site="mydigiguide.com" site_id="567" xmltv_id="Teleg">Teleg</channel>
    <channel update="i" site="mydigiguide.com" site_id="65" xmltv_id="Sky1">Sky1</channel>
    <channel update="i" site="mydigiguide.com" site_id="50528" xmltv_id="Sky1 HD">Sky1 HD</channel>
    <channel update="i" site="mydigiguide.com" site_id="6156" xmltv_id="Sky2">Sky2</channel>
    <channel update="i" site="mydigiguide.com" site_id="50468" xmltv_id="Pick TV">Pick TV</channel>
    <channel update="i" site="mydigiguide.com" site_id="50997" xmltv_id="Pick TV Plus 1">Pick TV Plus 1</channel>
    <channel update="i" site="mydigiguide.com" site_id="51023" xmltv_id="Sky 3D">Sky 3D</channel>
    <channel update="i" site="mydigiguide.com" site_id="51049" xmltv_id="Sky Atlantic">Sky Atlantic</channel>
    <channel update="i" site="mydigiguide.com" site_id="51050" xmltv_id="Sky Atlantic HD">Sky Atlantic HD</channel>
    <channel update="i" site="mydigiguide.com" site_id="587" xmltv_id="E4">E4</channel>
    <channel update="i" site="mydigiguide.com" site_id="50224" xmltv_id="E4 Plus 1">E4 Plus 1</channel>
    <channel update="i" site="mydigiguide.com" site_id="50952" xmltv_id="E4 HD">E4 HD</channel>
    <channel update="i" site="mydigiguide.com" site_id="50459" xmltv_id="more4">more4</channel>
    <channel update="i" site="mydigiguide.com" site_id="50460" xmltv_id="more4 Plus 1">more4 Plus 1</channel>
    <channel update="i" site="mydigiguide.com" site_id="35" xmltv_id="SyFy">SyFy</channel>
    <channel update="i" site="mydigiguide.com" site_id="50488" xmltv_id="SyFy Plus 1">SyFy Plus 1</channel>
    <channel update="i" site="mydigiguide.com" site_id="50879" xmltv_id="SyFy HD">SyFy HD</channel>
    <channel update="i" site="mydigiguide.com" site_id="5910" xmltv_id="CBS Reality">CBS Reality</channel>
    <channel update="i" site="mydigiguide.com" site_id="50352" xmltv_id="CBS Reality Plus 1">CBS Reality Plus 1</channel>
    <channel update="i" site="mydigiguide.com" site_id="83" xmltv_id="Comedy Central">Comedy Central</channel>
    <channel update="i" site="mydigiguide.com" site_id="51006" xmltv_id="Comedy Central HD">Comedy Central HD</channel>
    <channel update="i" site="mydigiguide.com" site_id="50457" xmltv_id="Comedy Central Plus 1">Comedy Central Plus 1</channel>
    <channel update="i" site="mydigiguide.com" site_id="588" xmltv_id="Comedy Central Analogue">Comedy Central Analogue</channel>
    <channel update="i" site="mydigiguide.com" site_id="50229" xmltv_id="Comedy Central Extra">Comedy Central Extra</channel>
    <channel update="i" site="mydigiguide.com" site_id="50628" xmltv_id="Comedy Central Extra Plus 1">Comedy Central Extra Plus 1</channel>
    <channel update="i" site="mydigiguide.com" site_id="508" xmltv_id="Universal Channel">Universal Channel</channel>
    <channel update="i" site="mydigiguide.com" site_id="50744" xmltv_id="Universal Channel Plus 1">Universal Channel Plus 1</channel>
    <channel update="i" site="mydigiguide.com" site_id="50973" xmltv_id="Universal Channel HD">Universal Channel HD</channel>
    <channel update="i" site="mydigiguide.com" site_id="50606" xmltv_id="CBS Drama">CBS Drama</channel>
    <channel update="i" site="mydigiguide.com" site_id="19" xmltv_id="Sky Living">Sky Living</channel>
    <channel update="i" site="mydigiguide.com" site_id="6033" xmltv_id="Sky Living Plus 1">Sky Living Plus 1</channel>
    <channel update="i" site="mydigiguide.com" site_id="50948" xmltv_id="Sky Living HD">Sky Living HD</channel>
    <channel update="i" site="mydigiguide.com" site_id="50350" xmltv_id="Sky LIVINGit">Sky LIVINGit</channel>
    <channel update="i" site="mydigiguide.com" site_id="50888" xmltv_id="Sky LIVINGit Plus 1">Sky LIVINGit Plus 1</channel>
    <channel update="i" site="mydigiguide.com" site_id="50977" xmltv_id="Sky Living Loves">Sky Living Loves</channel>
    <channel update="i" site="mydigiguide.com" site_id="50253" xmltv_id="FX">FX</channel>
    <channel update="i" site="mydigiguide.com" site_id="50456" xmltv_id="FX+">FX+</channel>
    <channel update="i" site="mydigiguide.com" site_id="50650" xmltv_id="FX HD">FX HD</channel>
    <channel update="i" site="mydigiguide.com" site_id="50637" xmltv_id="Discovery DMAX">Discovery DMAX</channel>
    <channel update="i" site="mydigiguide.com" site_id="50638" xmltv_id="Discovery DMAX Plus 1">Discovery DMAX Plus 1</channel>
    <channel update="i" site="mydigiguide.com" site_id="50645" xmltv_id="Discovery DMAX Plus 2">Discovery DMAX Plus 2</channel>
    <channel update="i" site="mydigiguide.com" site_id="50907" xmltv_id="Quest">Quest</channel>
    <channel update="i" site="mydigiguide.com" site_id="50970" xmltv_id="Quest (Freeview)">Quest (Freeview)</channel>
    <channel update="i" site="mydigiguide.com" site_id="50951" xmltv_id="Quest Plus 1">Quest Plus 1</channel>
    <channel update="i" site="mydigiguide.com" site_id="51052" xmltv_id="Showcase">Showcase</channel>
    <channel update="i" site="mydigiguide.com" site_id="51053" xmltv_id="Showcase 2">Showcase 2</channel>
    <channel update="i" site="mydigiguide.com" site_id="50934" xmltv_id="True Entertainment">True Entertainment</channel>
    <channel update="i" site="mydigiguide.com" site_id="51034" xmltv_id="Current TV">Current TV</channel>
    <channel update="i" site="mydigiguide.com" site_id="50230" xmltv_id="E!">E!</channel>
    <channel update="i" site="mydigiguide.com" site_id="50918" xmltv_id="BET">BET</channel>
    <channel update="i" site="mydigiguide.com" site_id="50920" xmltv_id="BET Plus 1">BET Plus 1</channel>
    <channel update="i" site="mydigiguide.com" site_id="568" xmltv_id="TV5MONDE">TV5MONDE</channel>
    <channel update="i" site="mydigiguide.com" site_id="50925" xmltv_id="Channel M">Channel M</channel>
    <channel update="i" site="mydigiguide.com" site_id="84" xmltv_id="BBC Entertainment">BBC Entertainment</channel>
    <channel update="i" site="mydigiguide.com" site_id="50966" xmltv_id="BBC Entertainment (Sweden)">BBC Entertainment (Sweden)</channel>
    <channel update="i" site="mydigiguide.com" site_id="50967" xmltv_id="BBC HD (Sweden)">BBC HD (Sweden)</channel>
    <channel update="i" site="mydigiguide.com" site_id="50996" xmltv_id="SAB TV">SAB TV</channel>
    <channel update="i" site="mydigiguide.com" site_id="10" xmltv_id="Challenge">Challenge</channel>
    <channel update="i" site="mydigiguide.com" site_id="50289" xmltv_id="Challenge Plus 1">Challenge Plus 1</channel>
    <channel update="i" site="mydigiguide.com" site_id="510" xmltv_id="Challenge Analogue">Challenge Analogue</channel>
    <channel update="i" site="mydigiguide.com" site_id="18" xmltv_id="GOLD">GOLD</channel>
    <channel update="i" site="mydigiguide.com" site_id="662" xmltv_id="GOLD Plus 1">GOLD Plus 1</channel>
    <channel update="i" site="mydigiguide.com" site_id="50947" xmltv_id="GOLD (TopUpTV)">GOLD (TopUpTV)</channel>
    <channel update="i" site="mydigiguide.com" site_id="50799" xmltv_id="Watch">Watch</channel>
    <channel update="i" site="mydigiguide.com" site_id="50800" xmltv_id="Watch Plus 1">Watch Plus 1</channel>
    <channel update="i" site="mydigiguide.com" site_id="26" xmltv_id="Alibi">Alibi</channel>
    <channel update="i" site="mydigiguide.com" site_id="50506" xmltv_id="Alibi Plus 1">Alibi Plus 1</channel>
    <channel update="i" site="mydigiguide.com" site_id="27" xmltv_id="Dave">Dave</channel>
    <channel update="i" site="mydigiguide.com" site_id="50284" xmltv_id="Dave Ja Vu">Dave Ja Vu</channel>
    <channel update="i" site="mydigiguide.com" site_id="50274" xmltv_id="Blighty">Blighty</channel>
    <channel update="i" site="mydigiguide.com" site_id="50617" xmltv_id="Diva TV">Diva TV</channel>
    <channel update="i" site="mydigiguide.com" site_id="50743" xmltv_id="Diva TV Plus 1">Diva TV Plus 1</channel>
    <channel update="i" site="mydigiguide.com" site_id="533" xmltv_id="Zee TV">Zee TV</channel>
    <channel update="i" site="mydigiguide.com" site_id="51036" xmltv_id="Zee Cafe">Zee Cafe</channel>
    <channel update="i" site="mydigiguide.com" site_id="50384" xmltv_id="Zee Punjabi">Zee Punjabi</channel>
    <channel update="i" site="mydigiguide.com" site_id="577" xmltv_id="ARY Digital">ARY Digital</channel>
    <channel update="i" site="mydigiguide.com" site_id="50961" xmltv_id="ARY QTV">ARY QTV</channel>
    <channel update="i" site="mydigiguide.com" site_id="628" xmltv_id="Star Plus">Star Plus</channel>
    <channel update="i" site="mydigiguide.com" site_id="528" xmltv_id="Phoenix CNE">Phoenix CNE</channel>
    <channel update="i" site="mydigiguide.com" site_id="50562" xmltv_id="Star One">Star One</channel>
    <channel update="i" site="mydigiguide.com" site_id="560" xmltv_id="Sony Entertainment TV Asia">Sony Entertainment TV Asia</channel>
    <channel update="i" site="mydigiguide.com" site_id="50565" xmltv_id="Sony MAX">Sony MAX</channel>
    <channel update="i" site="mydigiguide.com" site_id="50962" xmltv_id="AIT International">AIT International</channel>
    <channel update="i" site="mydigiguide.com" site_id="50964" xmltv_id="NHK World">NHK World</channel>
    <channel update="i" site="mydigiguide.com" site_id="51011" xmltv_id="AAG">AAG</channel>
    <channel update="i" site="mydigiguide.com" site_id="51012" xmltv_id="Aaj Tak">Aaj Tak</channel>
    <channel update="i" site="mydigiguide.com" site_id="51013" xmltv_id="Colors">Colors</channel>
    <channel update="i" site="mydigiguide.com" site_id="51014" xmltv_id="GEO UK">GEO UK</channel>
    <channel update="i" site="mydigiguide.com" site_id="51016" xmltv_id="Sahara One">Sahara One</channel>
    <channel update="i" site="mydigiguide.com" site_id="51033" xmltv_id="Imagine...Dil Se">Imagine...Dil Se</channel>
    <channel update="i" site="mydigiguide.com" site_id="51017" xmltv_id="My TV">My TV</channel>
    <channel update="i" site="mydigiguide.com" site_id="51018" xmltv_id="Record TV">Record TV</channel>
    <channel update="i" site="mydigiguide.com" site_id="90" xmltv_id="Sky Movies Premiere">Sky Movies Premiere</channel>
    <channel update="i" site="mydigiguide.com" site_id="41" xmltv_id="Sky Movies Premiere Analogue">Sky Movies Premiere Analogue</channel>
    <channel update="i" site="mydigiguide.com" site_id="95" xmltv_id="Sky Movies Premiere Plus 1">Sky Movies Premiere Plus 1</channel>
    <channel update="i" site="mydigiguide.com" site_id="50643" xmltv_id="Sky Movies Premiere HD">Sky Movies Premiere HD</channel>
    <channel update="i" site="mydigiguide.com" site_id="50575" xmltv_id="Sky Movies Showcase">Sky Movies Showcase</channel>
    <channel update="i" site="mydigiguide.com" site_id="50526" xmltv_id="Sky Movies Showcase HD">Sky Movies Showcase HD</channel>
    <channel update="i" site="mydigiguide.com" site_id="91" xmltv_id="Sky Movies Comedy">Sky Movies Comedy</channel>
    <channel update="i" site="mydigiguide.com" site_id="50754" xmltv_id="Sky Movies Comedy HD">Sky Movies Comedy HD</channel>
    <channel update="i" site="mydigiguide.com" site_id="96" xmltv_id="Sky Movies Action and Adventure">Sky Movies Action and Adventure</channel>
    <channel update="i" site="mydigiguide.com" site_id="50751" xmltv_id="Sky Movies Action and Adventure HD">Sky Movies Action and Adventure HD</channel>
    <channel update="i" site="mydigiguide.com" site_id="50576" xmltv_id="Sky Movies Crime and Thriller">Sky Movies Crime and Thriller</channel>
    <channel update="i" site="mydigiguide.com" site_id="50527" xmltv_id="Sky Movies Crime and Thriller HD">Sky Movies Crime and Thriller HD</channel>
    <channel update="i" site="mydigiguide.com" site_id="92" xmltv_id="Sky Movies Family">Sky Movies Family</channel>
    <channel update="i" site="mydigiguide.com" site_id="50755" xmltv_id="Sky Movies Family HD">Sky Movies Family HD</channel>
    <channel update="i" site="mydigiguide.com" site_id="97" xmltv_id="Sky Movies Drama and Romance">Sky Movies Drama and Romance</channel>
    <channel update="i" site="mydigiguide.com" site_id="50753" xmltv_id="Sky Movies Drama and Romance HD">Sky Movies Drama and Romance HD</channel>
    <channel update="i" site="mydigiguide.com" site_id="93" xmltv_id="Sky Movies Sci-Fi/Horror">Sky Movies Sci-Fi/Horror</channel>
    <channel update="i" site="mydigiguide.com" site_id="50756" xmltv_id="Sky Movies Sci-Fi/Horror HD">Sky Movies Sci-Fi/Horror HD</channel>
    <channel update="i" site="mydigiguide.com" site_id="114" xmltv_id="Sky Movies Classics">Sky Movies Classics</channel>
    <channel update="i" site="mydigiguide.com" site_id="50998" xmltv_id="Sky Movies Classics HD">Sky Movies Classics HD</channel>
    <channel update="i" site="mydigiguide.com" site_id="98" xmltv_id="Sky Movies Modern Greats">Sky Movies Modern Greats</channel>
    <channel update="i" site="mydigiguide.com" site_id="50752" xmltv_id="Sky Movies Modern Greats HD">Sky Movies Modern Greats HD</channel>
    <channel update="i" site="mydigiguide.com" site_id="50480" xmltv_id="Sky Movies Indie">Sky Movies Indie</channel>
    <channel update="i" site="mydigiguide.com" site_id="50950" xmltv_id="Sky Movies Indie HD">Sky Movies Indie HD</channel>
    <channel update="i" site="mydigiguide.com" site_id="50524" xmltv_id="Sky Movies Box Office 1 HD">Sky Movies Box Office 1 HD</channel>
    <channel update="i" site="mydigiguide.com" site_id="50525" xmltv_id="Sky Movies Box Office 2 HD">Sky Movies Box Office 2 HD</channel>
    <channel update="i" site="mydigiguide.com" site_id="100" xmltv_id="Film4">Film4</channel>
    <channel update="i" site="mydigiguide.com" site_id="598" xmltv_id="Film4 Plus 1">Film4 Plus 1</channel>
    <channel update="i" site="mydigiguide.com" site_id="50979" xmltv_id="Film4 HD">Film4 HD</channel>
    <channel update="i" site="mydigiguide.com" site_id="24" xmltv_id="TCM">TCM</channel>
    <channel update="i" site="mydigiguide.com" site_id="50505" xmltv_id="TCM 2">TCM 2</channel>
    <channel update="i" site="mydigiguide.com" site_id="50957" xmltv_id="MGM HD">MGM HD</channel>
    <channel update="i" site="mydigiguide.com" site_id="50542" xmltv_id="CBS Action">CBS Action</channel>
    <channel update="i" site="mydigiguide.com" site_id="50644" xmltv_id="Film24">Film24</channel>
    <channel update="i" site="mydigiguide.com" site_id="50446" xmltv_id="True Movies">True Movies</channel>
    <channel update="i" site="mydigiguide.com" site_id="50509" xmltv_id="True Movies 2">True Movies 2</channel>
    <channel update="i" site="mydigiguide.com" site_id="50535" xmltv_id="Movies 24">Movies 24</channel>
    <channel update="i" site="mydigiguide.com" site_id="50595" xmltv_id="Movies 24 +">Movies 24 +</channel>
    <channel update="i" site="mydigiguide.com" site_id="50464" xmltv_id="Movies4Men">Movies4Men</channel>
    <channel update="i" site="mydigiguide.com" site_id="50641" xmltv_id="Movies4Men Plus 1">Movies4Men Plus 1</channel>
    <channel update="i" site="mydigiguide.com" site_id="50463" xmltv_id="Movies4Men 2">Movies4Men 2</channel>
    <channel update="i" site="mydigiguide.com" site_id="50864" xmltv_id="Movies4Men 2 Plus 1">Movies4Men 2 Plus 1</channel>
    <channel update="i" site="mydigiguide.com" site_id="51026" xmltv_id="MenAndMovies">MenAndMovies</channel>
    <channel update="i" site="mydigiguide.com" site_id="50277" xmltv_id="horror channel">horror channel</channel>
    <channel update="i" site="mydigiguide.com" site_id="50660" xmltv_id="horror channel Plus 1">horror channel Plus 1</channel>
    <channel update="i" site="mydigiguide.com" site_id="50908" xmltv_id="CinéMoi">CinéMoi</channel>
    <channel update="i" site="mydigiguide.com" site_id="50383" xmltv_id="Zee Cinema">Zee Cinema</channel>
    <channel update="i" site="mydigiguide.com" site_id="562" xmltv_id="B4U Movies">B4U Movies</channel>
    <channel update="i" site="mydigiguide.com" site_id="50290" xmltv_id="Sky Movies Box Office 701">Sky Movies Box Office 701</channel>
    <channel update="i" site="mydigiguide.com" site_id="50291" xmltv_id="Sky Movies Box Office 702">Sky Movies Box Office 702</channel>
    <channel update="i" site="mydigiguide.com" site_id="50292" xmltv_id="Sky Movies Box Office 703">Sky Movies Box Office 703</channel>
    <channel update="i" site="mydigiguide.com" site_id="50293" xmltv_id="Sky Movies Box Office 704">Sky Movies Box Office 704</channel>
    <channel update="i" site="mydigiguide.com" site_id="50294" xmltv_id="Sky Movies Box Office 705">Sky Movies Box Office 705</channel>
    <channel update="i" site="mydigiguide.com" site_id="50295" xmltv_id="Sky Movies Box Office 706">Sky Movies Box Office 706</channel>
    <channel update="i" site="mydigiguide.com" site_id="50296" xmltv_id="Sky Movies Box Office 707">Sky Movies Box Office 707</channel>
    <channel update="i" site="mydigiguide.com" site_id="50297" xmltv_id="Sky Movies Box Office 708">Sky Movies Box Office 708</channel>
    <channel update="i" site="mydigiguide.com" site_id="50298" xmltv_id="Sky Movies Box Office 709">Sky Movies Box Office 709</channel>
    <channel update="i" site="mydigiguide.com" site_id="50299" xmltv_id="Sky Movies Box Office 710">Sky Movies Box Office 710</channel>
    <channel update="i" site="mydigiguide.com" site_id="50300" xmltv_id="Sky Movies Box Office 711">Sky Movies Box Office 711</channel>
    <channel update="i" site="mydigiguide.com" site_id="50301" xmltv_id="Sky Movies Box Office 712">Sky Movies Box Office 712</channel>
    <channel update="i" site="mydigiguide.com" site_id="50302" xmltv_id="Sky Movies Box Office 713">Sky Movies Box Office 713</channel>
    <channel update="i" site="mydigiguide.com" site_id="50303" xmltv_id="Sky Movies Box Office 714">Sky Movies Box Office 714</channel>
    <channel update="i" site="mydigiguide.com" site_id="50304" xmltv_id="Sky Movies Box Office 715">Sky Movies Box Office 715</channel>
    <channel update="i" site="mydigiguide.com" site_id="50305" xmltv_id="Sky Movies Box Office 716">Sky Movies Box Office 716</channel>
    <channel update="i" site="mydigiguide.com" site_id="50306" xmltv_id="Sky Movies Box Office 717">Sky Movies Box Office 717</channel>
    <channel update="i" site="mydigiguide.com" site_id="50307" xmltv_id="Sky Movies Box Office 718">Sky Movies Box Office 718</channel>
    <channel update="i" site="mydigiguide.com" site_id="50308" xmltv_id="Sky Movies Box Office 719">Sky Movies Box Office 719</channel>
    <channel update="i" site="mydigiguide.com" site_id="50309" xmltv_id="Sky Movies Box Office 720">Sky Movies Box Office 720</channel>
    <channel update="i" site="mydigiguide.com" site_id="50310" xmltv_id="Sky Movies Box Office 721">Sky Movies Box Office 721</channel>
    <channel update="i" site="mydigiguide.com" site_id="50311" xmltv_id="Sky Movies Box Office 722">Sky Movies Box Office 722</channel>
    <channel update="i" site="mydigiguide.com" site_id="50312" xmltv_id="Sky Movies Box Office 723">Sky Movies Box Office 723</channel>
    <channel update="i" site="mydigiguide.com" site_id="50313" xmltv_id="Sky Movies Box Office 724">Sky Movies Box Office 724</channel>
    <channel update="i" site="mydigiguide.com" site_id="50314" xmltv_id="Sky Movies Box Office 725">Sky Movies Box Office 725</channel>
    <channel update="i" site="mydigiguide.com" site_id="50315" xmltv_id="Sky Movies Box Office 726">Sky Movies Box Office 726</channel>
    <channel update="i" site="mydigiguide.com" site_id="50316" xmltv_id="Sky Movies Box Office 727">Sky Movies Box Office 727</channel>
    <channel update="i" site="mydigiguide.com" site_id="50317" xmltv_id="Sky Movies Box Office 728">Sky Movies Box Office 728</channel>
    <channel update="i" site="mydigiguide.com" site_id="50318" xmltv_id="Sky Movies Box Office 729">Sky Movies Box Office 729</channel>
    <channel update="i" site="mydigiguide.com" site_id="50319" xmltv_id="Sky Movies Box Office 730">Sky Movies Box Office 730</channel>
    <channel update="i" site="mydigiguide.com" site_id="50320" xmltv_id="Sky Movies Box Office 731">Sky Movies Box Office 731</channel>
    <channel update="i" site="mydigiguide.com" site_id="50321" xmltv_id="Sky Movies Box Office 732">Sky Movies Box Office 732</channel>
    <channel update="i" site="mydigiguide.com" site_id="50322" xmltv_id="Sky Movies Box Office 733">Sky Movies Box Office 733</channel>
    <channel update="i" site="mydigiguide.com" site_id="50323" xmltv_id="Sky Movies Box Office 734">Sky Movies Box Office 734</channel>
    <channel update="i" site="mydigiguide.com" site_id="50324" xmltv_id="Sky Movies Box Office 735">Sky Movies Box Office 735</channel>
    <channel update="i" site="mydigiguide.com" site_id="50325" xmltv_id="Sky Movies Box Office 736">Sky Movies Box Office 736</channel>
    <channel update="i" site="mydigiguide.com" site_id="50461" xmltv_id="Sky Movies Box Office 737">Sky Movies Box Office 737</channel>
    <channel update="i" site="mydigiguide.com" site_id="50326" xmltv_id="Sky Movies Box Office 738">Sky Movies Box Office 738</channel>
    <channel update="i" site="mydigiguide.com" site_id="50327" xmltv_id="Sky Movies Box Office 739">Sky Movies Box Office 739</channel>
    <channel update="i" site="mydigiguide.com" site_id="50955" xmltv_id="Sky Movies Box Office 740">Sky Movies Box Office 740</channel>
    <channel update="i" site="mydigiguide.com" site_id="50956" xmltv_id="Sky Movies Box Office 741">Sky Movies Box Office 741</channel>
    <channel update="i" site="mydigiguide.com" site_id="50332" xmltv_id="Sky Movies Box Office 744">Sky Movies Box Office 744</channel>
    <channel update="i" site="mydigiguide.com" site_id="50342" xmltv_id="Sky Movies Box Office 754">Sky Movies Box Office 754</channel>
    <channel update="i" site="mydigiguide.com" site_id="50343" xmltv_id="Sky Movies Box Office 755">Sky Movies Box Office 755</channel>
    <channel update="i" site="mydigiguide.com" site_id="50344" xmltv_id="Sky Movies Box Office 756">Sky Movies Box Office 756</channel>
    <channel update="i" site="mydigiguide.com" site_id="50345" xmltv_id="Sky Movies Box Office 757">Sky Movies Box Office 757</channel>
    <channel update="i" site="mydigiguide.com" site_id="50346" xmltv_id="Sky Movies Box Office 758">Sky Movies Box Office 758</channel>
    <channel update="i" site="mydigiguide.com" site_id="50347" xmltv_id="Sky Movies Box Office 759">Sky Movies Box Office 759</channel>
    <channel update="i" site="mydigiguide.com" site_id="50348" xmltv_id="Sky Movies Box Office 760">Sky Movies Box Office 760</channel>
    <channel update="i" site="mydigiguide.com" site_id="50349" xmltv_id="Sky Movies Box Office 761">Sky Movies Box Office 761</channel>
    <channel update="i" site="mydigiguide.com" site_id="50381" xmltv_id="Sky Movies Box Office Events">Sky Movies Box Office Events</channel>
    <channel update="i" site="mydigiguide.com" site_id="50563" xmltv_id="Star Gold">Star Gold</channel>
    <channel update="i" site="mydigiguide.com" site_id="43" xmltv_id="Sky Sports 1">Sky Sports 1</channel>
    <channel update="i" site="mydigiguide.com" site_id="44" xmltv_id="Sky Sports 2">Sky Sports 2</channel>
    <channel update="i" site="mydigiguide.com" site_id="45" xmltv_id="Sky Sports 3">Sky Sports 3</channel>
    <channel update="i" site="mydigiguide.com" site_id="590" xmltv_id="Sky Sports 4">Sky Sports 4</channel>
    <channel update="i" site="mydigiguide.com" site_id="50508" xmltv_id="Sky Sports HD 1">Sky Sports HD 1</channel>
    <channel update="i" site="mydigiguide.com" site_id="50537" xmltv_id="Sky Sports HD 2">Sky Sports HD 2</channel>
    <channel update="i" site="mydigiguide.com" site_id="50642" xmltv_id="Sky Sports HD 3">Sky Sports HD 3</channel>
    <channel update="i" site="mydigiguide.com" site_id="50971" xmltv_id="Sky Sports HD 4">Sky Sports HD 4</channel>
    <channel update="i" site="mydigiguide.com" site_id="530" xmltv_id="Sky Sports News">Sky Sports News</channel>
    <channel update="i" site="mydigiguide.com" site_id="50999" xmltv_id="Sky Sports News HD">Sky Sports News HD</channel>
    <channel update="i" site="mydigiguide.com" site_id="519" xmltv_id="British Eurosport">British Eurosport</channel>
    <channel update="i" site="mydigiguide.com" site_id="614" xmltv_id="British Eurosport2">British Eurosport2</channel>
    <channel update="i" site="mydigiguide.com" site_id="68" xmltv_id="Eurosport">Eurosport</channel>
    <channel update="i" site="mydigiguide.com" site_id="50376" xmltv_id="Eurosport2">Eurosport2</channel>
    <channel update="i" site="mydigiguide.com" site_id="50706" xmltv_id="Eurosport HD">Eurosport HD</channel>
    <channel update="i" site="mydigiguide.com" site_id="50942" xmltv_id="ESPN">ESPN</channel>
    <channel update="i" site="mydigiguide.com" site_id="50943" xmltv_id="ESPN HD">ESPN HD</channel>
    <channel update="i" site="mydigiguide.com" site_id="51003" xmltv_id="ESPN (TopUpTV)">ESPN (TopUpTV)</channel>
    <channel update="i" site="mydigiguide.com" site_id="6346" xmltv_id="ESPN America">ESPN America</channel>
    <channel update="i" site="mydigiguide.com" site_id="50975" xmltv_id="ESPN America HD">ESPN America HD</channel>
    <channel update="i" site="mydigiguide.com" site_id="50546" xmltv_id="ESPN America (Alternate Feed)">ESPN America (Alternate Feed)</channel>
    <channel update="i" site="mydigiguide.com" site_id="50976" xmltv_id="ESPN America (Alternate Feed) HD">ESPN America (Alternate Feed) HD</channel>
    <channel update="i" site="mydigiguide.com" site_id="50493" xmltv_id="ESPN Classic">ESPN Classic</channel>
    <channel update="i" site="mydigiguide.com" site_id="50654" xmltv_id="Rush HD">Rush HD</channel>
    <channel update="i" site="mydigiguide.com" site_id="630" xmltv_id="Extreme Sports Channel">Extreme Sports Channel</channel>
    <channel update="i" site="mydigiguide.com" site_id="653" xmltv_id="At The Races">At The Races</channel>
    <channel update="i" site="mydigiguide.com" site_id="50937" xmltv_id="Racing UK">Racing UK</channel>
    <channel update="i" site="mydigiguide.com" site_id="6351" xmltv_id="Motors TV">Motors TV</channel>
    <channel update="i" site="mydigiguide.com" site_id="122" xmltv_id="MUTV">MUTV</channel>
    <channel update="i" site="mydigiguide.com" site_id="50286" xmltv_id="Chelsea TV">Chelsea TV</channel>
    <channel update="i" site="mydigiguide.com" site_id="50609" xmltv_id="Liverpool FC TV">Liverpool FC TV</channel>
    <channel update="i" site="mydigiguide.com" site_id="50386" xmltv_id="Setanta Ireland">Setanta Ireland</channel>
    <channel update="i" site="mydigiguide.com" site_id="50603" xmltv_id="Setanta Sports 1 Irish Version">Setanta Sports 1 Irish Version</channel>
    <channel update="i" site="mydigiguide.com" site_id="50949" xmltv_id="Primetime">Primetime</channel>
    <channel update="i" site="mydigiguide.com" site_id="51054" xmltv_id="Premier Sports">Premier Sports</channel>
    <channel update="i" site="mydigiguide.com" site_id="50569" xmltv_id="SkyPoker.com">SkyPoker.com</channel>
    <channel update="i" site="mydigiguide.com" site_id="50570" xmltv_id="Sky Vegas">Sky Vegas</channel>
    <channel update="i" site="mydigiguide.com" site_id="51021" xmltv_id="Smart Live Casino">Smart Live Casino</channel>
    <channel update="i" site="mydigiguide.com" site_id="638" xmltv_id="CBBC">CBBC</channel>
    <channel update="i" site="mydigiguide.com" site_id="639" xmltv_id="CBeebies">CBeebies</channel>
    <channel update="i" site="mydigiguide.com" site_id="50486" xmltv_id="cITV">cITV</channel>
    <channel update="i" site="mydigiguide.com" site_id="50539" xmltv_id="cITV (Freeview)">cITV (Freeview)</channel>
    <channel update="i" site="mydigiguide.com" site_id="7" xmltv_id="Cartoon Network">Cartoon Network</channel>
    <channel update="i" site="mydigiguide.com" site_id="608" xmltv_id="Cartoon Network Plus 1">Cartoon Network Plus 1</channel>
    <channel update="i" site="mydigiguide.com" site_id="50503" xmltv_id="Cartoon Network Too">Cartoon Network Too</channel>
    <channel update="i" site="mydigiguide.com" site_id="67" xmltv_id="Disney">Disney</channel>
    <channel update="i" site="mydigiguide.com" site_id="580" xmltv_id="Disney Plus 1">Disney Plus 1</channel>
    <channel update="i" site="mydigiguide.com" site_id="642" xmltv_id="Disney Cinemagic">Disney Cinemagic</channel>
    <channel update="i" site="mydigiguide.com" site_id="50489" xmltv_id="Disney Cinemagic Plus 1">Disney Cinemagic Plus 1</channel>
    <channel update="i" site="mydigiguide.com" site_id="50868" xmltv_id="Disney Cinemagic HD">Disney Cinemagic HD</channel>
    <channel update="i" site="mydigiguide.com" site_id="643" xmltv_id="Playhouse Disney">Playhouse Disney</channel>
    <channel update="i" site="mydigiguide.com" site_id="50626" xmltv_id="Playhouse Disney +">Playhouse Disney +</channel>
    <channel update="i" site="mydigiguide.com" site_id="50945" xmltv_id="Disney XD">Disney XD</channel>
    <channel update="i" site="mydigiguide.com" site_id="50946" xmltv_id="Disney XD Plus 1">Disney XD Plus 1</channel>
    <channel update="i" site="mydigiguide.com" site_id="51032" xmltv_id="Disney XD HD">Disney XD HD</channel>
    <channel update="i" site="mydigiguide.com" site_id="110" xmltv_id="Nickelodeon">Nickelodeon</channel>
    <channel update="i" site="mydigiguide.com" site_id="51022" xmltv_id="Nickelodeon HD">Nickelodeon HD</channel>
    <channel update="i" site="mydigiguide.com" site_id="109" xmltv_id="Nickelodeon Analogue">Nickelodeon Analogue</channel>
    <channel update="i" site="mydigiguide.com" site_id="113" xmltv_id="Nick Replay">Nick Replay</channel>
    <channel update="i" site="mydigiguide.com" site_id="112" xmltv_id="Nick Junior">Nick Junior</channel>
    <channel update="i" site="mydigiguide.com" site_id="111" xmltv_id="Nick Junior Analogue">Nick Junior Analogue</channel>
    <channel update="i" site="mydigiguide.com" site_id="50507" xmltv_id="Nick Junior 2">Nick Junior 2</channel>
    <channel update="i" site="mydigiguide.com" site_id="654" xmltv_id="Nicktoons">Nicktoons</channel>
    <channel update="i" site="mydigiguide.com" site_id="50941" xmltv_id="Nicktoons Replay">Nicktoons Replay</channel>
    <channel update="i" site="mydigiguide.com" site_id="547" xmltv_id="Boomerang">Boomerang</channel>
    <channel update="i" site="mydigiguide.com" site_id="51009" xmltv_id="Jazeera Children">Jazeera Children</channel>
    <channel update="i" site="mydigiguide.com" site_id="50487" xmltv_id="Boomerang Plus 1">Boomerang Plus 1</channel>
    <channel update="i" site="mydigiguide.com" site_id="50574" xmltv_id="Cartoonito">Cartoonito</channel>
    <channel update="i" site="mydigiguide.com" site_id="50398" xmltv_id="Pop">Pop</channel>
    <channel update="i" site="mydigiguide.com" site_id="50602" xmltv_id="Pop Girl">Pop Girl</channel>
    <channel update="i" site="mydigiguide.com" site_id="50702" xmltv_id="Pop Girl Plus 1">Pop Girl Plus 1</channel>
    <channel update="i" site="mydigiguide.com" site_id="50653" xmltv_id="Kix!">Kix!</channel>
    <channel update="i" site="mydigiguide.com" site_id="50399" xmltv_id="Tiny Pop">Tiny Pop</channel>
    <channel update="i" site="mydigiguide.com" site_id="50594" xmltv_id="Tiny Pop Plus 1">Tiny Pop Plus 1</channel>
    <channel update="i" site="mydigiguide.com" site_id="50579" xmltv_id="BabyTV">BabyTV</channel>
    <channel update="i" site="mydigiguide.com" site_id="50953" xmltv_id="Food Network">Food Network</channel>
    <channel update="i" site="mydigiguide.com" site_id="50954" xmltv_id="Food Network Plus 1">Food Network Plus 1</channel>
    <channel update="i" site="mydigiguide.com" site_id="13" xmltv_id="Discovery Real Time">Discovery Real Time</channel>
    <channel update="i" site="mydigiguide.com" site_id="605" xmltv_id="Discovery Real Time Plus 1">Discovery Real Time Plus 1</channel>
    <channel update="i" site="mydigiguide.com" site_id="514" xmltv_id="Discovery Real Time Analogue">Discovery Real Time Analogue</channel>
    <channel update="i" site="mydigiguide.com" site_id="564" xmltv_id="Home and Health">Home and Health</channel>
    <channel update="i" site="mydigiguide.com" site_id="50448" xmltv_id="Home and Health Plus 1">Home and Health Plus 1</channel>
    <channel update="i" site="mydigiguide.com" site_id="50933" xmltv_id="Body in Balance">Body in Balance</channel>
    <channel update="i" site="mydigiguide.com" site_id="103" xmltv_id="Travel Channel">Travel Channel</channel>
    <channel update="i" site="mydigiguide.com" site_id="50354" xmltv_id="Travel Channel Plus 1">Travel Channel Plus 1</channel>
    <channel update="i" site="mydigiguide.com" site_id="30" xmltv_id="Home">Home</channel>
    <channel update="i" site="mydigiguide.com" site_id="644" xmltv_id="Home Plus 1">Home Plus 1</channel>
    <channel update="i" site="mydigiguide.com" site_id="50272" xmltv_id="Home (TopUpTV)">Home (TopUpTV)</channel>
    <channel update="i" site="mydigiguide.com" site_id="50360" xmltv_id="Really">Really</channel>
    <channel update="i" site="mydigiguide.com" site_id="629" xmltv_id="Good Food">Good Food</channel>
    <channel update="i" site="mydigiguide.com" site_id="51002" xmltv_id="Good Food HD">Good Food HD</channel>
    <channel update="i" site="mydigiguide.com" site_id="50254" xmltv_id="Good Food Plus 1">Good Food Plus 1</channel>
    <channel update="i" site="mydigiguide.com" site_id="50280" xmltv_id="Information TV">Information TV</channel>
    <channel update="i" site="mydigiguide.com" site_id="51027" xmltv_id="Information TV Plus 1">Information TV Plus 1</channel>
    <channel update="i" site="mydigiguide.com" site_id="50591" xmltv_id="Horse and Country">Horse and Country</channel>
    <channel update="i" site="mydigiguide.com" site_id="50572" xmltv_id="wedding tv">wedding tv</channel>
    <channel update="i" site="mydigiguide.com" site_id="50968" xmltv_id="BBC Lifestyle (Sweden)">BBC Lifestyle (Sweden)</channel>
    <channel update="i" site="mydigiguide.com" site_id="50919" xmltv_id="The Style Network">The Style Network</channel>
    <channel update="i" site="mydigiguide.com" site_id="632" xmltv_id="Fashion TV">Fashion TV</channel>
    <channel update="i" site="mydigiguide.com" site_id="6264" xmltv_id="Community Channel">Community Channel</channel>
    <channel update="i" site="mydigiguide.com" site_id="6314" xmltv_id="Community Channel (Freeview)">Community Channel (Freeview)</channel>
    <channel update="i" site="mydigiguide.com" site_id="50894" xmltv_id="Discovery Shed">Discovery Shed</channel>
    <channel update="i" site="mydigiguide.com" site_id="50395" xmltv_id="Ideal World">Ideal World</channel>
    <channel update="i" site="mydigiguide.com" site_id="51039" xmltv_id="Ideal World (Freeview)">Ideal World (Freeview)</channel>
    <channel update="i" site="mydigiguide.com" site_id="50959" xmltv_id="Ideal Extra">Ideal Extra</channel>
    <channel update="i" site="mydigiguide.com" site_id="50960" xmltv_id="Ideal And More">Ideal And More</channel>
    <channel update="i" site="mydigiguide.com" site_id="28" xmltv_id="Eden">Eden</channel>
    <channel update="i" site="mydigiguide.com" site_id="603" xmltv_id="Eden Plus 1">Eden Plus 1</channel>
    <channel update="i" site="mydigiguide.com" site_id="51025" xmltv_id="Eden HD">Eden HD</channel>
    <channel update="i" site="mydigiguide.com" site_id="5945" xmltv_id="Yesterday">Yesterday</channel>
    <channel update="i" site="mydigiguide.com" site_id="50619" xmltv_id="Yesterday (Freeview)">Yesterday (Freeview)</channel>
    <channel update="i" site="mydigiguide.com" site_id="50263" xmltv_id="Yesterday Plus 1">Yesterday Plus 1</channel>
    <channel update="i" site="mydigiguide.com" site_id="12" xmltv_id="Discovery">Discovery</channel>
    <channel update="i" site="mydigiguide.com" site_id="50518" xmltv_id="Discovery HD">Discovery HD</channel>
    <channel update="i" site="mydigiguide.com" site_id="31" xmltv_id="Discovery Plus 1">Discovery Plus 1</channel>
    <channel update="i" site="mydigiguide.com" site_id="513" xmltv_id="Discovery Analogue">Discovery Analogue</channel>
    <channel update="i" site="mydigiguide.com" site_id="14" xmltv_id="Discovery Science">Discovery Science</channel>
    <channel update="i" site="mydigiguide.com" site_id="50649" xmltv_id="Discovery Science Plus 1">Discovery Science Plus 1</channel>
    <channel update="i" site="mydigiguide.com" site_id="50877" xmltv_id="Investigation Discovery">Investigation Discovery</channel>
    <channel update="i" site="mydigiguide.com" site_id="15" xmltv_id="Discovery Travel and Living">Discovery Travel and Living</channel>
    <channel update="i" site="mydigiguide.com" site_id="11" xmltv_id="Discovery History">Discovery History</channel>
    <channel update="i" site="mydigiguide.com" site_id="50659" xmltv_id="Discovery History Plus 1">Discovery History Plus 1</channel>
    <channel update="i" site="mydigiguide.com" site_id="126" xmltv_id="Discovery Turbo">Discovery Turbo</channel>
    <channel update="i" site="mydigiguide.com" site_id="50969" xmltv_id="BBC Knowledge (Sweden)">BBC Knowledge (Sweden)</channel>
    <channel update="i" site="mydigiguide.com" site_id="51051" xmltv_id="BBC Knowledge (Asia)">BBC Knowledge (Asia)</channel>
    <channel update="i" site="mydigiguide.com" site_id="79" xmltv_id="National Geographic">National Geographic</channel>
    <channel update="i" site="mydigiguide.com" site_id="50519" xmltv_id="National Geographic HD">National Geographic HD</channel>
    <channel update="i" site="mydigiguide.com" site_id="607" xmltv_id="National Geographic Channel Plus 1">National Geographic Channel Plus 1</channel>
    <channel update="i" site="mydigiguide.com" site_id="516" xmltv_id="National Geographic Analogue">National Geographic Analogue</channel>
    <channel update="i" site="mydigiguide.com" site_id="601" xmltv_id="Nat Geo Wild">Nat Geo Wild</channel>
    <channel update="i" site="mydigiguide.com" site_id="50896" xmltv_id="Nat Geo Wild HD">Nat Geo Wild HD</channel>
    <channel update="i" site="mydigiguide.com" site_id="73" xmltv_id="Animal Planet">Animal Planet</channel>
    <channel update="i" site="mydigiguide.com" site_id="604" xmltv_id="Animal Planet Plus 1">Animal Planet Plus 1</channel>
    <channel update="i" site="mydigiguide.com" site_id="512" xmltv_id="Animal Planet Analogue">Animal Planet Analogue</channel>
    <channel update="i" site="mydigiguide.com" site_id="72" xmltv_id="History">History</channel>
    <channel update="i" site="mydigiguide.com" site_id="50550" xmltv_id="History HD">History HD</channel>
    <channel update="i" site="mydigiguide.com" site_id="579" xmltv_id="History Plus 1">History Plus 1</channel>
    <channel update="i" site="mydigiguide.com" site_id="509" xmltv_id="History Analogue">History Analogue</channel>
    <channel update="i" site="mydigiguide.com" site_id="50701" xmltv_id="Military History">Military History</channel>
    <channel update="i" site="mydigiguide.com" site_id="582" xmltv_id="Bio">Bio</channel>
    <channel update="i" site="mydigiguide.com" site_id="50862" xmltv_id="Bio HD">Bio HD</channel>
    <channel update="i" site="mydigiguide.com" site_id="50536" xmltv_id="Crime And Investigation Network">Crime And Investigation Network</channel>
    <channel update="i" site="mydigiguide.com" site_id="50893" xmltv_id="Crime And Investigation Network Plus 1">Crime And Investigation Network Plus 1</channel>
    <channel update="i" site="mydigiguide.com" site_id="50863" xmltv_id="Crime And Investigation Network HD">Crime And Investigation Network HD</channel>
    <channel update="i" site="mydigiguide.com" site_id="20" xmltv_id="BBC News">BBC News</channel>
    <channel update="i" site="mydigiguide.com" site_id="551" xmltv_id="BBC World News">BBC World News</channel>
    <channel update="i" site="mydigiguide.com" site_id="70" xmltv_id="Sky News">Sky News</channel>
    <channel update="i" site="mydigiguide.com" site_id="50972" xmltv_id="Sky News HD">Sky News HD</channel>
    <channel update="i" site="mydigiguide.com" site_id="548" xmltv_id="CNN">CNN</channel>
    <channel update="i" site="mydigiguide.com" site_id="521" xmltv_id="CNBC">CNBC</channel>
    <channel update="i" site="mydigiguide.com" site_id="570" xmltv_id="Euronews">Euronews</channel>
    <channel update="i" site="mydigiguide.com" site_id="50912" xmltv_id="FOX News">FOX News</channel>
    <channel update="i" site="mydigiguide.com" site_id="50241" xmltv_id="S4C-2">S4C-2</channel>
    <channel update="i" site="mydigiguide.com" site_id="21" xmltv_id="BBC Parliament">BBC Parliament</channel>
    <channel update="i" site="mydigiguide.com" site_id="50504" xmltv_id="Russia Today">Russia Today</channel>
    <channel update="i" site="mydigiguide.com" site_id="50887" xmltv_id="Russia Today (Freeview)">Russia Today (Freeview)</channel>
    <channel update="i" site="mydigiguide.com" site_id="50611" xmltv_id="France 24">France 24</channel>
    <channel update="i" site="mydigiguide.com" site_id="50940" xmltv_id="Press TV">Press TV</channel>
    <channel update="i" site="mydigiguide.com" site_id="50610" xmltv_id="Al Jazeera English">Al Jazeera English</channel>
    <channel update="i" site="mydigiguide.com" site_id="51000" xmltv_id="Al Jazeera English (Freeview)">Al Jazeera English (Freeview)</channel>
    <channel update="i" site="mydigiguide.com" site_id="631" xmltv_id="Star News">Star News</channel>
    <channel update="i" site="mydigiguide.com" site_id="50939" xmltv_id="ARY News">ARY News</channel>
    <channel update="i" site="mydigiguide.com" site_id="51010" xmltv_id="GEO News">GEO News</channel>
    <channel update="i" site="mydigiguide.com" site_id="50624" xmltv_id="CCTV-9">CCTV-9</channel>
    <channel update="i" site="mydigiguide.com" site_id="50545" xmltv_id="Propeller TV">Propeller TV</channel>
    <channel update="i" site="mydigiguide.com" site_id="583" xmltv_id="Sky Arts 1">Sky Arts 1</channel>
    <channel update="i" site="mydigiguide.com" site_id="50529" xmltv_id="Sky Arts 1 HD">Sky Arts 1 HD</channel>
    <channel update="i" site="mydigiguide.com" site_id="50798" xmltv_id="Sky Arts 2">Sky Arts 2</channel>
    <channel update="i" site="mydigiguide.com" site_id="50892" xmltv_id="Sky Arts 2 HD">Sky Arts 2 HD</channel>
    <channel update="i" site="mydigiguide.com" site_id="115" xmltv_id="MTV">MTV</channel>
    <channel update="i" site="mydigiguide.com" site_id="50640" xmltv_id="MTV Plus 1">MTV Plus 1</channel>
    <channel update="i" site="mydigiguide.com" site_id="50380" xmltv_id="MTV Ireland">MTV Ireland</channel>
    <channel update="i" site="mydigiguide.com" site_id="118" xmltv_id="MTV Hits">MTV Hits</channel>
    <channel update="i" site="mydigiguide.com" site_id="117" xmltv_id="MTV Rocks">MTV Rocks</channel>
    <channel update="i" site="mydigiguide.com" site_id="119" xmltv_id="MTV Base">MTV Base</channel>
    <channel update="i" site="mydigiguide.com" site_id="597" xmltv_id="MTV Dance">MTV Dance</channel>
    <channel update="i" site="mydigiguide.com" site_id="50629" xmltv_id="MTV Music">MTV Music</channel>
    <channel update="i" site="mydigiguide.com" site_id="120" xmltv_id="MTV Classic">MTV Classic</channel>
    <channel update="i" site="mydigiguide.com" site_id="50870" xmltv_id="MTVN HD">MTVN HD</channel>
    <channel update="i" site="mydigiguide.com" site_id="51005" xmltv_id="Vintage TV">Vintage TV</channel>
    <channel update="i" site="mydigiguide.com" site_id="116" xmltv_id="VH1 UK">VH1 UK</channel>
    <channel update="i" site="mydigiguide.com" site_id="541" xmltv_id="The Box">The Box</channel>
    <channel update="i" site="mydigiguide.com" site_id="606" xmltv_id="Kerrang!">Kerrang!</channel>
    <channel update="i" site="mydigiguide.com" site_id="6262" xmltv_id="Smash Hits!">Smash Hits!</channel>
    <channel update="i" site="mydigiguide.com" site_id="50372" xmltv_id="Kiss TV">Kiss TV</channel>
    <channel update="i" site="mydigiguide.com" site_id="50373" xmltv_id="Magic">Magic</channel>
    <channel update="i" site="mydigiguide.com" site_id="50374" xmltv_id="Q">Q</channel>
    <channel update="i" site="mydigiguide.com" site_id="50742" xmltv_id="4Music">4Music</channel>
    <channel update="i" site="mydigiguide.com" site_id="6261" xmltv_id="Viva">Viva</channel>
    <channel update="i" site="mydigiguide.com" site_id="50225" xmltv_id="Bliss">Bliss</channel>
    <channel update="i" site="mydigiguide.com" site_id="50226" xmltv_id="Dance Nation">Dance Nation</channel>
    <channel update="i" site="mydigiguide.com" site_id="50227" xmltv_id="Scuzz">Scuzz</channel>
    <channel update="i" site="mydigiguide.com" site_id="50358" xmltv_id="Chart Show TV">Chart Show TV</channel>
    <channel update="i" site="mydigiguide.com" site_id="50359" xmltv_id="The Vault">The Vault</channel>
    <channel update="i" site="mydigiguide.com" site_id="50630" xmltv_id="NME TV">NME TV</channel>
    <channel update="i" site="mydigiguide.com" site_id="50357" xmltv_id="Flava">Flava</channel>
    <channel update="i" site="mydigiguide.com" site_id="50375" xmltv_id="B4U Music">B4U Music</channel>
    <channel update="i" site="mydigiguide.com" site_id="50382" xmltv_id="Zing">Zing</channel>
    <channel update="i" site="mydigiguide.com" site_id="529" xmltv_id="QVC">QVC</channel>
    <channel update="i" site="mydigiguide.com" site_id="51030" xmltv_id="QVC Beauty">QVC Beauty</channel>
    <channel update="i" site="mydigiguide.com" site_id="50958" xmltv_id="Create and Craft">Create and Craft</channel>
    <channel update="i" site="mydigiguide.com" site_id="50965" xmltv_id="Create and Craft (Freeview)">Create and Craft (Freeview)</channel>
    <channel update="i" site="mydigiguide.com" site_id="50554" xmltv_id="The Jewellery Channel">The Jewellery Channel</channel>
    <channel update="i" site="mydigiguide.com" site_id="612" xmltv_id="bid tv">bid tv</channel>
    <channel update="i" site="mydigiguide.com" site_id="50361" xmltv_id="price-drop tv">price-drop tv</channel>
    <channel update="i" site="mydigiguide.com" site_id="51004" xmltv_id="price-drop tv (Freeview)">price-drop tv (Freeview)</channel>
    <channel update="i" site="mydigiguide.com" site_id="50496" xmltv_id="speed auction tv">speed auction tv</channel>
    <channel update="i" site="mydigiguide.com" site_id="526" xmltv_id="God UK">God UK</channel>
    <channel update="i" site="mydigiguide.com" site_id="535" xmltv_id="God UK Analogue">God UK Analogue</channel>
    <channel update="i" site="mydigiguide.com" site_id="50935" xmltv_id="Revelation TV">Revelation TV</channel>
    <channel update="i" site="mydigiguide.com" site_id="50938" xmltv_id="Daystar">Daystar</channel>
    <channel update="i" site="mydigiguide.com" site_id="50584" xmltv_id="Magic 105.4">Magic 105.4</channel>
    <channel update="i" site="mydigiguide.com" site_id="502" xmltv_id="BBC Radio One">BBC Radio One</channel>
    <channel update="i" site="mydigiguide.com" site_id="503" xmltv_id="BBC Radio Two">BBC Radio Two</channel>
    <channel update="i" site="mydigiguide.com" site_id="504" xmltv_id="BBC Radio Three">BBC Radio Three</channel>
    <channel update="i" site="mydigiguide.com" site_id="505" xmltv_id="BBC Radio Four">BBC Radio Four</channel>
    <channel update="i" site="mydigiguide.com" site_id="646" xmltv_id="BBC Radio Four Longwave">BBC Radio Four Longwave</channel>
    <channel update="i" site="mydigiguide.com" site_id="506" xmltv_id="BBC Radio Five Live">BBC Radio Five Live</channel>
    <channel update="i" site="mydigiguide.com" site_id="640" xmltv_id="BBC Radio Five Live Sports Extra">BBC Radio Five Live Sports Extra</channel>
    <channel update="i" site="mydigiguide.com" site_id="666" xmltv_id="BBC Radio 1Xtra">BBC Radio 1Xtra</channel>
    <channel update="i" site="mydigiguide.com" site_id="645" xmltv_id="BBC 6 Music">BBC 6 Music</channel>
    <channel update="i" site="mydigiguide.com" site_id="5944" xmltv_id="BBC Radio 7">BBC Radio 7</channel>
    <channel update="i" site="mydigiguide.com" site_id="552" xmltv_id="BBC Radio Scotland">BBC Radio Scotland</channel>
    <channel update="i" site="mydigiguide.com" site_id="50367" xmltv_id="BBC Radio Scotland MW">BBC Radio Scotland MW</channel>
    <channel update="i" site="mydigiguide.com" site_id="553" xmltv_id="BBC Radio Wales">BBC Radio Wales</channel>
    <channel update="i" site="mydigiguide.com" site_id="50222" xmltv_id="BBC Radio Cymru">BBC Radio Cymru</channel>
    <channel update="i" site="mydigiguide.com" site_id="554" xmltv_id="BBC Radio Ulster">BBC Radio Ulster</channel>
    <channel update="i" site="mydigiguide.com" site_id="50368" xmltv_id="BBC Radio Ulster MW">BBC Radio Ulster MW</channel>
    <channel update="i" site="mydigiguide.com" site_id="5946" xmltv_id="BBC Radio Asian Network">BBC Radio Asian Network</channel>
    <channel update="i" site="mydigiguide.com" site_id="50625" xmltv_id="BBC London 94.9 FM">BBC London 94.9 FM</channel>
    <channel update="i" site="mydigiguide.com" site_id="50362" xmltv_id="BBC Radio Aberdeen">BBC Radio Aberdeen</channel>
    <channel update="i" site="mydigiguide.com" site_id="50363" xmltv_id="BBC Radio Foyle">BBC Radio Foyle</channel>
    <channel update="i" site="mydigiguide.com" site_id="50364" xmltv_id="BBC Radio Highland">BBC Radio Highland</channel>
    <channel update="i" site="mydigiguide.com" site_id="50365" xmltv_id="BBC Radio Nan Gaidheal">BBC Radio Nan Gaidheal</channel>
    <channel update="i" site="mydigiguide.com" site_id="50366" xmltv_id="BBC Radio Orkney">BBC Radio Orkney</channel>
    <channel update="i" site="mydigiguide.com" site_id="50369" xmltv_id="BBC Radio Shetland">BBC Radio Shetland</channel>
    <channel update="i" site="mydigiguide.com" site_id="50370" xmltv_id="BBC Radio Solway">BBC Radio Solway</channel>
    <channel update="i" site="mydigiguide.com" site_id="50371" xmltv_id="BBC Radio Tweed">BBC Radio Tweed</channel>
    <channel update="i" site="mydigiguide.com" site_id="549" xmltv_id="BBC World Service Radio">BBC World Service Radio</channel>
    <channel update="i" site="mydigiguide.com" site_id="6320" xmltv_id="RTÉ Radio 1 FM">RTÉ Radio 1 FM</channel>
    <channel update="i" site="mydigiguide.com" site_id="6347" xmltv_id="RTÉ Radio 1 LW">RTÉ Radio 1 LW</channel>
    <channel update="i" site="mydigiguide.com" site_id="50476" xmltv_id="RTÉ Radio 1 Extra">RTÉ Radio 1 Extra</channel>
    <channel update="i" site="mydigiguide.com" site_id="6348" xmltv_id="RTÉ 2fm">RTÉ 2fm</channel>
    <channel update="i" site="mydigiguide.com" site_id="6349" xmltv_id="RTÉ Lyric FM">RTÉ Lyric FM</channel>
    <channel update="i" site="mydigiguide.com" site_id="6352" xmltv_id="RTÉ Raidió na Gaeltachta">RTÉ Raidió na Gaeltachta</channel>
    <channel update="i" site="mydigiguide.com" site_id="50921" xmltv_id="RTÉ Choice">RTÉ Choice</channel>
    <channel update="i" site="mydigiguide.com" site_id="50923" xmltv_id="RTÉjr Radio">RTÉjr Radio</channel>
    <channel update="i" site="mydigiguide.com" site_id="51028" xmltv_id="RTÉ Gold">RTÉ Gold</channel>
    <channel update="i" site="mydigiguide.com" site_id="51029" xmltv_id="RTÉ Chill">RTÉ Chill</channel>
    <channel update="i" site="mydigiguide.com" site_id="50922" xmltv_id="RTÉ Pulse">RTÉ Pulse</channel>
    <channel update="i" site="mydigiguide.com" site_id="50924" xmltv_id="RTÉ 2XM">RTÉ 2XM</channel>
    <channel update="i" site="mydigiguide.com" site_id="50898" xmltv_id="98 FM">98 FM</channel>
    <channel update="i" site="mydigiguide.com" site_id="50899" xmltv_id="Citybeat 96.7 and 102.5 FM">Citybeat 96.7 and 102.5 FM</channel>
    <channel update="i" site="mydigiguide.com" site_id="50900" xmltv_id="Cool FM">Cool FM</channel>
    <channel update="i" site="mydigiguide.com" site_id="50901" xmltv_id="Downtown Radio">Downtown Radio</channel>
    <channel update="i" site="mydigiguide.com" site_id="50902" xmltv_id="East Coast FM">East Coast FM</channel>
    <channel update="i" site="mydigiguide.com" site_id="50903" xmltv_id="FM 104">FM 104</channel>
    <channel update="i" site="mydigiguide.com" site_id="50904" xmltv_id="Q102.9 FM">Q102.9 FM</channel>
    <channel update="i" site="mydigiguide.com" site_id="50911" xmltv_id="Q102 Dublin">Q102 Dublin</channel>
    <channel update="i" site="mydigiguide.com" site_id="50905" xmltv_id="Spin 103.8">Spin 103.8</channel>
    <channel update="i" site="mydigiguide.com" site_id="500" xmltv_id="Absolute">Absolute</channel>
    <channel update="i" site="mydigiguide.com" site_id="50278" xmltv_id="Absolute Classic Rock">Absolute Classic Rock</channel>
    <channel update="i" site="mydigiguide.com" site_id="50533" xmltv_id="Absolute 80s">Absolute 80s</channel>
    <channel update="i" site="mydigiguide.com" site_id="51031" xmltv_id="Absolute Radio 90s">Absolute Radio 90s</channel>
    <channel update="i" site="mydigiguide.com" site_id="51001" xmltv_id="Absolute Radio Extra">Absolute Radio Extra</channel>
    <channel update="i" site="mydigiguide.com" site_id="507" xmltv_id="Capital Radio">Capital Radio</channel>
    <channel update="i" site="mydigiguide.com" site_id="501" xmltv_id="Classic FM">Classic FM</channel>
    <channel update="i" site="mydigiguide.com" site_id="50601" xmltv_id="Gold Radio">Gold Radio</channel>
    <channel update="i" site="mydigiguide.com" site_id="6263" xmltv_id="Kiss 100">Kiss 100</channel>
    <channel update="i" site="mydigiguide.com" site_id="648" xmltv_id="XFM London">XFM London</channel>
    <channel update="i" site="mydigiguide.com" site_id="581" xmltv_id="Jazz FM">Jazz FM</channel>
    <channel update="i" site="mydigiguide.com" site_id="50477" xmltv_id="Planet Rock">Planet Rock</channel>
    <channel update="i" site="mydigiguide.com" site_id="50474" xmltv_id="Choice FM">Choice FM</channel>
    <channel update="i" site="mydigiguide.com" site_id="50275" xmltv_id="Hit Music Radio Digital">Hit Music Radio Digital</channel>
    <channel update="i" site="mydigiguide.com" site_id="50585" xmltv_id="Kerrang! Radio">Kerrang! Radio</channel>
    <channel update="i" site="mydigiguide.com" site_id="50590" xmltv_id="Gaydar Radio">Gaydar Radio</channel>
    <channel update="i" site="mydigiguide.com" site_id="50256" xmltv_id="Heart Digital">Heart Digital</channel>
    <channel update="i" site="mydigiguide.com" site_id="50586" xmltv_id="The Hits!: Radio">The Hits!: Radio</channel>
    <channel update="i" site="mydigiguide.com" site_id="51007" xmltv_id="Smash Hits! Radio">Smash Hits! Radio</channel>
    <channel update="i" site="mydigiguide.com" site_id="50620" xmltv_id="Heat Radio">Heat Radio</channel>
    <channel update="i" site="mydigiguide.com" site_id="50727" xmltv_id="Heart 96.1 Colchester">Heart 96.1 Colchester</channel>
    <channel update="i" site="mydigiguide.com" site_id="50703" xmltv_id="Heart 96.2 and 97.3 North Devon">Heart 96.2 and 97.3 North Devon</channel>
    <channel update="i" site="mydigiguide.com" site_id="50713" xmltv_id="Heart 96.3 Bristol">Heart 96.3 Bristol</channel>
    <channel update="i" site="mydigiguide.com" site_id="50914" xmltv_id="Heart 96.3 Wales Coast">Heart 96.3 Wales Coast</channel>
    <channel update="i" site="mydigiguide.com" site_id="50662" xmltv_id="Heart 96.3 and 102.6 Essex">Heart 96.3 and 102.6 Essex</channel>
    <channel update="i" site="mydigiguide.com" site_id="50722" xmltv_id="Heart 96.4 Torbay">Heart 96.4 Torbay</channel>
    <channel update="i" site="mydigiguide.com" site_id="50882" xmltv_id="Heart 96.6 Northampton">Heart 96.6 Northampton</channel>
    <channel update="i" site="mydigiguide.com" site_id="50710" xmltv_id="Heart 96.7 and 97.5 Hampshire">Heart 96.7 and 97.5 Hampshire</channel>
    <channel update="i" site="mydigiguide.com" site_id="50883" xmltv_id="Heart 96.9 Bedford">Heart 96.9 Bedford</channel>
    <channel update="i" site="mydigiguide.com" site_id="50723" xmltv_id="Heart 97.0 and 96.6 Plymouth">Heart 97.0 and 96.6 Plymouth</channel>
    <channel update="i" site="mydigiguide.com" site_id="50661" xmltv_id="Heart 97.0 and 103.0 Exeter">Heart 97.0 and 103.0 Exeter</channel>
    <channel update="i" site="mydigiguide.com" site_id="50728" xmltv_id="Heart 97.1 and 96.4 Ipswich">Heart 97.1 and 96.4 Ipswich</channel>
    <channel update="i" site="mydigiguide.com" site_id="50714" xmltv_id="Heart 97.2 and 102.2 Wiltshire">Heart 97.2 and 102.2 Wiltshire</channel>
    <channel update="i" site="mydigiguide.com" site_id="50884" xmltv_id="Heart 97.6 Dunstable">Heart 97.6 Dunstable</channel>
    <channel update="i" site="mydigiguide.com" site_id="50895" xmltv_id="Heart 100-102 South Devon">Heart 100-102 South Devon</channel>
    <channel update="i" site="mydigiguide.com" site_id="50255" xmltv_id="Heart 100.7 West Midlands">Heart 100.7 West Midlands</channel>
    <channel update="i" site="mydigiguide.com" site_id="50668" xmltv_id="Heart 102.3 Dorset">Heart 102.3 Dorset</channel>
    <channel update="i" site="mydigiguide.com" site_id="50726" xmltv_id="Heart 102.4 Gloucester">Heart 102.4 Gloucester</channel>
    <channel update="i" site="mydigiguide.com" site_id="50730" xmltv_id="Heart 102.4 and 103.5 Sussex">Heart 102.4 and 103.5 Sussex</channel>
    <channel update="i" site="mydigiguide.com" site_id="50711" xmltv_id="Heart 102.6 Somerset">Heart 102.6 Somerset</channel>
    <channel update="i" site="mydigiguide.com" site_id="50664" xmltv_id="Heart 102.6 and 97.4 Oxfordshire">Heart 102.6 and 97.4 Oxfordshire</channel>
    <channel update="i" site="mydigiguide.com" site_id="50881" xmltv_id="Heart 102.7 Peterborough">Heart 102.7 Peterborough</channel>
    <channel update="i" site="mydigiguide.com" site_id="50913" xmltv_id="Heart 102.8 and 103.1 Kent">Heart 102.8 and 103.1 Kent</channel>
    <channel update="i" site="mydigiguide.com" site_id="50733" xmltv_id="Heart 102.9 and 97.0 Berkshire and North Hampshire">Heart 102.9 and 97.0 Berkshire and North Hampshire</channel>
    <channel update="i" site="mydigiguide.com" site_id="50712" xmltv_id="Heart 103 Bath">Heart 103 Bath</channel>
    <channel update="i" site="mydigiguide.com" site_id="50915" xmltv_id="Heart 103 Cymru">Heart 103 Cymru</channel>
    <channel update="i" site="mydigiguide.com" site_id="50669" xmltv_id="Heart 103 and 97.4 Cambridge">Heart 103 and 97.4 Cambridge</channel>
    <channel update="i" site="mydigiguide.com" site_id="50665" xmltv_id="Heart 103.3 Milton Keynes">Heart 103.3 Milton Keynes</channel>
    <channel update="i" site="mydigiguide.com" site_id="50880" xmltv_id="Heart 102.4 Norwich">Heart 102.4 Norwich</channel>
    <channel update="i" site="mydigiguide.com" site_id="50704" xmltv_id="Heart 103.4 Wrexham">Heart 103.4 Wrexham</channel>
    <channel update="i" site="mydigiguide.com" site_id="50589" xmltv_id="Heart 106 East Midlands">Heart 106 East Midlands</channel>
    <channel update="i" site="mydigiguide.com" site_id="647" xmltv_id="Heart 106.2 London">Heart 106.2 London</channel>
    <channel update="i" site="mydigiguide.com" site_id="50885" xmltv_id="Mercury FM Herts">Mercury FM Herts</channel>
    <channel update="i" site="mydigiguide.com" site_id="50258" xmltv_id="Galaxy Manchester">Galaxy Manchester</channel>
    <channel update="i" site="mydigiguide.com" site_id="50259" xmltv_id="Galaxy Birmingham">Galaxy Birmingham</channel>
    <channel update="i" site="mydigiguide.com" site_id="50260" xmltv_id="Galaxy Yorkshire">Galaxy Yorkshire</channel>
    <channel update="i" site="mydigiguide.com" site_id="50261" xmltv_id="Galaxy North East">Galaxy North East</channel>
    <channel update="i" site="mydigiguide.com" site_id="50886" xmltv_id="Galaxy South Coast">Galaxy South Coast</channel>
    <channel update="i" site="mydigiguide.com" site_id="50479" xmltv_id="Galaxy Digital">Galaxy Digital</channel>
    <channel update="i" site="mydigiguide.com" site_id="50740" xmltv_id="Smooth Radio 97.5 and 107.7">Smooth Radio 97.5 and 107.7</channel>
    <channel update="i" site="mydigiguide.com" site_id="50497" xmltv_id="Smooth Radio 100.4">Smooth Radio 100.4</channel>
    <channel update="i" site="mydigiguide.com" site_id="50396" xmltv_id="Smooth Radio 102.2">Smooth Radio 102.2</channel>
    <channel update="i" site="mydigiguide.com" site_id="50737" xmltv_id="Smooth Radio 105.2">Smooth Radio 105.2</channel>
    <channel update="i" site="mydigiguide.com" site_id="50738" xmltv_id="Smooth Radio 105.7">Smooth Radio 105.7</channel>
    <channel update="i" site="mydigiguide.com" site_id="50739" xmltv_id="Smooth Radio 106.6">Smooth Radio 106.6</channel>
    <channel update="i" site="mydigiguide.com" site_id="50262" xmltv_id="LBC">LBC</channel>
    <channel update="i" site="mydigiguide.com" site_id="50282" xmltv_id="LBC News">LBC News</channel>
    <channel update="i" site="mydigiguide.com" site_id="50741" xmltv_id="Today FM">Today FM</channel>
    <channel update="i" site="mydigiguide.com" site_id="50621" xmltv_id="Newstalk 106-108 FM">Newstalk 106-108 FM</channel>
    <channel update="i" site="mydigiguide.com" site_id="50622" xmltv_id="102.5 Clyde 1">102.5 Clyde 1</channel>
    <channel update="i" site="mydigiguide.com" site_id="50623" xmltv_id="U105">U105</channel>
    <channel update="i" site="mydigiguide.com" site_id="50534" xmltv_id="Real Radio (Northwest)">Real Radio (Northwest)</channel>
    <channel update="i" site="mydigiguide.com" site_id="550" xmltv_id="talkSport">talkSport</channel>
    <channel update="i" site="mydigiguide.com" site_id="50587" xmltv_id="Chill">Chill</channel>
    <channel update="i" site="mydigiguide.com" site_id="50663" xmltv_id="Leicester Sound">Leicester Sound</channel>
    <channel update="i" site="mydigiguide.com" site_id="50657" xmltv_id="Galaxy Scotland">Galaxy Scotland</channel>
    <channel update="i" site="mydigiguide.com" site_id="50666" xmltv_id="XFM Manchester">XFM Manchester</channel>
    <channel update="i" site="mydigiguide.com" site_id="50667" xmltv_id="Red Dragon">Red Dragon</channel>
    <channel update="i" site="mydigiguide.com" site_id="50708" xmltv_id="Mercury FM">Mercury FM</channel>
    <channel update="i" site="mydigiguide.com" site_id="50725" xmltv_id="Ram FM">Ram FM</channel>
    <channel update="i" site="mydigiguide.com" site_id="50731" xmltv_id="Ten-17 FM">Ten-17 FM</channel>
    <channel update="i" site="mydigiguide.com" site_id="50732" xmltv_id="Trent FM">Trent FM</channel>
    <channel update="i" site="mydigiguide.com" site_id="50699" xmltv_id="Heart 97.1 Wirral">Heart 97.1 Wirral</channel>
    <channel update="i" site="mydigiguide.com" site_id="50288" xmltv_id="The Dating Channel">The Dating Channel</channel>
    <channel update="i" site="mydigiguide.com" site_id="50614" xmltv_id="Gay Network">Gay Network</channel>
    <channel update="i" site="mydigiguide.com" site_id="50615" xmltv_id="Chat Box">Chat Box</channel>
    <channel update="i" site="mydigiguide.com" site_id="89" xmltv_id="Playboy TV">Playboy TV</channel>
    <channel update="i" site="mydigiguide.com" site_id="99" xmltv_id="The Adult Channel">The Adult Channel</channel>
    <channel update="i" site="mydigiguide.com" site_id="16" xmltv_id="Television X">Television X</channel>
    <channel update="i" site="mydigiguide.com" site_id="50465" xmltv_id="Television X (TopUpTV)">Television X (TopUpTV)</channel>
    <channel update="i" site="mydigiguide.com" site_id="517" xmltv_id="Television X Analogue">Television X Analogue</channel>
    <channel update="i" site="mydigiguide.com" site_id="50871" xmltv_id="TVX Amateur">TVX Amateur</channel>
    <channel update="i" site="mydigiguide.com" site_id="50872" xmltv_id="TVX Brits">TVX Brits</channel>
    <channel update="i" site="mydigiguide.com" site_id="50931" xmltv_id="Hustler TV">Hustler TV</channel>
    <channel update="i" site="mydigiguide.com" site_id="50875" xmltv_id="Viewers Wives">Viewers Wives</channel>
    <channel update="i" site="mydigiguide.com" site_id="50889" xmltv_id="Blue Tube">Blue Tube</channel>
    <channel update="i" site="mydigiguide.com" site_id="50909" xmltv_id="Dirty Talk">Dirty Talk</channel>
    <channel update="i" site="mydigiguide.com" site_id="50516" xmltv_id="Red Hot TV">Red Hot TV</channel>
    <channel update="i" site="mydigiguide.com" site_id="50510" xmltv_id="Red Hot 40+">Red Hot 40+</channel>
    <channel update="i" site="mydigiguide.com" site_id="50512" xmltv_id="Red Hot Amateur">Red Hot Amateur</channel>
    <channel update="i" site="mydigiguide.com" site_id="50511" xmltv_id="Red Hot Fetish">Red Hot Fetish</channel>
    <channel update="i" site="mydigiguide.com" site_id="50515" xmltv_id="Red Hot Mums">Red Hot Mums</channel>
    <channel update="i" site="mydigiguide.com" site_id="50580" xmltv_id="Private Spice">Private Spice</channel>
    <channel update="i" site="mydigiguide.com" site_id="50932" xmltv_id="Amateur Babes">Amateur Babes</channel>
    <channel update="i" site="mydigiguide.com" site_id="50930" xmltv_id="100% Babes">100% Babes</channel>
    <channel update="i" site="mydigiguide.com" site_id="50287" xmltv_id="GayDateTV">GayDateTV</channel>
    <channel update="i" site="mydigiguide.com" site_id="50531" xmltv_id="XXX Gay">XXX Gay</channel>
    <channel update="i" site="mydigiguide.com" site_id="50876" xmltv_id="Gay TV">Gay TV</channel>
  </channels>
</site>