﻿<?xml version="1.0" encoding="UTF-8"?>
<site generator-info-name="WebGrab+Plus/w MDB &amp; REX Postprocess -- version 1.1.1/52.11 -- Jan van Straaten" site="mytv.com.vn">
  <channels>
    <channel update="i" site="mytv.com.vn" site_id="1" xmltv_id="VTV1">VTV1</channel>
    <channel update="i" site="mytv.com.vn" site_id="2" xmltv_id="VTV3">VTV3</channel>
    <channel update="i" site="mytv.com.vn" site_id="52" xmltv_id="VTV6">VTV6</channel>
    <channel update="i" site="mytv.com.vn" site_id="53" xmltv_id="VTV5">VTV5</channel>
    <channel update="i" site="mytv.com.vn" site_id="59" xmltv_id="VTV2">VTV2</channel>
    <channel update="i" site="mytv.com.vn" site_id="60" xmltv_id="VTV4">VTV4</channel>
    <channel update="i" site="mytv.com.vn" site_id="3" xmltv_id="HanoiTV1">HanoiTV1</channel>
    <channel update="i" site="mytv.com.vn" site_id="5" xmltv_id="HTVC Phim">HTVC Phim</channel>
    <channel update="i" site="mytv.com.vn" site_id="6" xmltv_id="HTVC Ca nhạc">HTVC Ca nhạc</channel>
    <channel update="i" site="mytv.com.vn" site_id="7" xmltv_id="National Geographic (HD)">National Geographic (HD)</channel>
    <channel update="i" site="mytv.com.vn" site_id="8" xmltv_id="FTV (SD)">FTV (SD)</channel>
    <channel update="i" site="mytv.com.vn" site_id="9" xmltv_id="HBO">HBO</channel>
    <channel update="i" site="mytv.com.vn" site_id="10" xmltv_id="Max">Max</channel>
    <channel update="i" site="mytv.com.vn" site_id="11" xmltv_id="StarMovies">StarMovies</channel>
    <channel update="i" site="mytv.com.vn" site_id="13" xmltv_id="Channel -V">Channel -V</channel>
    <channel update="i" site="mytv.com.vn" site_id="14" xmltv_id="FOX SPORTS">FOX SPORTS</channel>
    <channel update="i" site="mytv.com.vn" site_id="15" xmltv_id="StarSport">StarSport</channel>
    <channel update="i" site="mytv.com.vn" site_id="18" xmltv_id="VTC 1">VTC 1</channel>
    <channel update="i" site="mytv.com.vn" site_id="19" xmltv_id="HTV7">HTV7</channel>
    <channel update="i" site="mytv.com.vn" site_id="20" xmltv_id="HTV9">HTV9</channel>
    <channel update="i" site="mytv.com.vn" site_id="21" xmltv_id="AXN">AXN</channel>
    <channel update="i" site="mytv.com.vn" site_id="22" xmltv_id="Disney">Disney</channel>
    <channel update="i" site="mytv.com.vn" site_id="27" xmltv_id="VITV">VITV</channel>
    <channel update="i" site="mytv.com.vn" site_id="28" xmltv_id="O2 TV">O2 TV</channel>
    <channel update="i" site="mytv.com.vn" site_id="32" xmltv_id="HTVC Phụ nữ">HTVC Phụ nữ</channel>
    <channel update="i" site="mytv.com.vn" site_id="34" xmltv_id="Cartoon Network">Cartoon Network</channel>
    <channel update="i" site="mytv.com.vn" site_id="35" xmltv_id="Bloomberg">Bloomberg</channel>
    <channel update="i" site="mytv.com.vn" site_id="36" xmltv_id="Channel News Asia">Channel News Asia</channel>
    <channel update="i" site="mytv.com.vn" site_id="37" xmltv_id="DW">DW</channel>
    <channel update="i" site="mytv.com.vn" site_id="38" xmltv_id="Australia Network">Australia Network</channel>
    <channel update="i" site="mytv.com.vn" site_id="39" xmltv_id="NHK">NHK</channel>
    <channel update="i" site="mytv.com.vn" site_id="40" xmltv_id="CCTV (HD)">CCTV (HD)</channel>
    <channel update="i" site="mytv.com.vn" site_id="43" xmltv_id="Ariang">Ariang</channel>
    <channel update="i" site="mytv.com.vn" site_id="45" xmltv_id="Discovery">Discovery</channel>
    <channel update="i" site="mytv.com.vn" site_id="46" xmltv_id="Discovery Travel &amp; Living">Discovery Travel &amp; Living</channel>
    <channel update="i" site="mytv.com.vn" site_id="47" xmltv_id="Animal Planet">Animal Planet</channel>
    <channel update="i" site="mytv.com.vn" site_id="48" xmltv_id="VOVTV">VOVTV</channel>
    <channel update="i" site="mytv.com.vn" site_id="49" xmltv_id="TV5 Asie">TV5 Asie</channel>
    <channel update="i" site="mytv.com.vn" site_id="54" xmltv_id="HTV1">HTV1</channel>
    <channel update="i" site="mytv.com.vn" site_id="55" xmltv_id="HTV2">HTV2</channel>
    <channel update="i" site="mytv.com.vn" site_id="56" xmltv_id="HTV3">HTV3</channel>
    <channel update="i" site="mytv.com.vn" site_id="58" xmltv_id="VTC3">VTC3</channel>
    <channel update="i" site="mytv.com.vn" site_id="61" xmltv_id="NgheAnTV">NgheAnTV</channel>
    <channel update="i" site="mytv.com.vn" site_id="62" xmltv_id="BinhDuongTV1">BinhDuongTV1</channel>
    <channel update="i" site="mytv.com.vn" site_id="63" xmltv_id="BinhDuongTV2">BinhDuongTV2</channel>
    <channel update="i" site="mytv.com.vn" site_id="64" xmltv_id="BinhDuongTV4">BinhDuongTV4</channel>
    <channel update="i" site="mytv.com.vn" site_id="65" xmltv_id="VinhLongTV1">VinhLongTV1</channel>
    <channel update="i" site="mytv.com.vn" site_id="66" xmltv_id="VinhLongTV2">VinhLongTV2</channel>
    <channel update="i" site="mytv.com.vn" site_id="67" xmltv_id="DongNaiTV1">DongNaiTV1</channel>
    <channel update="i" site="mytv.com.vn" site_id="68" xmltv_id="DongNaiTV2">DongNaiTV2</channel>
    <channel update="i" site="mytv.com.vn" site_id="69" xmltv_id="LongAnTV">LongAnTV</channel>
    <channel update="i" site="mytv.com.vn" site_id="71" xmltv_id="CanThoTV">CanThoTV</channel>
    <channel update="i" site="mytv.com.vn" site_id="73" xmltv_id="DaNangTV1">DaNangTV1</channel>
    <channel update="i" site="mytv.com.vn" site_id="75" xmltv_id="QuangNinhTV">QuangNinhTV</channel>
    <channel update="i" site="mytv.com.vn" site_id="76" xmltv_id="DongThapTV">DongThapTV</channel>
    <channel update="i" site="mytv.com.vn" site_id="77" xmltv_id="KienGiangTV">KienGiangTV</channel>
    <channel update="i" site="mytv.com.vn" site_id="78" xmltv_id="TayNinhTV">TayNinhTV</channel>
    <channel update="i" site="mytv.com.vn" site_id="81" xmltv_id="Vĩnh Phúc">Vĩnh Phúc</channel>
    <channel update="i" site="mytv.com.vn" site_id="82" xmltv_id="HanoiTV2">HanoiTV2</channel>
    <channel update="i" site="mytv.com.vn" site_id="91" xmltv_id="BRT (HT Bà Rịa - Vũng Tàu)">BRT (HT Bà Rịa - Vũng Tàu)</channel>
    <channel update="i" site="mytv.com.vn" site_id="92" xmltv_id="ATV (HT An Giang)">ATV (HT An Giang)</channel>
    <channel update="i" site="mytv.com.vn" site_id="93" xmltv_id="TTV (TH Thanh Hóa)">TTV (TH Thanh Hóa)</channel>
    <channel update="i" site="mytv.com.vn" site_id="94" xmltv_id="HDTV (TH Hải Dương)">HDTV (TH Hải Dương)</channel>
    <channel update="i" site="mytv.com.vn" site_id="95" xmltv_id="HaCTV2">HaCTV2</channel>
    <channel update="i" site="mytv.com.vn" site_id="96" xmltv_id="HiTV">HiTV</channel>
    <channel update="i" site="mytv.com.vn" site_id="97" xmltv_id="HcaTV">HcaTV</channel>
    <channel update="i" site="mytv.com.vn" site_id="98" xmltv_id="V-news">V-news</channel>
    <channel update="i" site="mytv.com.vn" site_id="99" xmltv_id="True Sport">True Sport</channel>
    <channel update="i" site="mytv.com.vn" site_id="100" xmltv_id="Phú yên">Phú yên</channel>
    <channel update="i" site="mytv.com.vn" site_id="101" xmltv_id="VTV-DaNang">VTV-DaNang</channel>
    <channel update="i" site="mytv.com.vn" site_id="102" xmltv_id="OPT1">OPT1</channel>
    <channel update="i" site="mytv.com.vn" site_id="103" xmltv_id="VTC12">VTC12</channel>
    <channel update="i" site="mytv.com.vn" site_id="104" xmltv_id="VTC11">VTC11</channel>
    <channel update="i" site="mytv.com.vn" site_id="105" xmltv_id="VTC9">VTC9</channel>
    <channel update="i" site="mytv.com.vn" site_id="106" xmltv_id="VTC6">VTC6</channel>
    <channel update="i" site="mytv.com.vn" site_id="107" xmltv_id="VTC2">VTC2</channel>
    <channel update="i" site="mytv.com.vn" site_id="108" xmltv_id="MTV">MTV</channel>
    <channel update="i" site="mytv.com.vn" site_id="116" xmltv_id="RAI">RAI</channel>
    <channel update="i" site="mytv.com.vn" site_id="117" xmltv_id="Discovery (HD)">Discovery (HD)</channel>
    <channel update="i" site="mytv.com.vn" site_id="120" xmltv_id="Star World (HD)">Star World (HD)</channel>
    <channel update="i" site="mytv.com.vn" site_id="121" xmltv_id="Star Movies (HD)">Star Movies (HD)</channel>
    <channel update="i" site="mytv.com.vn" site_id="122" xmltv_id="NGA (HD)">NGA (HD)</channel>
    <channel update="i" site="mytv.com.vn" site_id="123" xmltv_id="MTV (HD)">MTV (HD)</channel>
    <channel update="i" site="mytv.com.vn" site_id="124" xmltv_id="AXN (HD)">AXN (HD)</channel>
    <channel update="i" site="mytv.com.vn" site_id="125" xmltv_id="HBO (HD)">HBO (HD)</channel>
    <channel update="i" site="mytv.com.vn" site_id="126" xmltv_id="NHK (HD)">NHK (HD)</channel>
    <channel update="i" site="mytv.com.vn" site_id="127" xmltv_id="Disney (HD)">Disney (HD)</channel>
    <channel update="i" site="mytv.com.vn" site_id="128" xmltv_id="Cartoon Network (HD)">Cartoon Network (HD)</channel>
    <channel update="i" site="mytv.com.vn" site_id="133" xmltv_id="HTVC Gia đình">HTVC Gia đình</channel>
    <channel update="i" site="mytv.com.vn" site_id="135" xmltv_id="HTVC Du lịch và Cuộc sống">HTVC Du lịch và Cuộc sống</channel>
    <channel update="i" site="mytv.com.vn" site_id="138" xmltv_id="ANTV">ANTV</channel>
    <channel update="i" site="mytv.com.vn" site_id="139" xmltv_id="VTC7">VTC7</channel>
    <channel update="i" site="mytv.com.vn" site_id="140" xmltv_id="VTC10">VTC10</channel>
    <channel update="i" site="mytv.com.vn" site_id="141" xmltv_id="VTC14">VTC14</channel>
    <channel update="i" site="mytv.com.vn" site_id="142" xmltv_id="HTV4">HTV4</channel>
    <channel update="i" site="mytv.com.vn" site_id="143" xmltv_id="HTVC-Thể Thao">HTVC-Thể Thao</channel>
    <channel update="i" site="mytv.com.vn" site_id="144" xmltv_id="HTVC-Thuần Việt">HTVC-Thuần Việt</channel>
    <channel update="i" site="mytv.com.vn" site_id="145" xmltv_id="BacNinhTV">BacNinhTV</channel>
    <channel update="i" site="mytv.com.vn" site_id="147" xmltv_id="iTV Ca Nhạc">iTV Ca Nhạc</channel>
    <channel update="i" site="mytv.com.vn" site_id="148" xmltv_id="VTC16">VTC16</channel>
    <channel update="i" site="mytv.com.vn" site_id="149" xmltv_id="VTVCab 3 - Thể thao TV">VTVCab 3 - Thể thao TV</channel>
    <channel update="i" site="mytv.com.vn" site_id="150" xmltv_id="VTVCab 16 – Bóng đá TV">VTVCab 16 – Bóng đá TV</channel>
    <channel update="i" site="mytv.com.vn" site_id="151" xmltv_id="VTVCab1 - Giải trí TV">VTVCab1 - Giải trí TV</channel>
    <channel update="i" site="mytv.com.vn" site_id="152" xmltv_id="VTVCab 2 - Phim Việt">VTVCab 2 - Phim Việt</channel>
    <channel update="i" site="mytv.com.vn" site_id="153" xmltv_id="VTVCab 4 – M4Me">VTVCab 4 – M4Me</channel>
    <channel update="i" site="mytv.com.vn" site_id="154" xmltv_id="VTVCab 5 - E Channel">VTVCab 5 - E Channel</channel>
    <channel update="i" site="mytv.com.vn" site_id="155" xmltv_id="VTVCab 6 - Khoa học công nghệ">VTVCab 6 - Khoa học công nghệ</channel>
    <channel update="i" site="mytv.com.vn" site_id="156" xmltv_id="VTVCab 8 – Bibi">VTVCab 8 – Bibi</channel>
    <channel update="i" site="mytv.com.vn" site_id="157" xmltv_id="VTVCab 12 - Style TV">VTVCab 12 - Style TV</channel>
    <channel update="i" site="mytv.com.vn" site_id="158" xmltv_id="VTVCab 17 – Du lịch">VTVCab 17 – Du lịch</channel>
    <channel update="i" site="mytv.com.vn" site_id="160" xmltv_id="VTVCab 7 - D DRAMAS">VTVCab 7 - D DRAMAS</channel>
    <channel update="i" site="mytv.com.vn" site_id="161" xmltv_id="VTVCab 3 - Thể thao (HD)">VTVCab 3 - Thể thao (HD)</channel>
    <channel update="i" site="mytv.com.vn" site_id="162" xmltv_id="VTVCab 16 - Bóng đá TV (HD)">VTVCab 16 - Bóng đá TV (HD)</channel>
    <channel update="i" site="mytv.com.vn" site_id="163" xmltv_id="HTV7 HD">HTV7 HD</channel>
    <channel update="i" site="mytv.com.vn" site_id="164" xmltv_id="HTV9 HD">HTV9 HD</channel>
    <channel update="i" site="mytv.com.vn" site_id="165" xmltv_id="HTV2 HD">HTV2 HD</channel>
    <channel update="i" site="mytv.com.vn" site_id="166" xmltv_id="QPVN">QPVN</channel>
    <channel update="i" site="mytv.com.vn" site_id="167" xmltv_id="HTVC Mua sắm, tiêu dùng">HTVC Mua sắm, tiêu dùng</channel>
  </channels>
</site>