﻿<?xml version="1.0" encoding="UTF-8"?>
<site generator-info-name="WebGrab+Plus/w MDB &amp; REX Postprocess -- version 1.1.1/52.22 -- Jan van Straaten" site="port.ro">
  <channels>
    <channel update="i" site="port.ro" site_id="10001" xmltv_id="TVR 1">TVR 1</channel>
    <channel update="i" site="port.ro" site_id="10017" xmltv_id="Antena 1">Antena 1</channel>
    <channel update="i" site="port.ro" site_id="10007" xmltv_id="PRO TV">PRO TV</channel>
    <channel update="i" site="port.ro" site_id="10029" xmltv_id="TVH">TVH</channel>
    <channel update="i" site="port.ro" site_id="10097" xmltv_id="Kanal D">Kanal D</channel>
    <channel update="i" site="port.ro" site_id="10004" xmltv_id="Acasă TV">Acasă TV</channel>
    <channel update="i" site="port.ro" site_id="10005" xmltv_id="Prima TV">Prima TV</channel>
    <channel update="i" site="port.ro" site_id="10031" xmltv_id="Naţional TV">Naţional TV</channel>
    <channel update="i" site="port.ro" site_id="10002" xmltv_id="TVR 2">TVR 2</channel>
    <channel update="i" site="port.ro" site_id="10047" xmltv_id="PRO TV Internaţional">PRO TV Internaţional</channel>
    <channel update="i" site="port.ro" site_id="10015" xmltv_id="TVR Internaţional">TVR Internaţional</channel>
    <channel update="i" site="port.ro" site_id="10090" xmltv_id="Antena Internaţional">Antena Internaţional</channel>
    <channel update="i" site="port.ro" site_id="10119" xmltv_id="Antena 2">Antena 2</channel>
    <channel update="i" site="port.ro" site_id="10134" xmltv_id="Speranţa TV">Speranţa TV</channel>
    <channel update="i" site="port.ro" site_id="10137" xmltv_id="Alfa Omega TV">Alfa Omega TV</channel>
    <channel update="i" site="port.ro" site_id="10145" xmltv_id="Trinitas TV">Trinitas TV</channel>
    <channel update="i" site="port.ro" site_id="10048" xmltv_id="Naţional 24 Plus">Naţional 24 Plus</channel>
    <channel update="i" site="port.ro" site_id="10223" xmltv_id="Credo TV">Credo TV</channel>
    <channel update="i" site="port.ro" site_id="10242" xmltv_id="DDTV">DDTV</channel>
    <channel update="i" site="port.ro" site_id="10249" xmltv_id="GIGA TV">GIGA TV</channel>
    <channel update="i" site="port.ro" site_id="10151" xmltv_id="Neptun TV">Neptun TV</channel>
    <channel update="i" site="port.ro" site_id="10252" xmltv_id="LOOK TV">LOOK TV</channel>
    <channel update="i" site="port.ro" site_id="10253" xmltv_id="Acasă GOLD">Acasă GOLD</channel>
    <channel update="i" site="port.ro" site_id="10256" xmltv_id="Naşul TV">Naşul TV</channel>
    <channel update="i" site="port.ro" site_id="10304" xmltv_id="Agro TV">Agro TV</channel>
    <channel update="i" site="port.ro" site_id="10326" xmltv_id="The Money Channel">The Money Channel</channel>
    <channel update="i" site="port.ro" site_id="10019" xmltv_id="Realitatea TV">Realitatea TV</channel>
    <channel update="i" site="port.ro" site_id="10055" xmltv_id="Antena 3">Antena 3</channel>
    <channel update="i" site="port.ro" site_id="10174" xmltv_id="TVR News">TVR News</channel>
    <channel update="i" site="port.ro" site_id="10022" xmltv_id="B1">B1</channel>
    <channel update="i" site="port.ro" site_id="10100" xmltv_id="BBC World News">BBC World News</channel>
    <channel update="i" site="port.ro" site_id="10115" xmltv_id="CNN">CNN</channel>
    <channel update="i" site="port.ro" site_id="10113" xmltv_id="EuroNews">EuroNews</channel>
    <channel update="i" site="port.ro" site_id="10282" xmltv_id="Digi 24">Digi 24</channel>
    <channel update="i" site="port.ro" site_id="10146" xmltv_id="Vesti News">Vesti News</channel>
    <channel update="i" site="port.ro" site_id="10195" xmltv_id="Bloomberg TV">Bloomberg TV</channel>
    <channel update="i" site="port.ro" site_id="10205" xmltv_id="Russia Today">Russia Today</channel>
    <channel update="i" site="port.ro" site_id="10138" xmltv_id="CCTV News">CCTV News</channel>
    <channel update="i" site="port.ro" site_id="10245" xmltv_id="România TV">România TV</channel>
    <channel update="i" site="port.ro" site_id="10217" xmltv_id="Transilvania L!VE">Transilvania L!VE</channel>
    <channel update="i" site="port.ro" site_id="10078" xmltv_id="Fashion TV">Fashion TV</channel>
    <channel update="i" site="port.ro" site_id="10063" xmltv_id="Euforia Lifestyle TV">Euforia Lifestyle TV</channel>
    <channel update="i" site="port.ro" site_id="10086" xmltv_id="Travel Channel">Travel Channel</channel>
    <channel update="i" site="port.ro" site_id="10045" xmltv_id="Discovery Travel &amp; Living">Discovery Travel &amp; Living</channel>
    <channel update="i" site="port.ro" site_id="10099" xmltv_id="Fine Living">Fine Living</channel>
    <channel update="i" site="port.ro" site_id="10156" xmltv_id="GINX TV">GINX TV</channel>
    <channel update="i" site="port.ro" site_id="10175" xmltv_id="TV Paprika">TV Paprika</channel>
    <channel update="i" site="port.ro" site_id="10177" xmltv_id="E!Entertainment">E!Entertainment</channel>
    <channel update="i" site="port.ro" site_id="10202" xmltv_id="Top Shop TV">Top Shop TV</channel>
    <channel update="i" site="port.ro" site_id="10224" xmltv_id="TLC">TLC</channel>
    <channel update="i" site="port.ro" site_id="10231" xmltv_id="Travel Mix">Travel Mix</channel>
    <channel update="i" site="port.ro" site_id="10233" xmltv_id="The Style Network">The Style Network</channel>
    <channel update="i" site="port.ro" site_id="10262" xmltv_id="Digi Life">Digi Life</channel>
    <channel update="i" site="port.ro" site_id="10234" xmltv_id="High TV 3D">High TV 3D</channel>
    <channel update="i" site="port.ro" site_id="10027" xmltv_id="Diva Universal">Diva Universal</channel>
    <channel update="i" site="port.ro" site_id="10003" xmltv_id="HBO">HBO</channel>
    <channel update="i" site="port.ro" site_id="10121" xmltv_id="HBO Comedy">HBO Comedy</channel>
    <channel update="i" site="port.ro" site_id="10033" xmltv_id="AXN">AXN</channel>
    <channel update="i" site="port.ro" site_id="10072" xmltv_id="AXN Black">AXN Black</channel>
    <channel update="i" site="port.ro" site_id="10073" xmltv_id="AXN White">AXN White</channel>
    <channel update="i" site="port.ro" site_id="10298" xmltv_id="AXN Spin">AXN Spin</channel>
    <channel update="i" site="port.ro" site_id="10036" xmltv_id="Pro Cinema">Pro Cinema</channel>
    <channel update="i" site="port.ro" site_id="10042" xmltv_id="Cinemax">Cinemax</channel>
    <channel update="i" site="port.ro" site_id="10083" xmltv_id="Cinemax 2">Cinemax 2</channel>
    <channel update="i" site="port.ro" site_id="10054" xmltv_id="TCM">TCM</channel>
    <channel update="i" site="port.ro" site_id="10060" xmltv_id="TV 1000">TV 1000</channel>
    <channel update="i" site="port.ro" site_id="10092" xmltv_id="MGM">MGM</channel>
    <channel update="i" site="port.ro" site_id="10149" xmltv_id="Universal Channel">Universal Channel</channel>
    <channel update="i" site="port.ro" site_id="10227" xmltv_id="Digi Film">Digi Film</channel>
    <channel update="i" site="port.ro" site_id="10194" xmltv_id="Pink Film">Pink Film</channel>
    <channel update="i" site="port.ro" site_id="10236" xmltv_id="FilmBox">FilmBox</channel>
    <channel update="i" site="port.ro" site_id="10237" xmltv_id="FilmBox Extra 1">FilmBox Extra 1</channel>
    <channel update="i" site="port.ro" site_id="10238" xmltv_id="FilmBox Family">FilmBox Family</channel>
    <channel update="i" site="port.ro" site_id="10246" xmltv_id="Bollywood TV Film">Bollywood TV Film</channel>
    <channel update="i" site="port.ro" site_id="10248" xmltv_id="Bollywood Clasic">Bollywood Clasic</channel>
    <channel update="i" site="port.ro" site_id="10051" xmltv_id="Film Café">Film Café</channel>
    <channel update="i" site="port.ro" site_id="10270" xmltv_id="Comedy Central Extra">Comedy Central Extra</channel>
    <channel update="i" site="port.ro" site_id="10271" xmltv_id="Shorts TV">Shorts TV</channel>
    <channel update="i" site="port.ro" site_id="10264" xmltv_id="Sundance">Sundance</channel>
    <channel update="i" site="port.ro" site_id="10018" xmltv_id="Disney Channel">Disney Channel</channel>
    <channel update="i" site="port.ro" site_id="10023" xmltv_id="Minimax">Minimax</channel>
    <channel update="i" site="port.ro" site_id="10091" xmltv_id="Animax">Animax</channel>
    <channel update="i" site="port.ro" site_id="10053" xmltv_id="Cartoon Network">Cartoon Network</channel>
    <channel update="i" site="port.ro" site_id="10081" xmltv_id="Boomerang">Boomerang</channel>
    <channel update="i" site="port.ro" site_id="10110" xmltv_id="Nickelodeon">Nickelodeon</channel>
    <channel update="i" site="port.ro" site_id="10123" xmltv_id="Baby TV">Baby TV</channel>
    <channel update="i" site="port.ro" site_id="10124" xmltv_id="KidsCo">KidsCo</channel>
    <channel update="i" site="port.ro" site_id="10130" xmltv_id="Duck TV">Duck TV</channel>
    <channel update="i" site="port.ro" site_id="10142" xmltv_id="JimJam">JimJam</channel>
    <channel update="i" site="port.ro" site_id="10263" xmltv_id="Disney Junior">Disney Junior</channel>
    <channel update="i" site="port.ro" site_id="10268" xmltv_id="Megamax">Megamax</channel>
    <channel update="i" site="port.ro" site_id="10095" xmltv_id="Digi 24 Timişoara">Digi 24 Timişoara</channel>
    <channel update="i" site="port.ro" site_id="10167" xmltv_id="TVR 3">TVR 3</channel>
    <channel update="i" site="port.ro" site_id="10208" xmltv_id="Prahova TV">Prahova TV</channel>
    <channel update="i" site="port.ro" site_id="10211" xmltv_id="TVT89">TVT89</channel>
    <channel update="i" site="port.ro" site_id="10214" xmltv_id="Valea Prahovei TV">Valea Prahovei TV</channel>
    <channel update="i" site="port.ro" site_id="10216" xmltv_id="Alpha TV Ploieşti">Alpha TV Ploieşti</channel>
    <channel update="i" site="port.ro" site_id="10215" xmltv_id="Erdély TV">Erdély TV</channel>
    <channel update="i" site="port.ro" site_id="10153" xmltv_id="TVR Cluj">TVR Cluj</channel>
    <channel update="i" site="port.ro" site_id="10154" xmltv_id="TVR Iaşi">TVR Iaşi</channel>
    <channel update="i" site="port.ro" site_id="10219" xmltv_id="TVR Craiova">TVR Craiova</channel>
    <channel update="i" site="port.ro" site_id="10220" xmltv_id="TVR Timişoara">TVR Timişoara</channel>
    <channel update="i" site="port.ro" site_id="10221" xmltv_id="TVR Târgu-Mureş">TVR Târgu-Mureş</channel>
    <channel update="i" site="port.ro" site_id="10228" xmltv_id="Antena 1 Ploieşti">Antena 1 Ploieşti</channel>
    <channel update="i" site="port.ro" site_id="10229" xmltv_id="WYL TV">WYL TV</channel>
    <channel update="i" site="port.ro" site_id="10232" xmltv_id="Kapital TV">Kapital TV</channel>
    <channel update="i" site="port.ro" site_id="10243" xmltv_id="Columna TV">Columna TV</channel>
    <channel update="i" site="port.ro" site_id="10250" xmltv_id="TV Sud Est">TV Sud Est</channel>
    <channel update="i" site="port.ro" site_id="10258" xmltv_id="TV City">TV City</channel>
    <channel update="i" site="port.ro" site_id="10305" xmltv_id="Digi 24 Oradea">Digi 24 Oradea</channel>
    <channel update="i" site="port.ro" site_id="10308" xmltv_id="Digi 24 Craiova">Digi 24 Craiova</channel>
    <channel update="i" site="port.ro" site_id="10309" xmltv_id="Digi 24 Constanţa">Digi 24 Constanţa</channel>
    <channel update="i" site="port.ro" site_id="10310" xmltv_id="Digi 24 Iaşi">Digi 24 Iaşi</channel>
    <channel update="i" site="port.ro" site_id="10329" xmltv_id="MDI TV">MDI TV</channel>
    <channel update="i" site="port.ro" site_id="10026" xmltv_id="MTV România">MTV România</channel>
    <channel update="i" site="port.ro" site_id="10070" xmltv_id="MTV Dance">MTV Dance</channel>
    <channel update="i" site="port.ro" site_id="10057" xmltv_id="MTV Hits">MTV Hits</channel>
    <channel update="i" site="port.ro" site_id="10056" xmltv_id="MTV Rocks">MTV Rocks</channel>
    <channel update="i" site="port.ro" site_id="10008" xmltv_id="Kiss TV">Kiss TV</channel>
    <channel update="i" site="port.ro" site_id="10030" xmltv_id="VH1">VH1</channel>
    <channel update="i" site="port.ro" site_id="10058" xmltv_id="VH1 Classic">VH1 Classic</channel>
    <channel update="i" site="port.ro" site_id="10038" xmltv_id="Mezzo TV">Mezzo TV</channel>
    <channel update="i" site="port.ro" site_id="10139" xmltv_id="Classical Music">Classical Music</channel>
    <channel update="i" site="port.ro" site_id="10071" xmltv_id="Favorit TV">Favorit TV</channel>
    <channel update="i" site="port.ro" site_id="10074" xmltv_id="TRACE Urban">TRACE Urban</channel>
    <channel update="i" site="port.ro" site_id="10096" xmltv_id="U TV">U TV</channel>
    <channel update="i" site="port.ro" site_id="10037" xmltv_id="Etno TV">Etno TV</channel>
    <channel update="i" site="port.ro" site_id="10101" xmltv_id="Taraf TV">Taraf TV</channel>
    <channel update="i" site="port.ro" site_id="10158" xmltv_id="Music Channel">Music Channel</channel>
    <channel update="i" site="port.ro" site_id="10185" xmltv_id="MTV Ukraine">MTV Ukraine</channel>
    <channel update="i" site="port.ro" site_id="10187" xmltv_id="Balkanika MTV">Balkanika MTV</channel>
    <channel update="i" site="port.ro" site_id="10206" xmltv_id="Mynele TV">Mynele TV</channel>
    <channel update="i" site="port.ro" site_id="10274" xmltv_id="Mooz Ro">Mooz Ro</channel>
    <channel update="i" site="port.ro" site_id="10273" xmltv_id="Mooz Hits">Mooz Hits</channel>
    <channel update="i" site="port.ro" site_id="10275" xmltv_id="Mooz Dance">Mooz Dance</channel>
    <channel update="i" site="port.ro" site_id="10299" xmltv_id="H!T Music Channel">H!T Music Channel</channel>
    <channel update="i" site="port.ro" site_id="10300" xmltv_id="Inedit TV">Inedit TV</channel>
    <channel update="i" site="port.ro" site_id="10307" xmltv_id="Hora TV">Hora TV</channel>
    <channel update="i" site="port.ro" site_id="10028" xmltv_id="Eurosport">Eurosport</channel>
    <channel update="i" site="port.ro" site_id="10065" xmltv_id="Eurosport 2">Eurosport 2</channel>
    <channel update="i" site="port.ro" site_id="10032" xmltv_id="Sport.ro">Sport.ro</channel>
    <channel update="i" site="port.ro" site_id="10077" xmltv_id="Sport 1">Sport 1</channel>
    <channel update="i" site="port.ro" site_id="10212" xmltv_id="Dolce Sport 1">Dolce Sport 1</channel>
    <channel update="i" site="port.ro" site_id="10225" xmltv_id="Dolce Sport 2">Dolce Sport 2</channel>
    <channel update="i" site="port.ro" site_id="10082" xmltv_id="Extreme Sports Channel">Extreme Sports Channel</channel>
    <channel update="i" site="port.ro" site_id="10102" xmltv_id="Nautical Channel">Nautical Channel</channel>
    <channel update="i" site="port.ro" site_id="10120" xmltv_id="Chasse &amp; Peche">Chasse &amp; Peche</channel>
    <channel update="i" site="port.ro" site_id="10111" xmltv_id="Motors TV">Motors TV</channel>
    <channel update="i" site="port.ro" site_id="10155" xmltv_id="GSP TV">GSP TV</channel>
    <channel update="i" site="port.ro" site_id="10191" xmltv_id="Fishing &amp; Hunting TV">Fishing &amp; Hunting TV</channel>
    <channel update="i" site="port.ro" site_id="10198" xmltv_id="Digi Sport 1">Digi Sport 1</channel>
    <channel update="i" site="port.ro" site_id="10199" xmltv_id="Digi Sport 2">Digi Sport 2</channel>
    <channel update="i" site="port.ro" site_id="10240" xmltv_id="Digi Sport 3">Digi Sport 3</channel>
    <channel update="i" site="port.ro" site_id="10204" xmltv_id="PV TV">PV TV</channel>
    <channel update="i" site="port.ro" site_id="10327" xmltv_id="Dolce Sport 3">Dolce Sport 3</channel>
    <channel update="i" site="port.ro" site_id="10328" xmltv_id="Dolce Sport 4">Dolce Sport 4</channel>
    <channel update="i" site="port.ro" site_id="10251" xmltv_id="Digi 24 HD">Digi 24 HD</channel>
    <channel update="i" site="port.ro" site_id="10190" xmltv_id="TVR HD">TVR HD</channel>
    <channel update="i" site="port.ro" site_id="10183" xmltv_id="Discovery HD Showcase">Discovery HD Showcase</channel>
    <channel update="i" site="port.ro" site_id="10197" xmltv_id="Fashion TV HD">Fashion TV HD</channel>
    <channel update="i" site="port.ro" site_id="10182" xmltv_id="History HD">History HD</channel>
    <channel update="i" site="port.ro" site_id="10210" xmltv_id="U TV HD">U TV HD</channel>
    <channel update="i" site="port.ro" site_id="10196" xmltv_id="National Geographic HD">National Geographic HD</channel>
    <channel update="i" site="port.ro" site_id="10209" xmltv_id="Nat Geo Wild HD">Nat Geo Wild HD</channel>
    <channel update="i" site="port.ro" site_id="10239" xmltv_id="FilmBox HD">FilmBox HD</channel>
    <channel update="i" site="port.ro" site_id="10266" xmltv_id="Animal Planet HD">Animal Planet HD</channel>
    <channel update="i" site="port.ro" site_id="10272" xmltv_id="Mooz HD">Mooz HD</channel>
    <channel update="i" site="port.ro" site_id="10276" xmltv_id="Mooz Dance HD">Mooz Dance HD</channel>
    <channel update="i" site="port.ro" site_id="10277" xmltv_id="Digi Sport 1 HD">Digi Sport 1 HD</channel>
    <channel update="i" site="port.ro" site_id="10279" xmltv_id="HBO HD">HBO HD</channel>
    <channel update="i" site="port.ro" site_id="10278" xmltv_id="Acasă TV HD">Acasă TV HD</channel>
    <channel update="i" site="port.ro" site_id="10280" xmltv_id="PRO TV HD">PRO TV HD</channel>
    <channel update="i" site="port.ro" site_id="10281" xmltv_id="Dolce Sport HD">Dolce Sport HD</channel>
    <channel update="i" site="port.ro" site_id="10284" xmltv_id="SuperOne HD">SuperOne HD</channel>
    <channel update="i" site="port.ro" site_id="10283" xmltv_id="Digi World HD">Digi World HD</channel>
    <channel update="i" site="port.ro" site_id="10285" xmltv_id="Sport.ro HD">Sport.ro HD</channel>
    <channel update="i" site="port.ro" site_id="10286" xmltv_id="Digi Film HD">Digi Film HD</channel>
    <channel update="i" site="port.ro" site_id="10287" xmltv_id="Eurosport HD">Eurosport HD</channel>
    <channel update="i" site="port.ro" site_id="10288" xmltv_id="Eurosport 2 HD">Eurosport 2 HD</channel>
    <channel update="i" site="port.ro" site_id="10289" xmltv_id="Digi Sport 2 HD">Digi Sport 2 HD</channel>
    <channel update="i" site="port.ro" site_id="10290" xmltv_id="Digi Life HD">Digi Life HD</channel>
    <channel update="i" site="port.ro" site_id="10291" xmltv_id="MTV HD">MTV HD</channel>
    <channel update="i" site="port.ro" site_id="10292" xmltv_id="PV TV HD">PV TV HD</channel>
    <channel update="i" site="port.ro" site_id="10293" xmltv_id="Viasat Nature HD">Viasat Nature HD</channel>
    <channel update="i" site="port.ro" site_id="10295" xmltv_id="E!Entertainment HD">E!Entertainment HD</channel>
    <channel update="i" site="port.ro" site_id="10296" xmltv_id="Sundance HD">Sundance HD</channel>
    <channel update="i" site="port.ro" site_id="10302" xmltv_id="Digi Animal World HD">Digi Animal World HD</channel>
    <channel update="i" site="port.ro" site_id="10303" xmltv_id="Viasat History HD">Viasat History HD</channel>
    <channel update="i" site="port.ro" site_id="10311" xmltv_id="Travel Channel HD">Travel Channel HD</channel>
    <channel update="i" site="port.ro" site_id="10324" xmltv_id="Bollywood HD">Bollywood HD</channel>
    <channel update="i" site="port.ro" site_id="10039" xmltv_id="Viasat Explorer">Viasat Explorer</channel>
    <channel update="i" site="port.ro" site_id="10040" xmltv_id="Viasat History">Viasat History</channel>
    <channel update="i" site="port.ro" site_id="10020" xmltv_id="Discovery Channel">Discovery Channel</channel>
    <channel update="i" site="port.ro" site_id="10021" xmltv_id="Animal Planet">Animal Planet</channel>
    <channel update="i" site="port.ro" site_id="10024" xmltv_id="National Geographic">National Geographic</channel>
    <channel update="i" site="port.ro" site_id="10044" xmltv_id="Discovery Science">Discovery Science</channel>
    <channel update="i" site="port.ro" site_id="10050" xmltv_id="CBS Reality">CBS Reality</channel>
    <channel update="i" site="port.ro" site_id="10136" xmltv_id="Nat Geo Wild">Nat Geo Wild</channel>
    <channel update="i" site="port.ro" site_id="10147" xmltv_id="Discovery World">Discovery World</channel>
    <channel update="i" site="port.ro" site_id="10168" xmltv_id="History">History</channel>
    <channel update="i" site="port.ro" site_id="10176" xmltv_id="Da Vinci Learning">Da Vinci Learning</channel>
    <channel update="i" site="port.ro" site_id="10189" xmltv_id="Investigation Discovery">Investigation Discovery</channel>
    <channel update="i" site="port.ro" site_id="10207" xmltv_id="Viasat Nature">Viasat Nature</channel>
    <channel update="i" site="port.ro" site_id="10261" xmltv_id="Digi World">Digi World</channel>
    <channel update="i" site="port.ro" site_id="10269" xmltv_id="BBC Knowledge">BBC Knowledge</channel>
    <channel update="i" site="port.ro" site_id="10301" xmltv_id="Digi Animal World">Digi Animal World</channel>
    <channel update="i" site="port.ro" site_id="10041" xmltv_id="TV5MONDE">TV5MONDE</channel>
    <channel update="i" site="port.ro" site_id="10052" xmltv_id="BBC Entertainment">BBC Entertainment</channel>
    <channel update="i" site="port.ro" site_id="10064" xmltv_id="Rai Uno">Rai Uno</channel>
    <channel update="i" site="port.ro" site_id="10107" xmltv_id="TVE">TVE</channel>
    <channel update="i" site="port.ro" site_id="10108" xmltv_id="RTL">RTL</channel>
    <channel update="i" site="port.ro" site_id="10109" xmltv_id="PRO 7">PRO 7</channel>
    <channel update="i" site="port.ro" site_id="10112" xmltv_id="M6">M6</channel>
    <channel update="i" site="port.ro" site_id="10127" xmltv_id="CNBC">CNBC</channel>
    <channel update="i" site="port.ro" site_id="10131" xmltv_id="Deutsche Welle">Deutsche Welle</channel>
    <channel update="i" site="port.ro" site_id="10132" xmltv_id="Sat 1">Sat 1</channel>
    <channel update="i" site="port.ro" site_id="10128" xmltv_id="France 24">France 24</channel>
    <channel update="i" site="port.ro" site_id="10129" xmltv_id="France 24_EN">France 24_EN</channel>
    <channel update="i" site="port.ro" site_id="10135" xmltv_id="KBS World">KBS World</channel>
    <channel update="i" site="port.ro" site_id="10184" xmltv_id="France 5">France 5</channel>
    <channel update="i" site="port.ro" site_id="10186" xmltv_id="ARTE">ARTE</channel>
    <channel update="i" site="port.ro" site_id="10192" xmltv_id="Pink Plus">Pink Plus</channel>
    <channel update="i" site="port.ro" site_id="10193" xmltv_id="Pink Extra">Pink Extra</channel>
    <channel update="i" site="port.ro" site_id="10203" xmltv_id="Samanyolu TV">Samanyolu TV</channel>
    <channel update="i" site="port.ro" site_id="10178" xmltv_id="DoQ">DoQ</channel>
    <channel update="i" site="port.ro" site_id="10257" xmltv_id="Mediaset Italia">Mediaset Italia</channel>
    <channel update="i" site="port.ro" site_id="10297" xmltv_id="RTL 2">RTL 2</channel>
    <channel update="i" site="port.ro" site_id="10306" xmltv_id="Rai 3">Rai 3</channel>
    <channel update="i" site="port.ro" site_id="10315" xmltv_id="France 2">France 2</channel>
    <channel update="i" site="port.ro" site_id="10316" xmltv_id="Super RTL">Super RTL</channel>
    <channel update="i" site="port.ro" site_id="10317" xmltv_id="ZDF">ZDF</channel>
    <channel update="i" site="port.ro" site_id="10318" xmltv_id="Das Erste">Das Erste</channel>
    <channel update="i" site="port.ro" site_id="10319" xmltv_id="France 3">France 3</channel>
    <channel update="i" site="port.ro" site_id="10320" xmltv_id="DM SAT TV">DM SAT TV</channel>
    <channel update="i" site="port.ro" site_id="10321" xmltv_id="Crime &amp; Investigation">Crime &amp; Investigation</channel>
    <channel update="i" site="port.ro" site_id="10079" xmltv_id="Private Spice">Private Spice</channel>
    <channel update="i" site="port.ro" site_id="10087" xmltv_id="Free-X TV">Free-X TV</channel>
    <channel update="i" site="port.ro" site_id="10089" xmltv_id="XTSY">XTSY</channel>
    <channel update="i" site="port.ro" site_id="10088" xmltv_id="X-Dream TV">X-Dream TV</channel>
    <channel update="i" site="port.ro" site_id="10105" xmltv_id="Hustler TV">Hustler TV</channel>
    <channel update="i" site="port.ro" site_id="10098" xmltv_id="Blue HUSTLER">Blue HUSTLER</channel>
    <channel update="i" site="port.ro" site_id="10114" xmltv_id="Playboy TV">Playboy TV</channel>
    <channel update="i" site="port.ro" site_id="10118" xmltv_id="XXL">XXL</channel>
    <channel update="i" site="port.ro" site_id="10157" xmltv_id="Daring! TV">Daring! TV</channel>
    <channel update="i" site="port.ro" site_id="10267" xmltv_id="SuperOne">SuperOne</channel>
    <channel update="i" site="port.ro" site_id="10325" xmltv_id="Penthouse">Penthouse</channel>
    <channel update="i" site="port.ro" site_id="10260" xmltv_id="Penthouse 3D">Penthouse 3D</channel>
    <channel update="i" site="port.ro" site_id="10322" xmltv_id="Dorcel TV">Dorcel TV</channel>
  </channels>
</site>