﻿<?xml version="1.0" encoding="UTF-8"?>
<site generator-info-name="WebGrab+Plus/w MDB &amp; REX Postprocess -- version 1.1.1/53.16 -- Jan van Straaten" site="port.hu">
  <channels>
    <channel update="i" site="port.hu" site_id="1" xmltv_id="m1">m1</channel>
    <channel update="i" site="port.hu" site_id="2" xmltv_id="m2">m2</channel>
    <channel update="i" site="port.hu" site_id="5" xmltv_id="RTL Klub">RTL Klub</channel>
    <channel update="i" site="port.hu" site_id="3" xmltv_id="TV2">TV2</channel>
    <channel update="i" site="port.hu" site_id="21" xmltv_id="VIASAT3">VIASAT3</channel>
    <channel update="i" site="port.hu" site_id="6" xmltv_id="DUNA Televízió">DUNA Televízió</channel>
    <channel update="i" site="port.hu" site_id="103" xmltv_id="Duna World">Duna World</channel>
    <channel update="i" site="port.hu" site_id="15" xmltv_id="ATV">ATV</channel>
    <channel update="i" site="port.hu" site_id="10" xmltv_id="hírTV">hírTV</channel>
    <channel update="i" site="port.hu" site_id="48" xmltv_id="Echo TV">Echo TV</channel>
    <channel update="i" site="port.hu" site_id="79" xmltv_id="Cool">Cool</channel>
    <channel update="i" site="port.hu" site_id="194" xmltv_id="Comedy Central">Comedy Central</channel>
    <channel update="i" site="port.hu" site_id="38" xmltv_id="STORY4">STORY4</channel>
    <channel update="i" site="port.hu" site_id="228" xmltv_id="STORY5">STORY5</channel>
    <channel update="i" site="port.hu" site_id="164" xmltv_id="VIASAT6">VIASAT6</channel>
    <channel update="i" site="port.hu" site_id="215" xmltv_id="FEM3">FEM3</channel>
    <channel update="i" site="port.hu" site_id="229" xmltv_id="PRO4">PRO4</channel>
    <channel update="i" site="port.hu" site_id="144" xmltv_id="MTV">MTV</channel>
    <channel update="i" site="port.hu" site_id="96" xmltv_id="FIX (HD)">FIX (HD)</channel>
    <channel update="i" site="port.hu" site_id="212" xmltv_id="LifeNetwork">LifeNetwork</channel>
    <channel update="i" site="port.hu" site_id="213" xmltv_id="OzoneNetwork">OzoneNetwork</channel>
    <channel update="i" site="port.hu" site_id="115" xmltv_id="PAX Tv">PAX Tv</channel>
    <channel update="i" site="port.hu" site_id="114" xmltv_id="Főnix TV">Főnix TV</channel>
    <channel update="i" site="port.hu" site_id="134" xmltv_id="D1 TV">D1 TV</channel>
    <channel update="i" site="port.hu" site_id="13" xmltv_id="Budapest Európa Televízió">Budapest Európa Televízió</channel>
    <channel update="i" site="port.hu" site_id="237" xmltv_id="P+">P+</channel>
    <channel update="i" site="port.hu" site_id="241" xmltv_id="RTL II">RTL II</channel>
    <channel update="i" site="port.hu" site_id="244" xmltv_id="SuperTV2">SuperTV2</channel>
    <channel update="i" site="port.hu" site_id="246" xmltv_id="Hatoscsatorna">Hatoscsatorna</channel>
    <channel update="i" site="port.hu" site_id="254" xmltv_id="m3">m3</channel>
    <channel update="i" site="port.hu" site_id="90" xmltv_id="Sport1">Sport1</channel>
    <channel update="i" site="port.hu" site_id="44" xmltv_id="Sport2">Sport2</channel>
    <channel update="i" site="port.hu" site_id="102" xmltv_id="SportKlub">SportKlub</channel>
    <channel update="i" site="port.hu" site_id="94" xmltv_id="Eurosport">Eurosport</channel>
    <channel update="i" site="port.hu" site_id="37" xmltv_id="Eurosport 2">Eurosport 2</channel>
    <channel update="i" site="port.hu" site_id="211" xmltv_id="Digi Sport 1">Digi Sport 1</channel>
    <channel update="i" site="port.hu" site_id="230" xmltv_id="Digi Sport 2">Digi Sport 2</channel>
    <channel update="i" site="port.hu" site_id="214" xmltv_id="SportM">SportM</channel>
    <channel update="i" site="port.hu" site_id="98" xmltv_id="Extreme Sports">Extreme Sports</channel>
    <channel update="i" site="port.hu" site_id="12" xmltv_id="Nautical Channel">Nautical Channel</channel>
    <channel update="i" site="port.hu" site_id="16" xmltv_id="Minimax">Minimax</channel>
    <channel update="i" site="port.hu" site_id="41" xmltv_id="Nickelodeon">Nickelodeon</channel>
    <channel update="i" site="port.hu" site_id="91" xmltv_id="Cartoon Network / TCM">Cartoon Network / TCM</channel>
    <channel update="i" site="port.hu" site_id="35" xmltv_id="Disney Channel">Disney Channel</channel>
    <channel update="i" site="port.hu" site_id="77" xmltv_id="Boomerang">Boomerang</channel>
    <channel update="i" site="port.hu" site_id="197" xmltv_id="JimJam">JimJam</channel>
    <channel update="i" site="port.hu" site_id="156" xmltv_id="Duck TV">Duck TV</channel>
    <channel update="i" site="port.hu" site_id="170" xmltv_id="Babyfirst (English)">Babyfirst (English)</channel>
    <channel update="i" site="port.hu" site_id="147" xmltv_id="Smile of a child (English)">Smile of a child (English)</channel>
    <channel update="i" site="port.hu" site_id="69" xmltv_id="Baby TV">Baby TV</channel>
    <channel update="i" site="port.hu" site_id="153" xmltv_id="Baby TV (English)">Baby TV (English)</channel>
    <channel update="i" site="port.hu" site_id="97" xmltv_id="Megamax">Megamax</channel>
    <channel update="i" site="port.hu" site_id="8" xmltv_id="HBO">HBO</channel>
    <channel update="i" site="port.hu" site_id="59" xmltv_id="HBO 2">HBO 2</channel>
    <channel update="i" site="port.hu" site_id="143" xmltv_id="HBO Comedy">HBO Comedy</channel>
    <channel update="i" site="port.hu" site_id="47" xmltv_id="Cinemax">Cinemax</channel>
    <channel update="i" site="port.hu" site_id="60" xmltv_id="Cinemax 2">Cinemax 2</channel>
    <channel update="i" site="port.hu" site_id="32" xmltv_id="film+">film+</channel>
    <channel update="i" site="port.hu" site_id="180" xmltv_id="film+2">film+2</channel>
    <channel update="i" site="port.hu" site_id="95" xmltv_id="Film Mánia">Film Mánia</channel>
    <channel update="i" site="port.hu" site_id="89" xmltv_id="Film Café">Film Café</channel>
    <channel update="i" site="port.hu" site_id="87" xmltv_id="Universal Channel">Universal Channel</channel>
    <channel update="i" site="port.hu" site_id="42" xmltv_id="AXN">AXN</channel>
    <channel update="i" site="port.hu" site_id="132" xmltv_id="AXN Black">AXN Black</channel>
    <channel update="i" site="port.hu" site_id="138" xmltv_id="AXN White">AXN White</channel>
    <channel update="i" site="port.hu" site_id="139" xmltv_id="MGM">MGM</channel>
    <channel update="i" site="port.hu" site_id="226" xmltv_id="Filmbox">Filmbox</channel>
    <channel update="i" site="port.hu" site_id="173" xmltv_id="Filmbox HD">Filmbox HD</channel>
    <channel update="i" site="port.hu" site_id="177" xmltv_id="Filmbox Extra">Filmbox Extra</channel>
    <channel update="i" site="port.hu" site_id="227" xmltv_id="Filmbox Family">Filmbox Family</channel>
    <channel update="i" site="port.hu" site_id="224" xmltv_id="Filmbox Plus">Filmbox Plus</channel>
    <channel update="i" site="port.hu" site_id="179" xmltv_id="Sorozat+">Sorozat+</channel>
    <channel update="i" site="port.hu" site_id="178" xmltv_id="RTL+">RTL+</channel>
    <channel update="i" site="port.hu" site_id="245" xmltv_id="Digi Film">Digi Film</channel>
    <channel update="i" site="port.hu" site_id="255" xmltv_id="Sundance Channel">Sundance Channel</channel>
    <channel update="i" site="port.hu" site_id="256" xmltv_id="FOX">FOX</channel>
    <channel update="i" site="port.hu" site_id="257" xmltv_id="Paramount Channel">Paramount Channel</channel>
    <channel update="i" site="port.hu" site_id="83" xmltv_id="Discovery Channel">Discovery Channel</channel>
    <channel update="i" site="port.hu" site_id="14" xmltv_id="National Geographic">National Geographic</channel>
    <channel update="i" site="port.hu" site_id="9" xmltv_id="Spektrum">Spektrum</channel>
    <channel update="i" site="port.hu" site_id="82" xmltv_id="Animal Planet">Animal Planet</channel>
    <channel update="i" site="port.hu" site_id="46" xmltv_id="TV Paprika">TV Paprika</channel>
    <channel update="i" site="port.hu" site_id="20" xmltv_id="Spektrum Home">Spektrum Home</channel>
    <channel update="i" site="port.hu" site_id="66" xmltv_id="Viasat History">Viasat History</channel>
    <channel update="i" site="port.hu" site_id="65" xmltv_id="Viasat Explore">Viasat Explore</channel>
    <channel update="i" site="port.hu" site_id="223" xmltv_id="Viasat Nature">Viasat Nature</channel>
    <channel update="i" site="port.hu" site_id="243" xmltv_id="Viasat Nature/History HD">Viasat Nature/History HD</channel>
    <channel update="i" site="port.hu" site_id="84" xmltv_id="Travel Channel">Travel Channel</channel>
    <channel update="i" site="port.hu" site_id="92" xmltv_id="CBS Reality">CBS Reality</channel>
    <channel update="i" site="port.hu" site_id="250" xmltv_id="CBS Reality (műhold)">CBS Reality (műhold)</channel>
    <channel update="i" site="port.hu" site_id="85" xmltv_id="Discovery Science">Discovery Science</channel>
    <channel update="i" site="port.hu" site_id="174" xmltv_id="Discovery World">Discovery World</channel>
    <channel update="i" site="port.hu" site_id="233" xmltv_id="TLC">TLC</channel>
    <channel update="i" site="port.hu" site_id="209" xmltv_id="ID Investigation Discovery">ID Investigation Discovery</channel>
    <channel update="i" site="port.hu" site_id="232" xmltv_id="Discovery HD Showcase">Discovery HD Showcase</channel>
    <channel update="i" site="port.hu" site_id="231" xmltv_id="Animal Planet HD">Animal Planet HD</channel>
    <channel update="i" site="port.hu" site_id="141" xmltv_id="Nat Geo Wild">Nat Geo Wild</channel>
    <channel update="i" site="port.hu" site_id="159" xmltv_id="Nat Geo HD">Nat Geo HD</channel>
    <channel update="i" site="port.hu" site_id="31" xmltv_id="BBC Entertainment">BBC Entertainment</channel>
    <channel update="i" site="port.hu" site_id="185" xmltv_id="DOQ">DOQ</channel>
    <channel update="i" site="port.hu" site_id="182" xmltv_id="HISTORY">HISTORY</channel>
    <channel update="i" site="port.hu" site_id="181" xmltv_id="HISTORY HD">HISTORY HD</channel>
    <channel update="i" site="port.hu" site_id="176" xmltv_id="Fishing &amp; Hunting">Fishing &amp; Hunting</channel>
    <channel update="i" site="port.hu" site_id="57" xmltv_id="Chasse et Peche">Chasse et Peche</channel>
    <channel update="i" site="port.hu" site_id="202" xmltv_id="Da Vinci Learning">Da Vinci Learning</channel>
    <channel update="i" site="port.hu" site_id="56" xmltv_id="AB Moteurs">AB Moteurs</channel>
    <channel update="i" site="port.hu" site_id="58" xmltv_id="Motors">Motors</channel>
    <channel update="i" site="port.hu" site_id="201" xmltv_id="Luxe TV">Luxe TV</channel>
    <channel update="i" site="port.hu" site_id="247" xmltv_id="Digi Life">Digi Life</channel>
    <channel update="i" site="port.hu" site_id="248" xmltv_id="Digi World">Digi World</channel>
    <channel update="i" site="port.hu" site_id="249" xmltv_id="Digi Animal World">Digi Animal World</channel>
    <channel update="i" site="port.hu" site_id="251" xmltv_id="BBC Knowledge">BBC Knowledge</channel>
    <channel update="i" site="port.hu" site_id="252" xmltv_id="PVTV">PVTV</channel>
    <channel update="i" site="port.hu" site_id="191" xmltv_id="Debrecen TV">Debrecen TV</channel>
    <channel update="i" site="port.hu" site_id="189" xmltv_id="Miskolc TV">Miskolc TV</channel>
    <channel update="i" site="port.hu" site_id="190" xmltv_id="Szeged VTV">Szeged VTV</channel>
    <channel update="i" site="port.hu" site_id="192" xmltv_id="Győr+ Televízió">Győr+ Televízió</channel>
    <channel update="i" site="port.hu" site_id="188" xmltv_id="Gotthárd TV">Gotthárd TV</channel>
    <channel update="i" site="port.hu" site_id="196" xmltv_id="Kecskeméti Televízió">Kecskeméti Televízió</channel>
    <channel update="i" site="port.hu" site_id="205" xmltv_id="Alföld TV (Debrecen)">Alföld TV (Debrecen)</channel>
    <channel update="i" site="port.hu" site_id="206" xmltv_id="Zalaegerszegi Televízió">Zalaegerszegi Televízió</channel>
    <channel update="i" site="port.hu" site_id="210" xmltv_id="Nyíregyházi Televízió">Nyíregyházi Televízió</channel>
    <channel update="i" site="port.hu" site_id="219" xmltv_id="O2 TV (Győr)">O2 TV (Győr)</channel>
    <channel update="i" site="port.hu" site_id="238" xmltv_id="Újbuda TV">Újbuda TV</channel>
    <channel update="i" site="port.hu" site_id="222" xmltv_id="Erdély TV">Erdély TV</channel>
    <channel update="i" site="port.hu" site_id="80" xmltv_id="Mezzo">Mezzo</channel>
    <channel update="i" site="port.hu" site_id="11" xmltv_id="VIVA">VIVA</channel>
    <channel update="i" site="port.hu" site_id="172" xmltv_id="MTV Dance">MTV Dance</channel>
    <channel update="i" site="port.hu" site_id="117" xmltv_id="MTV Hits">MTV Hits</channel>
    <channel update="i" site="port.hu" site_id="49" xmltv_id="MTV Rocks">MTV Rocks</channel>
    <channel update="i" site="port.hu" site_id="99" xmltv_id="VH1">VH1</channel>
    <channel update="i" site="port.hu" site_id="22" xmltv_id="VH1 Classic">VH1 Classic</channel>
    <channel update="i" site="port.hu" site_id="64" xmltv_id="MCM Top">MCM Top</channel>
    <channel update="i" site="port.hu" site_id="207" xmltv_id="MCM Pop">MCM Pop</channel>
    <channel update="i" site="port.hu" site_id="34" xmltv_id="Trace TV">Trace TV</channel>
    <channel update="i" site="port.hu" site_id="17" xmltv_id="Soundtrack Channel">Soundtrack Channel</channel>
    <channel update="i" site="port.hu" site_id="216" xmltv_id="Nóta TV">Nóta TV</channel>
    <channel update="i" site="port.hu" site_id="217" xmltv_id="Muzsika TV">Muzsika TV</channel>
    <channel update="i" site="port.hu" site_id="235" xmltv_id="Music Channel">Music Channel</channel>
    <channel update="i" site="port.hu" site_id="240" xmltv_id="Musicmix">Musicmix</channel>
    <channel update="i" site="port.hu" site_id="50001" xmltv_id="Jednotka">Jednotka</channel>
    <channel update="i" site="port.hu" site_id="50002" xmltv_id="Dvojka">Dvojka</channel>
    <channel update="i" site="port.hu" site_id="50003" xmltv_id="Markíza">Markíza</channel>
    <channel update="i" site="port.hu" site_id="50004" xmltv_id="JOJ">JOJ</channel>
    <channel update="i" site="port.hu" site_id="20004" xmltv_id="ČT1">ČT1</channel>
    <channel update="i" site="port.hu" site_id="20005" xmltv_id="ČT2">ČT2</channel>
    <channel update="i" site="port.hu" site_id="20002" xmltv_id="Nova TV">Nova TV</channel>
    <channel update="i" site="port.hu" site_id="20003" xmltv_id="Prima TV">Prima TV</channel>
    <channel update="i" site="port.hu" site_id="20052" xmltv_id="ČT24">ČT24</channel>
    <channel update="i" site="port.hu" site_id="40002" xmltv_id="HRT 1">HRT 1</channel>
    <channel update="i" site="port.hu" site_id="40003" xmltv_id="HRT 2">HRT 2</channel>
    <channel update="i" site="port.hu" site_id="40001" xmltv_id="RTL">RTL</channel>
    <channel update="i" site="port.hu" site_id="40004" xmltv_id="NOVA TV">NOVA TV</channel>
    <channel update="i" site="port.hu" site_id="60001" xmltv_id="RTS1">RTS1</channel>
    <channel update="i" site="port.hu" site_id="60002" xmltv_id="RTS2">RTS2</channel>
    <channel update="i" site="port.hu" site_id="60004" xmltv_id="Pink">Pink</channel>
    <channel update="i" site="port.hu" site_id="60005" xmltv_id="B92">B92</channel>
    <channel update="i" site="port.hu" site_id="10007" xmltv_id="PRO TV">PRO TV</channel>
    <channel update="i" site="port.hu" site_id="10017" xmltv_id="Antena1">Antena1</channel>
    <channel update="i" site="port.hu" site_id="10001" xmltv_id="TVR 1">TVR 1</channel>
    <channel update="i" site="port.hu" site_id="10019" xmltv_id="Realitatea TV">Realitatea TV</channel>
    <channel update="i" site="port.hu" site_id="10004" xmltv_id="Acasa">Acasa</channel>
    <channel update="i" site="port.hu" site_id="10036" xmltv_id="ProCinema">ProCinema</channel>
    <channel update="i" site="port.hu" site_id="10005" xmltv_id="Prima TV">Prima TV</channel>
    <channel update="i" site="port.hu" site_id="120" xmltv_id="Pro7">Pro7</channel>
    <channel update="i" site="port.hu" site_id="118" xmltv_id="RTL">RTL</channel>
    <channel update="i" site="port.hu" site_id="119" xmltv_id="SAT.1">SAT.1</channel>
    <channel update="i" site="port.hu" site_id="29" xmltv_id="VOX">VOX</channel>
    <channel update="i" site="port.hu" site_id="28" xmltv_id="RTL 2">RTL 2</channel>
    <channel update="i" site="port.hu" site_id="25" xmltv_id="3sat">3sat</channel>
    <channel update="i" site="port.hu" site_id="26" xmltv_id="ORF1">ORF1</channel>
    <channel update="i" site="port.hu" site_id="27" xmltv_id="ORF2">ORF2</channel>
    <channel update="i" site="port.hu" site_id="127" xmltv_id="Deutsche Welle">Deutsche Welle</channel>
    <channel update="i" site="port.hu" site_id="75" xmltv_id="ARTE">ARTE</channel>
    <channel update="i" site="port.hu" site_id="23" xmltv_id="TV5MONDE">TV5MONDE</channel>
    <channel update="i" site="port.hu" site_id="63" xmltv_id="Fashion TV">Fashion TV</channel>
    <channel update="i" site="port.hu" site_id="165" xmltv_id="World Fashion Channel">World Fashion Channel</channel>
    <channel update="i" site="port.hu" site_id="72" xmltv_id="Al Jazeera">Al Jazeera</channel>
    <channel update="i" site="port.hu" site_id="150" xmltv_id="Al Jazeera (English)">Al Jazeera (English)</channel>
    <channel update="i" site="port.hu" site_id="68" xmltv_id="CNBC">CNBC</channel>
    <channel update="i" site="port.hu" site_id="71" xmltv_id="Euronews">Euronews</channel>
    <channel update="i" site="port.hu" site_id="152" xmltv_id="Euronews (English)">Euronews (English)</channel>
    <channel update="i" site="port.hu" site_id="126" xmltv_id="BBC World">BBC World</channel>
    <channel update="i" site="port.hu" site_id="158" xmltv_id="Sky News (English)">Sky News (English)</channel>
    <channel update="i" site="port.hu" site_id="4" xmltv_id="CNN (English)">CNN (English)</channel>
    <channel update="i" site="port.hu" site_id="167" xmltv_id="New Tang Dynasty">New Tang Dynasty</channel>
    <channel update="i" site="port.hu" site_id="146" xmltv_id="New Tang Dynasty (English)">New Tang Dynasty (English)</channel>
    <channel update="i" site="port.hu" site_id="76" xmltv_id="RAI UNO">RAI UNO</channel>
    <channel update="i" site="port.hu" site_id="124" xmltv_id="TVE">TVE</channel>
    <channel update="i" site="port.hu" site_id="78" xmltv_id="RTP I.">RTP I.</channel>
    <channel update="i" site="port.hu" site_id="74" xmltv_id="Pro TV International">Pro TV International</channel>
    <channel update="i" site="port.hu" site_id="73" xmltv_id="RTR Planeta">RTR Planeta</channel>
    <channel update="i" site="port.hu" site_id="168" xmltv_id="Channel One Russia">Channel One Russia</channel>
    <channel update="i" site="port.hu" site_id="149" xmltv_id="Channel One Russia (Russian)">Channel One Russia (Russian)</channel>
    <channel update="i" site="port.hu" site_id="204" xmltv_id="France2">France2</channel>
    <channel update="i" site="port.hu" site_id="218" xmltv_id="Bloomberg (English)">Bloomberg (English)</channel>
    <channel update="i" site="port.hu" site_id="53" xmltv_id="Hustler TV">Hustler TV</channel>
    <channel update="i" site="port.hu" site_id="128" xmltv_id="Blue Hustler">Blue Hustler</channel>
    <channel update="i" site="port.hu" site_id="54" xmltv_id="Daring!TV">Daring!TV</channel>
    <channel update="i" site="port.hu" site_id="55" xmltv_id="XXL">XXL</channel>
    <channel update="i" site="port.hu" site_id="19" xmltv_id="Brazzers TV Europe">Brazzers TV Europe</channel>
    <channel update="i" site="port.hu" site_id="200" xmltv_id="Playboy TV">Playboy TV</channel>
    <channel update="i" site="port.hu" site_id="234" xmltv_id="Dorcel TV">Dorcel TV</channel>
    <channel update="i" site="port.hu" site_id="242" xmltv_id="Dorcel XXX">Dorcel XXX</channel>
  </channels>
</site>