﻿<?xml version="1.0" encoding="UTF-8"?>
<site generator-info-name="WebGrab+Plus/w MDB &amp; REX Postprocess -- version 1.1.1/53.17 -- Jan van Straaten" site="radiotimes.com.xmltv">
  <channels>
    <channel update="i" site="radiotimes.com.xmltv" site_id="1882" xmltv_id="Really">Really</channel>
    <channel update="i" site="radiotimes.com.xmltv" site_id="2624" xmltv_id="S4C Clirlun">S4C Clirlun</channel>
    <channel update="i" site="radiotimes.com.xmltv" site_id="300" xmltv_id="Sky Sports News">Sky Sports News</channel>
    <channel update="i" site="radiotimes.com.xmltv" site_id="1201" xmltv_id="Comedy Central Extra">Comedy Central Extra</channel>
    <channel update="i" site="radiotimes.com.xmltv" site_id="2619" xmltv_id="Discovery +1.5">Discovery +1.5</channel>
    <channel update="i" site="radiotimes.com.xmltv" site_id="1602" xmltv_id="Blighty">Blighty</channel>
    <channel update="i" site="radiotimes.com.xmltv" site_id="1601" xmltv_id="Eden">Eden</channel>
    <channel update="i" site="radiotimes.com.xmltv" site_id="101" xmltv_id="BBC1 Scotland">BBC1 Scotland</channel>
    <channel update="i" site="radiotimes.com.xmltv" site_id="100" xmltv_id="BBC1 Wales">BBC1 Wales</channel>
    <channel update="i" site="radiotimes.com.xmltv" site_id="2200" xmltv_id="Sky Sports 4">Sky Sports 4</channel>
    <channel update="i" site="radiotimes.com.xmltv" site_id="103" xmltv_id="BBC1 South West">BBC1 South West</channel>
    <channel update="i" site="radiotimes.com.xmltv" site_id="102" xmltv_id="BBC1 South">BBC1 South</channel>
    <channel update="i" site="radiotimes.com.xmltv" site_id="2203" xmltv_id="STV North">STV North</channel>
    <channel update="i" site="radiotimes.com.xmltv" site_id="2204" xmltv_id="Sky Movies Action &amp; Adventure">Sky Movies Action &amp; Adventure</channel>
    <channel update="i" site="radiotimes.com.xmltv" site_id="2205" xmltv_id="Sky Movies Action &amp; Adventure HD">Sky Movies Action &amp; Adventure HD</channel>
    <channel update="i" site="radiotimes.com.xmltv" site_id="202" xmltv_id="MTV">MTV</channel>
    <channel update="i" site="radiotimes.com.xmltv" site_id="2206" xmltv_id="Sky Movies Crime &amp; Thriller">Sky Movies Crime &amp; Thriller</channel>
    <channel update="i" site="radiotimes.com.xmltv" site_id="2207" xmltv_id="Sky Movies Crime &amp; Thriller HD">Sky Movies Crime &amp; Thriller HD</channel>
    <channel update="i" site="radiotimes.com.xmltv" site_id="50" xmltv_id="BBC Entertainment">BBC Entertainment</channel>
    <channel update="i" site="radiotimes.com.xmltv" site_id="2208" xmltv_id="Sky Movies Drama &amp; Romance">Sky Movies Drama &amp; Romance</channel>
    <channel update="i" site="radiotimes.com.xmltv" site_id="2209" xmltv_id="Sky Movies Drama &amp; Romance HD">Sky Movies Drama &amp; Romance HD</channel>
    <channel update="i" site="radiotimes.com.xmltv" site_id="610" xmltv_id="MTV Dance">MTV Dance</channel>
    <channel update="i" site="radiotimes.com.xmltv" site_id="801" xmltv_id="Yesterday">Yesterday</channel>
    <channel update="i" site="radiotimes.com.xmltv" site_id="1870" xmltv_id="RTE2">RTE2</channel>
    <channel update="i" site="radiotimes.com.xmltv" site_id="1872" xmltv_id="Challenge +1">Challenge +1</channel>
    <channel update="i" site="radiotimes.com.xmltv" site_id="2639" xmltv_id="Q Radio">Q Radio</channel>
    <channel update="i" site="radiotimes.com.xmltv" site_id="2638" xmltv_id="FAB TV">FAB TV</channel>
    <channel update="i" site="radiotimes.com.xmltv" site_id="1876" xmltv_id="British Eurosport 2">British Eurosport 2</channel>
    <channel update="i" site="radiotimes.com.xmltv" site_id="49" xmltv_id="BBC Parliament">BBC Parliament</channel>
    <channel update="i" site="radiotimes.com.xmltv" site_id="2212" xmltv_id="Syfy">Syfy</channel>
    <channel update="i" site="radiotimes.com.xmltv" site_id="2213" xmltv_id="Syfy +1">Syfy +1</channel>
    <channel update="i" site="radiotimes.com.xmltv" site_id="2210" xmltv_id="Sky Movies Christmas">Sky Movies Christmas</channel>
    <channel update="i" site="radiotimes.com.xmltv" site_id="47" xmltv_id="BBC4">BBC4</channel>
    <channel update="i" site="radiotimes.com.xmltv" site_id="2211" xmltv_id="Sky Movies Christmas HD">Sky Movies Christmas HD</channel>
    <channel update="i" site="radiotimes.com.xmltv" site_id="48" xmltv_id="BBC News Channel">BBC News Channel</channel>
    <channel update="i" site="radiotimes.com.xmltv" site_id="609" xmltv_id="Kiss">Kiss</channel>
    <channel update="i" site="radiotimes.com.xmltv" site_id="45" xmltv_id="BBC3">BBC3</channel>
    <channel update="i" site="radiotimes.com.xmltv" site_id="2217" xmltv_id="Sky News HD">Sky News HD</channel>
    <channel update="i" site="radiotimes.com.xmltv" site_id="2214" xmltv_id="Syfy HD">Syfy HD</channel>
    <channel update="i" site="radiotimes.com.xmltv" site_id="43" xmltv_id="B4U Movies">B4U Movies</channel>
    <channel update="i" site="radiotimes.com.xmltv" site_id="2219" xmltv_id="STV HD">STV HD</channel>
    <channel update="i" site="radiotimes.com.xmltv" site_id="40" xmltv_id="Sky Arts 1">Sky Arts 1</channel>
    <channel update="i" site="radiotimes.com.xmltv" site_id="214" xmltv_id="National Geographic Channel +1">National Geographic Channel +1</channel>
    <channel update="i" site="radiotimes.com.xmltv" site_id="215" xmltv_id="Nick Jr.">Nick Jr.</channel>
    <channel update="i" site="radiotimes.com.xmltv" site_id="216" xmltv_id="Nickelodeon +1">Nickelodeon +1</channel>
    <channel update="i" site="radiotimes.com.xmltv" site_id="217" xmltv_id="Nickelodeon">Nickelodeon</channel>
    <channel update="i" site="radiotimes.com.xmltv" site_id="2098" xmltv_id="BBC Alba">BBC Alba</channel>
    <channel update="i" site="radiotimes.com.xmltv" site_id="421" xmltv_id="Disney Junior">Disney Junior</channel>
    <channel update="i" site="radiotimes.com.xmltv" site_id="1764" xmltv_id="Discovery Real Time +1">Discovery Real Time +1</channel>
    <channel update="i" site="radiotimes.com.xmltv" site_id="2604" xmltv_id="Body in Balance">Body in Balance</channel>
    <channel update="i" site="radiotimes.com.xmltv" site_id="1761" xmltv_id="Animal Planet +1">Animal Planet +1</channel>
    <channel update="i" site="radiotimes.com.xmltv" site_id="2603" xmltv_id="TrueEnt">TrueEnt</channel>
    <channel update="i" site="radiotimes.com.xmltv" site_id="1221" xmltv_id="Bravo +1">Bravo +1</channel>
    <channel update="i" site="radiotimes.com.xmltv" site_id="2606" xmltv_id="Sky 3D">Sky 3D</channel>
    <channel update="i" site="radiotimes.com.xmltv" site_id="2605" xmltv_id="The Active Channel">The Active Channel</channel>
    <channel update="i" site="radiotimes.com.xmltv" site_id="2600" xmltv_id="Discovery Science +1">Discovery Science +1</channel>
    <channel update="i" site="radiotimes.com.xmltv" site_id="2602" xmltv_id="Nicktoons Replay">Nicktoons Replay</channel>
    <channel update="i" site="radiotimes.com.xmltv" site_id="205" xmltv_id="MTV Rocks">MTV Rocks</channel>
    <channel update="i" site="radiotimes.com.xmltv" site_id="206" xmltv_id="MUTV">MUTV</channel>
    <channel update="i" site="radiotimes.com.xmltv" site_id="203" xmltv_id="MTV Base">MTV Base</channel>
    <channel update="i" site="radiotimes.com.xmltv" site_id="204" xmltv_id="MTV Hits">MTV Hits</channel>
    <channel update="i" site="radiotimes.com.xmltv" site_id="922" xmltv_id="Sky2">Sky2</channel>
    <channel update="i" site="radiotimes.com.xmltv" site_id="2617" xmltv_id="Film4 HD">Film4 HD</channel>
    <channel update="i" site="radiotimes.com.xmltv" site_id="2615" xmltv_id="Channel 5 HD">Channel 5 HD</channel>
    <channel update="i" site="radiotimes.com.xmltv" site_id="2613" xmltv_id="BBC Sport Interactive: BBC3">BBC Sport Interactive: BBC3</channel>
    <channel update="i" site="radiotimes.com.xmltv" site_id="2612" xmltv_id="BBC Sport Interactive: BBC1">BBC Sport Interactive: BBC1</channel>
    <channel update="i" site="radiotimes.com.xmltv" site_id="2610" xmltv_id="BBC Sport Interactive: BBC2">BBC Sport Interactive: BBC2</channel>
    <channel update="i" site="radiotimes.com.xmltv" site_id="721" xmltv_id="S4C">S4C</channel>
    <channel update="i" site="radiotimes.com.xmltv" site_id="2607" xmltv_id="Sky Sports 4 HD">Sky Sports 4 HD</channel>
    <channel update="i" site="radiotimes.com.xmltv" site_id="213" xmltv_id="National Geographic Channel">National Geographic Channel</channel>
    <channel update="i" site="radiotimes.com.xmltv" site_id="2487" xmltv_id="M95 TV Marbella">M95 TV Marbella</channel>
    <channel update="i" site="radiotimes.com.xmltv" site_id="2331" xmltv_id="GMTV Digital">GMTV Digital</channel>
    <channel update="i" site="radiotimes.com.xmltv" site_id="1144" xmltv_id="Bliss">Bliss</channel>
    <channel update="i" site="radiotimes.com.xmltv" site_id="1143" xmltv_id="Scuzz">Scuzz</channel>
    <channel update="i" site="radiotimes.com.xmltv" site_id="92" xmltv_id="BBC1">BBC1</channel>
    <channel update="i" site="radiotimes.com.xmltv" site_id="1741" xmltv_id="Chelsea TV">Chelsea TV</channel>
    <channel update="i" site="radiotimes.com.xmltv" site_id="93" xmltv_id="BBC1 East">BBC1 East</channel>
    <channel update="i" site="radiotimes.com.xmltv" site_id="99" xmltv_id="BBC1 Northern Ireland">BBC1 Northern Ireland</channel>
    <channel update="i" site="radiotimes.com.xmltv" site_id="98" xmltv_id="BBC1 North West">BBC1 North West</channel>
    <channel update="i" site="radiotimes.com.xmltv" site_id="1543" xmltv_id="ESPN America">ESPN America</channel>
    <channel update="i" site="radiotimes.com.xmltv" site_id="1544" xmltv_id="4Music">4Music</channel>
    <channel update="i" site="radiotimes.com.xmltv" site_id="95" xmltv_id="BBC1 Midlands">BBC1 Midlands</channel>
    <channel update="i" site="radiotimes.com.xmltv" site_id="94" xmltv_id="BBC1 London">BBC1 London</channel>
    <channel update="i" site="radiotimes.com.xmltv" site_id="97" xmltv_id="BBC1 North East">BBC1 North East</channel>
    <channel update="i" site="radiotimes.com.xmltv" site_id="96" xmltv_id="BBC1 North">BBC1 North</channel>
    <channel update="i" site="radiotimes.com.xmltv" site_id="1542" xmltv_id="Community Channel">Community Channel</channel>
    <channel update="i" site="radiotimes.com.xmltv" site_id="941" xmltv_id="TV3 (Spanish)">TV3 (Spanish)</channel>
    <channel update="i" site="radiotimes.com.xmltv" site_id="2118" xmltv_id="ITV1 London HD">ITV1 London HD</channel>
    <channel update="i" site="radiotimes.com.xmltv" site_id="2115" xmltv_id="Watch">Watch</channel>
    <channel update="i" site="radiotimes.com.xmltv" site_id="2116" xmltv_id="Watch +1">Watch +1</channel>
    <channel update="i" site="radiotimes.com.xmltv" site_id="841" xmltv_id="Sky Living +1">Sky Living +1</channel>
    <channel update="i" site="radiotimes.com.xmltv" site_id="1061" xmltv_id="Comedy Central">Comedy Central</channel>
    <channel update="i" site="radiotimes.com.xmltv" site_id="1865" xmltv_id="TVE Internacional">TVE Internacional</channel>
    <channel update="i" site="radiotimes.com.xmltv" site_id="590" xmltv_id="ABP News">ABP News</channel>
    <channel update="i" site="radiotimes.com.xmltv" site_id="1862" xmltv_id="BBC2 South East">BBC2 South East</channel>
    <channel update="i" site="radiotimes.com.xmltv" site_id="1869" xmltv_id="BBC1 South East">BBC1 South East</channel>
    <channel update="i" site="radiotimes.com.xmltv" site_id="1261" xmltv_id="Sky Movies Box Office">Sky Movies Box Office</channel>
    <channel update="i" site="radiotimes.com.xmltv" site_id="2700" xmltv_id="Sky Sports F1">Sky Sports F1</channel>
    <channel update="i" site="radiotimes.com.xmltv" site_id="2701" xmltv_id="4seven">4seven</channel>
    <channel update="i" site="radiotimes.com.xmltv" site_id="461" xmltv_id="ITV Border">ITV Border</channel>
    <channel update="i" site="radiotimes.com.xmltv" site_id="2702" xmltv_id="Sony Entertainment Television">Sony Entertainment Television</channel>
    <channel update="i" site="radiotimes.com.xmltv" site_id="592" xmltv_id="Smash Hits!">Smash Hits!</channel>
    <channel update="i" site="radiotimes.com.xmltv" site_id="2703" xmltv_id="Sony Entertainment Television +1">Sony Entertainment Television +1</channel>
    <channel update="i" site="radiotimes.com.xmltv" site_id="591" xmltv_id="Star Plus">Star Plus</channel>
    <channel update="i" site="radiotimes.com.xmltv" site_id="2704" xmltv_id="Movies 24">Movies 24</channel>
    <channel update="i" site="radiotimes.com.xmltv" site_id="594" xmltv_id="Shop at Bid">Shop at Bid</channel>
    <channel update="i" site="radiotimes.com.xmltv" site_id="2705" xmltv_id="Sony Movie Channel">Sony Movie Channel</channel>
    <channel update="i" site="radiotimes.com.xmltv" site_id="2502" xmltv_id="3e">3e</channel>
    <channel update="i" site="radiotimes.com.xmltv" site_id="2505" xmltv_id="FilmFlex">FilmFlex</channel>
    <channel update="i" site="radiotimes.com.xmltv" site_id="588" xmltv_id="Magic">Magic</channel>
    <channel update="i" site="radiotimes.com.xmltv" site_id="191" xmltv_id="Kerrang!">Kerrang!</channel>
    <channel update="i" site="radiotimes.com.xmltv" site_id="1521" xmltv_id="Yesterday +1">Yesterday +1</channel>
    <channel update="i" site="radiotimes.com.xmltv" site_id="1661" xmltv_id="Boomerang">Boomerang</channel>
    <channel update="i" site="radiotimes.com.xmltv" site_id="197" xmltv_id="Sky Living">Sky Living</channel>
    <channel update="i" site="radiotimes.com.xmltv" site_id="1462" xmltv_id="travelchannel">travelchannel</channel>
    <channel update="i" site="radiotimes.com.xmltv" site_id="1859" xmltv_id="ITV3">ITV3</channel>
    <channel update="i" site="radiotimes.com.xmltv" site_id="1461" xmltv_id="FOX">FOX</channel>
    <channel update="i" site="radiotimes.com.xmltv" site_id="1855" xmltv_id="travelchannel +1">travelchannel +1</channel>
    <channel update="i" site="radiotimes.com.xmltv" site_id="2514" xmltv_id="ITV1 Thames Valley North">ITV1 Thames Valley North</channel>
    <channel update="i" site="radiotimes.com.xmltv" site_id="2706" xmltv_id="Sony Movie Channel +1">Sony Movie Channel +1</channel>
    <channel update="i" site="radiotimes.com.xmltv" site_id="2511" xmltv_id="ITV3+1">ITV3+1</channel>
    <channel update="i" site="radiotimes.com.xmltv" site_id="2518" xmltv_id="E! Europe">E! Europe</channel>
    <channel update="i" site="radiotimes.com.xmltv" site_id="2515" xmltv_id="ITV Thames Valley South">ITV Thames Valley South</channel>
    <channel update="i" site="radiotimes.com.xmltv" site_id="2439" xmltv_id="Chart Show TV">Chart Show TV</channel>
    <channel update="i" site="radiotimes.com.xmltv" site_id="281" xmltv_id="The Box">The Box</channel>
    <channel update="i" site="radiotimes.com.xmltv" site_id="185" xmltv_id="ITV2">ITV2</channel>
    <channel update="i" site="radiotimes.com.xmltv" site_id="2530" xmltv_id="Deutsche Welle TV">Deutsche Welle TV</channel>
    <channel update="i" site="radiotimes.com.xmltv" site_id="665" xmltv_id="GOLD +1">GOLD +1</channel>
    <channel update="i" site="radiotimes.com.xmltv" site_id="2533" xmltv_id="Setanta Sports 1">Setanta Sports 1</channel>
    <channel update="i" site="radiotimes.com.xmltv" site_id="288" xmltv_id="GOLD">GOLD</channel>
    <channel update="i" site="radiotimes.com.xmltv" site_id="287" xmltv_id="Sky Living +2">Sky Living +2</channel>
    <channel update="i" site="radiotimes.com.xmltv" site_id="2537" xmltv_id="Diva TV">Diva TV</channel>
    <channel update="i" site="radiotimes.com.xmltv" site_id="183" xmltv_id="History +1">History +1</channel>
    <channel update="i" site="radiotimes.com.xmltv" site_id="182" xmltv_id="History">History</channel>
    <channel update="i" site="radiotimes.com.xmltv" site_id="180" xmltv_id="Universal Channel">Universal Channel</channel>
    <channel update="i" site="radiotimes.com.xmltv" site_id="2147" xmltv_id="ESPN HD">ESPN HD</channel>
    <channel update="i" site="radiotimes.com.xmltv" site_id="2008" xmltv_id="5USA">5USA</channel>
    <channel update="i" site="radiotimes.com.xmltv" site_id="2146" xmltv_id="Disney Cinemagic HD">Disney Cinemagic HD</channel>
    <channel update="i" site="radiotimes.com.xmltv" site_id="2145" xmltv_id="Discovery Channel HD">Discovery Channel HD</channel>
    <channel update="i" site="radiotimes.com.xmltv" site_id="2144" xmltv_id="Crime &amp; Investigation HD">Crime &amp; Investigation HD</channel>
    <channel update="i" site="radiotimes.com.xmltv" site_id="1994" xmltv_id="BBC HD">BBC HD</channel>
    <channel update="i" site="radiotimes.com.xmltv" site_id="2143" xmltv_id="Bio. HD">Bio. HD</channel>
    <channel update="i" site="radiotimes.com.xmltv" site_id="483" xmltv_id="CBeebies">CBeebies</channel>
    <channel update="i" site="radiotimes.com.xmltv" site_id="2142" xmltv_id="ESPN">ESPN</channel>
    <channel update="i" site="radiotimes.com.xmltv" site_id="482" xmltv_id="CBBC">CBBC</channel>
    <channel update="i" site="radiotimes.com.xmltv" site_id="1993" xmltv_id="Alibi +1">Alibi +1</channel>
    <channel update="i" site="radiotimes.com.xmltv" site_id="2149" xmltv_id="FX HD">FX HD</channel>
    <channel update="i" site="radiotimes.com.xmltv" site_id="1990" xmltv_id="ITV2+1">ITV2+1</channel>
    <channel update="i" site="radiotimes.com.xmltv" site_id="2148" xmltv_id="British Eurosport HD">British Eurosport HD</channel>
    <channel update="i" site="radiotimes.com.xmltv" site_id="2429" xmltv_id="Channel 9">Channel 9</channel>
    <channel update="i" site="radiotimes.com.xmltv" site_id="2427" xmltv_id="S4C2">S4C2</channel>
    <channel update="i" site="radiotimes.com.xmltv" site_id="271" xmltv_id="TCM">TCM</channel>
    <channel update="i" site="radiotimes.com.xmltv" site_id="276" xmltv_id="TV5">TV5</channel>
    <channel update="i" site="radiotimes.com.xmltv" site_id="2150" xmltv_id="MTVN HD">MTVN HD</channel>
    <channel update="i" site="radiotimes.com.xmltv" site_id="2528" xmltv_id="Gems TV">Gems TV</channel>
    <channel update="i" site="radiotimes.com.xmltv" site_id="273" xmltv_id="TG4">TG4</channel>
    <channel update="i" site="radiotimes.com.xmltv" site_id="2529" xmltv_id="Gem Collector">Gem Collector</channel>
    <channel update="i" site="radiotimes.com.xmltv" site_id="2526" xmltv_id="History HD">History HD</channel>
    <channel update="i" site="radiotimes.com.xmltv" site_id="2527" xmltv_id="Best Direct">Best Direct</channel>
    <channel update="i" site="radiotimes.com.xmltv" site_id="2155" xmltv_id="Sky Arts 2 HD">Sky Arts 2 HD</channel>
    <channel update="i" site="radiotimes.com.xmltv" site_id="2016" xmltv_id="TCM2">TCM2</channel>
    <channel update="i" site="radiotimes.com.xmltv" site_id="581" xmltv_id="Zee TV">Zee TV</channel>
    <channel update="i" site="radiotimes.com.xmltv" site_id="582" xmltv_id="Extreme Sports Channel">Extreme Sports Channel</channel>
    <channel update="i" site="radiotimes.com.xmltv" site_id="2157" xmltv_id="Sky Movies Comedy HD">Sky Movies Comedy HD</channel>
    <channel update="i" site="radiotimes.com.xmltv" site_id="2152" xmltv_id="Nat Geo Wild HD">Nat Geo Wild HD</channel>
    <channel update="i" site="radiotimes.com.xmltv" site_id="2151" xmltv_id="National Geographic Channel HD">National Geographic Channel HD</channel>
    <channel update="i" site="radiotimes.com.xmltv" site_id="2154" xmltv_id="Sky Arts 1 HD">Sky Arts 1 HD</channel>
    <channel update="i" site="radiotimes.com.xmltv" site_id="2011" xmltv_id="ESPN Classic">ESPN Classic</channel>
    <channel update="i" site="radiotimes.com.xmltv" site_id="2010" xmltv_id="Bravo 2">Bravo 2</channel>
    <channel update="i" site="radiotimes.com.xmltv" site_id="2013" xmltv_id="Comedy Central +1">Comedy Central +1</channel>
    <channel update="i" site="radiotimes.com.xmltv" site_id="2159" xmltv_id="Sky Movies Family HD">Sky Movies Family HD</channel>
    <channel update="i" site="radiotimes.com.xmltv" site_id="2014" xmltv_id="Propeller TV">Propeller TV</channel>
    <channel update="i" site="radiotimes.com.xmltv" site_id="2551" xmltv_id="Flava">Flava</channel>
    <channel update="i" site="radiotimes.com.xmltv" site_id="2552" xmltv_id="Sky Movies Premiere HD">Sky Movies Premiere HD</channel>
    <channel update="i" site="radiotimes.com.xmltv" site_id="166" xmltv_id="Disney XD +1">Disney XD +1</channel>
    <channel update="i" site="radiotimes.com.xmltv" site_id="165" xmltv_id="Disney XD">Disney XD</channel>
    <channel update="i" site="radiotimes.com.xmltv" site_id="2550" xmltv_id="Estuary TV">Estuary TV</channel>
    <channel update="i" site="radiotimes.com.xmltv" site_id="2559" xmltv_id="H2">H2</channel>
    <channel update="i" site="radiotimes.com.xmltv" site_id="160" xmltv_id="Film4">Film4</channel>
    <channel update="i" site="radiotimes.com.xmltv" site_id="2557" xmltv_id="Nat Geo HD Pan European">Nat Geo HD Pan European</channel>
    <channel update="i" site="radiotimes.com.xmltv" site_id="2558" xmltv_id="Movies4Men2">Movies4Men2</channel>
    <channel update="i" site="radiotimes.com.xmltv" site_id="1161" xmltv_id="E4 +1">E4 +1</channel>
    <channel update="i" site="radiotimes.com.xmltv" site_id="742" xmltv_id="CN Too ">CN Too </channel>
    <channel update="i" site="radiotimes.com.xmltv" site_id="2122" xmltv_id="Sky Arts 2">Sky Arts 2</channel>
    <channel update="i" site="radiotimes.com.xmltv" site_id="2699" xmltv_id="Channel 5 +1">Channel 5 +1</channel>
    <channel update="i" site="radiotimes.com.xmltv" site_id="2698" xmltv_id="PBS America">PBS America</channel>
    <channel update="i" site="radiotimes.com.xmltv" site_id="2021" xmltv_id="Film4 +1">Film4 +1</channel>
    <channel update="i" site="radiotimes.com.xmltv" site_id="159" xmltv_id="EuroNews">EuroNews</channel>
    <channel update="i" site="radiotimes.com.xmltv" site_id="156" xmltv_id="Disney Channel">Disney Channel</channel>
    <channel update="i" site="radiotimes.com.xmltv" site_id="2542" xmltv_id="Playhouse Disney+">Playhouse Disney+</channel>
    <channel update="i" site="radiotimes.com.xmltv" site_id="2543" xmltv_id="Tiny Pop">Tiny Pop</channel>
    <channel update="i" site="radiotimes.com.xmltv" site_id="155" xmltv_id="Discovery Turbo">Discovery Turbo</channel>
    <channel update="i" site="radiotimes.com.xmltv" site_id="158" xmltv_id="E4">E4</channel>
    <channel update="i" site="radiotimes.com.xmltv" site_id="157" xmltv_id="Disney Channel +1">Disney Channel +1</channel>
    <channel update="i" site="radiotimes.com.xmltv" site_id="1804" xmltv_id="TeleG">TeleG</channel>
    <channel update="i" site="radiotimes.com.xmltv" site_id="1421" xmltv_id="E! Entertainment">E! Entertainment</channel>
    <channel update="i" site="radiotimes.com.xmltv" site_id="152" xmltv_id="Discovery Channel +1">Discovery Channel +1</channel>
    <channel update="i" site="radiotimes.com.xmltv" site_id="154" xmltv_id="Discovery Travel &amp; Living">Discovery Travel &amp; Living</channel>
    <channel update="i" site="radiotimes.com.xmltv" site_id="293" xmltv_id="VH1">VH1</channel>
    <channel update="i" site="radiotimes.com.xmltv" site_id="153" xmltv_id="Discovery Science">Discovery Science</channel>
    <channel update="i" site="radiotimes.com.xmltv" site_id="292" xmltv_id="Alibi">Alibi</channel>
    <channel update="i" site="radiotimes.com.xmltv" site_id="294" xmltv_id="MTV Classic">MTV Classic</channel>
    <channel update="i" site="radiotimes.com.xmltv" site_id="150" xmltv_id="Discovery Real Time">Discovery Real Time</channel>
    <channel update="i" site="radiotimes.com.xmltv" site_id="2549" xmltv_id="Horse &amp; Country">Horse &amp; Country</channel>
    <channel update="i" site="radiotimes.com.xmltv" site_id="2547" xmltv_id="MTV +1">MTV +1</channel>
    <channel update="i" site="radiotimes.com.xmltv" site_id="2544" xmltv_id="Pop">Pop</channel>
    <channel update="i" site="radiotimes.com.xmltv" site_id="2545" xmltv_id="DMAX">DMAX</channel>
    <channel update="i" site="radiotimes.com.xmltv" site_id="2682" xmltv_id="ITV London+1">ITV London+1</channel>
    <channel update="i" site="radiotimes.com.xmltv" site_id="2680" xmltv_id="ITV Meridian+1">ITV Meridian+1</channel>
    <channel update="i" site="radiotimes.com.xmltv" site_id="2686" xmltv_id="Sky Living Loves">Sky Living Loves</channel>
    <channel update="i" site="radiotimes.com.xmltv" site_id="2134" xmltv_id="Home">Home</channel>
    <channel update="i" site="radiotimes.com.xmltv" site_id="2685" xmltv_id="Sky Atlantic">Sky Atlantic</channel>
    <channel update="i" site="radiotimes.com.xmltv" site_id="2684" xmltv_id="Sky Atlantic HD">Sky Atlantic HD</channel>
    <channel update="i" site="radiotimes.com.xmltv" site_id="2136" xmltv_id="Good Food">Good Food</channel>
    <channel update="i" site="radiotimes.com.xmltv" site_id="2683" xmltv_id="ITV Yorkshire+1">ITV Yorkshire+1</channel>
    <channel update="i" site="radiotimes.com.xmltv" site_id="2135" xmltv_id="Home +1">Home +1</channel>
    <channel update="i" site="radiotimes.com.xmltv" site_id="2137" xmltv_id="Good Food +1">Good Food +1</channel>
    <channel update="i" site="radiotimes.com.xmltv" site_id="2139" xmltv_id="Sky1 HD">Sky1 HD</channel>
    <channel update="i" site="radiotimes.com.xmltv" site_id="148" xmltv_id="Discovery Knowledge">Discovery Knowledge</channel>
    <channel update="i" site="radiotimes.com.xmltv" site_id="149" xmltv_id="Discovery Home &amp; Health">Discovery Home &amp; Health</channel>
    <channel update="i" site="radiotimes.com.xmltv" site_id="2578" xmltv_id="5* +1">5* +1</channel>
    <channel update="i" site="radiotimes.com.xmltv" site_id="2577" xmltv_id="5USA +1">5USA +1</channel>
    <channel update="i" site="radiotimes.com.xmltv" site_id="1949" xmltv_id="Racing UK">Racing UK</channel>
    <channel update="i" site="radiotimes.com.xmltv" site_id="2181" xmltv_id="Cinemoi">Cinemoi</channel>
    <channel update="i" site="radiotimes.com.xmltv" site_id="2476" xmltv_id="Horror Channel">Horror Channel</channel>
    <channel update="i" site="radiotimes.com.xmltv" site_id="2570" xmltv_id="Investigation Discovery">Investigation Discovery</channel>
    <channel update="i" site="radiotimes.com.xmltv" site_id="2241" xmltv_id="BBC2 East Midlands">BBC2 East Midlands</channel>
    <channel update="i" site="radiotimes.com.xmltv" site_id="625" xmltv_id="Eden +1">Eden +1</channel>
    <channel update="i" site="radiotimes.com.xmltv" site_id="2240" xmltv_id="BBC1 East Midlands">BBC1 East Midlands</channel>
    <channel update="i" site="radiotimes.com.xmltv" site_id="2040" xmltv_id="BBC Sport Interactive: (Freeview)">BBC Sport Interactive: (Freeview)</channel>
    <channel update="i" site="radiotimes.com.xmltv" site_id="2479" xmltv_id="Setanta Sports Ireland">Setanta Sports Ireland</channel>
    <channel update="i" site="radiotimes.com.xmltv" site_id="2246" xmltv_id="Phoenix CNE">Phoenix CNE</channel>
    <channel update="i" site="radiotimes.com.xmltv" site_id="2574" xmltv_id="Discovery Travel &amp; Living +1">Discovery Travel &amp; Living +1</channel>
    <channel update="i" site="radiotimes.com.xmltv" site_id="147" xmltv_id="Discovery Channel">Discovery Channel</channel>
    <channel update="i" site="radiotimes.com.xmltv" site_id="2244" xmltv_id="BET:BlackEntTV">BET:BlackEntTV</channel>
    <channel update="i" site="radiotimes.com.xmltv" site_id="137" xmltv_id="GOD Channel">GOD Channel</channel>
    <channel update="i" site="radiotimes.com.xmltv" site_id="2047" xmltv_id="Channel 4 +1">Channel 4 +1</channel>
    <channel update="i" site="radiotimes.com.xmltv" site_id="2676" xmltv_id="ITV Granada+1">ITV Granada+1</channel>
    <channel update="i" site="radiotimes.com.xmltv" site_id="2677" xmltv_id="UTV+1">UTV+1</channel>
    <channel update="i" site="radiotimes.com.xmltv" site_id="2678" xmltv_id="ITV Central+1">ITV Central+1</channel>
    <channel update="i" site="radiotimes.com.xmltv" site_id="2679" xmltv_id="ITV West+1">ITV West+1</channel>
    <channel update="i" site="radiotimes.com.xmltv" site_id="2672" xmltv_id="Discovery History +1">Discovery History +1</channel>
    <channel update="i" site="radiotimes.com.xmltv" site_id="1953" xmltv_id="Discovery Home &amp; Health +1">Discovery Home &amp; Health +1</channel>
    <channel update="i" site="radiotimes.com.xmltv" site_id="2049" xmltv_id="Channel One">Channel One</channel>
    <channel update="i" site="radiotimes.com.xmltv" site_id="2189" xmltv_id="Sky Livingit">Sky Livingit</channel>
    <channel update="i" site="radiotimes.com.xmltv" site_id="2186" xmltv_id="Food Network +1">Food Network +1</channel>
    <channel update="i" site="radiotimes.com.xmltv" site_id="2184" xmltv_id="Viva">Viva</channel>
    <channel update="i" site="radiotimes.com.xmltv" site_id="2185" xmltv_id="Food Network">Food Network</channel>
    <channel update="i" site="radiotimes.com.xmltv" site_id="2569" xmltv_id="Super Casino">Super Casino</channel>
    <channel update="i" site="radiotimes.com.xmltv" site_id="2192" xmltv_id="True Movies 2">True Movies 2</channel>
    <channel update="i" site="radiotimes.com.xmltv" site_id="1959" xmltv_id="More4">More4</channel>
    <channel update="i" site="radiotimes.com.xmltv" site_id="1958" xmltv_id="Motors TV">Motors TV</channel>
    <channel update="i" site="radiotimes.com.xmltv" site_id="2568" xmltv_id="ITV4+1">ITV4+1</channel>
    <channel update="i" site="radiotimes.com.xmltv" site_id="2566" xmltv_id="wedding tv">wedding tv</channel>
    <channel update="i" site="radiotimes.com.xmltv" site_id="2190" xmltv_id="Sky Livingit +1">Sky Livingit +1</channel>
    <channel update="i" site="radiotimes.com.xmltv" site_id="231" xmltv_id="RTE1">RTE1</channel>
    <channel update="i" site="radiotimes.com.xmltv" site_id="2251" xmltv_id="Simply Shopping">Simply Shopping</channel>
    <channel update="i" site="radiotimes.com.xmltv" site_id="2561" xmltv_id="Horror Channel +1">Horror Channel +1</channel>
    <channel update="i" site="radiotimes.com.xmltv" site_id="131" xmltv_id="Challenge">Challenge</channel>
    <channel update="i" site="radiotimes.com.xmltv" site_id="132" xmltv_id="Channel 4">Channel 4</channel>
    <channel update="i" site="radiotimes.com.xmltv" site_id="134" xmltv_id="Channel 5">Channel 5</channel>
    <channel update="i" site="radiotimes.com.xmltv" site_id="2563" xmltv_id="Style.">Style.</channel>
    <channel update="i" site="radiotimes.com.xmltv" site_id="2050" xmltv_id="Dave">Dave</channel>
    <channel update="i" site="radiotimes.com.xmltv" site_id="2052" xmltv_id="Dave ja vu">Dave ja vu</channel>
    <channel update="i" site="radiotimes.com.xmltv" site_id="126" xmltv_id="CNN">CNN</channel>
    <channel update="i" site="radiotimes.com.xmltv" site_id="129" xmltv_id="Boomerang +1">Boomerang +1</channel>
    <channel update="i" site="radiotimes.com.xmltv" site_id="2055" xmltv_id="Al Jazeera English">Al Jazeera English</channel>
    <channel update="i" site="radiotimes.com.xmltv" site_id="128" xmltv_id="Cartoon Network">Cartoon Network</channel>
    <channel update="i" site="radiotimes.com.xmltv" site_id="2056" xmltv_id="Channel 4 HD">Channel 4 HD</channel>
    <channel update="i" site="radiotimes.com.xmltv" site_id="2667" xmltv_id="BBC1 HD">BBC1 HD</channel>
    <channel update="i" site="radiotimes.com.xmltv" site_id="2057" xmltv_id="Discovery Shed">Discovery Shed</channel>
    <channel update="i" site="radiotimes.com.xmltv" site_id="2668" xmltv_id="Discovery History">Discovery History</channel>
    <channel update="i" site="radiotimes.com.xmltv" site_id="2058" xmltv_id="Movies4Men">Movies4Men</channel>
    <channel update="i" site="radiotimes.com.xmltv" site_id="2059" xmltv_id="True Movies 1">True Movies 1</channel>
    <channel update="i" site="radiotimes.com.xmltv" site_id="2663" xmltv_id="Quest (Freeview)">Quest (Freeview)</channel>
    <channel update="i" site="radiotimes.com.xmltv" site_id="1961" xmltv_id="ITV4">ITV4</channel>
    <channel update="i" site="radiotimes.com.xmltv" site_id="1963" xmltv_id="Pick">Pick</channel>
    <channel update="i" site="radiotimes.com.xmltv" site_id="2661" xmltv_id="ITV2HD">ITV2HD</channel>
    <channel update="i" site="radiotimes.com.xmltv" site_id="2662" xmltv_id="Eden HD">Eden HD</channel>
    <channel update="i" site="radiotimes.com.xmltv" site_id="2195" xmltv_id="E4 HD">E4 HD</channel>
    <channel update="i" site="radiotimes.com.xmltv" site_id="2196" xmltv_id="MGM">MGM</channel>
    <channel update="i" site="radiotimes.com.xmltv" site_id="2197" xmltv_id="Christmas 24">Christmas 24</channel>
    <channel update="i" site="radiotimes.com.xmltv" site_id="228" xmltv_id="QVC">QVC</channel>
    <channel update="i" site="radiotimes.com.xmltv" site_id="22" xmltv_id="Nat Geo Wild">Nat Geo Wild</channel>
    <channel update="i" site="radiotimes.com.xmltv" site_id="264" xmltv_id="Sky Sports 2">Sky Sports 2</channel>
    <channel update="i" site="radiotimes.com.xmltv" site_id="24" xmltv_id="ITV Anglia">ITV Anglia</channel>
    <channel update="i" site="radiotimes.com.xmltv" site_id="262" xmltv_id="Sky Sports 1">Sky Sports 1</channel>
    <channel update="i" site="radiotimes.com.xmltv" site_id="2161" xmltv_id="Sky Movies Sci-Fi/Horror HD">Sky Movies Sci-Fi/Horror HD</channel>
    <channel update="i" site="radiotimes.com.xmltv" site_id="267" xmltv_id="Sony Entertainment TV Asia">Sony Entertainment TV Asia</channel>
    <channel update="i" site="radiotimes.com.xmltv" site_id="2599" xmltv_id="Movies4Men2 +1">Movies4Men2 +1</channel>
    <channel update="i" site="radiotimes.com.xmltv" site_id="2160" xmltv_id="Sky Movies Greats HD">Sky Movies Greats HD</channel>
    <channel update="i" site="radiotimes.com.xmltv" site_id="265" xmltv_id="Sky Sports 3">Sky Sports 3</channel>
    <channel update="i" site="radiotimes.com.xmltv" site_id="2596" xmltv_id="Comedy Central Extra +1">Comedy Central Extra +1</channel>
    <channel update="i" site="radiotimes.com.xmltv" site_id="2457" xmltv_id="Flaunt">Flaunt</channel>
    <channel update="i" site="radiotimes.com.xmltv" site_id="2062" xmltv_id="5*">5*</channel>
    <channel update="i" site="radiotimes.com.xmltv" site_id="2595" xmltv_id="DMAX +1">DMAX +1</channel>
    <channel update="i" site="radiotimes.com.xmltv" site_id="29" xmltv_id="ITV Granada">ITV Granada</channel>
    <channel update="i" site="radiotimes.com.xmltv" site_id="125" xmltv_id="CNBC">CNBC</channel>
    <channel update="i" site="radiotimes.com.xmltv" site_id="2598" xmltv_id="Movies4Men +1">Movies4Men +1</channel>
    <channel update="i" site="radiotimes.com.xmltv" site_id="122" xmltv_id="Bravo">Bravo</channel>
    <channel update="i" site="radiotimes.com.xmltv" site_id="2597" xmltv_id="BET:BlackEntTV +1">BET:BlackEntTV +1</channel>
    <channel update="i" site="radiotimes.com.xmltv" site_id="123" xmltv_id="Eurosport">Eurosport</channel>
    <channel update="i" site="radiotimes.com.xmltv" site_id="2592" xmltv_id="MTV Shows">MTV Shows</channel>
    <channel update="i" site="radiotimes.com.xmltv" site_id="26" xmltv_id="ITV London">ITV London</channel>
    <channel update="i" site="radiotimes.com.xmltv" site_id="120" xmltv_id="Bloomberg TV">Bloomberg TV</channel>
    <channel update="i" site="radiotimes.com.xmltv" site_id="260" xmltv_id="Sky Movies Greats">Sky Movies Greats</channel>
    <channel update="i" site="radiotimes.com.xmltv" site_id="25" xmltv_id="ITV Border">ITV Border</channel>
    <channel update="i" site="radiotimes.com.xmltv" site_id="2591" xmltv_id="Universal Channel +1">Universal Channel +1</channel>
    <channel update="i" site="radiotimes.com.xmltv" site_id="2594" xmltv_id="NHK World">NHK World</channel>
    <channel update="i" site="radiotimes.com.xmltv" site_id="28" xmltv_id="ITV Channel Television">ITV Channel Television</channel>
    <channel update="i" site="radiotimes.com.xmltv" site_id="2593" xmltv_id="Nick Jr. 2">Nick Jr. 2</channel>
    <channel update="i" site="radiotimes.com.xmltv" site_id="27" xmltv_id="ITV Central">ITV Central</channel>
    <channel update="i" site="radiotimes.com.xmltv" site_id="1971" xmltv_id="FOX+">FOX+</channel>
    <channel update="i" site="radiotimes.com.xmltv" site_id="2590" xmltv_id="Christmas 24+">Christmas 24+</channel>
    <channel update="i" site="radiotimes.com.xmltv" site_id="119" xmltv_id="Bio">Bio</channel>
    <channel update="i" site="radiotimes.com.xmltv" site_id="117" xmltv_id="BBC2 West">BBC2 West</channel>
    <channel update="i" site="radiotimes.com.xmltv" site_id="116" xmltv_id="BBC2 South West">BBC2 South West</channel>
    <channel update="i" site="radiotimes.com.xmltv" site_id="115" xmltv_id="BBC2 South">BBC2 South</channel>
    <channel update="i" site="radiotimes.com.xmltv" site_id="2164" xmltv_id="BBC World News">BBC World News</channel>
    <channel update="i" site="radiotimes.com.xmltv" site_id="2165" xmltv_id="Crime &amp; Investigation">Crime &amp; Investigation</channel>
    <channel update="i" site="radiotimes.com.xmltv" site_id="259" xmltv_id="Sky Movies Classics">Sky Movies Classics</channel>
    <channel update="i" site="radiotimes.com.xmltv" site_id="258" xmltv_id="Sky Movies Family">Sky Movies Family</channel>
    <channel update="i" site="radiotimes.com.xmltv" site_id="2168" xmltv_id="Sky Movies Sci-Fi/Horror">Sky Movies Sci-Fi/Horror</channel>
    <channel update="i" site="radiotimes.com.xmltv" site_id="2169" xmltv_id="Channel One +1">Channel One +1</channel>
    <channel update="i" site="radiotimes.com.xmltv" site_id="1972" xmltv_id="More4 +1">More4 +1</channel>
    <channel update="i" site="radiotimes.com.xmltv" site_id="250" xmltv_id="Sky Movies Premiere +1">Sky Movies Premiere +1</channel>
    <channel update="i" site="radiotimes.com.xmltv" site_id="35" xmltv_id="ITV Wales">ITV Wales</channel>
    <channel update="i" site="radiotimes.com.xmltv" site_id="33" xmltv_id="ITV Westcountry">ITV Westcountry</channel>
    <channel update="i" site="radiotimes.com.xmltv" site_id="253" xmltv_id="Sky Movies Select">Sky Movies Select</channel>
    <channel update="i" site="radiotimes.com.xmltv" site_id="32" xmltv_id="YTV">YTV</channel>
    <channel update="i" site="radiotimes.com.xmltv" site_id="31" xmltv_id="ITV Tyne Tees">ITV Tyne Tees</channel>
    <channel update="i" site="radiotimes.com.xmltv" site_id="30" xmltv_id="ITV Meridian">ITV Meridian</channel>
    <channel update="i" site="radiotimes.com.xmltv" site_id="2589" xmltv_id="Diva TV +1">Diva TV +1</channel>
    <channel update="i" site="radiotimes.com.xmltv" site_id="256" xmltv_id="Sky News">Sky News</channel>
    <channel update="i" site="radiotimes.com.xmltv" site_id="2588" xmltv_id="Quest +1">Quest +1</channel>
    <channel update="i" site="radiotimes.com.xmltv" site_id="257" xmltv_id="Sky Movies Comedy">Sky Movies Comedy</channel>
    <channel update="i" site="radiotimes.com.xmltv" site_id="2587" xmltv_id="Sky Movies Select HD">Sky Movies Select HD</channel>
    <channel update="i" site="radiotimes.com.xmltv" site_id="111" xmltv_id="BBC2 North East">BBC2 North East</channel>
    <channel update="i" site="radiotimes.com.xmltv" site_id="2586" xmltv_id="CBS Reality">CBS Reality</channel>
    <channel update="i" site="radiotimes.com.xmltv" site_id="112" xmltv_id="BBC2 Northern Ireland">BBC2 Northern Ireland</channel>
    <channel update="i" site="radiotimes.com.xmltv" site_id="113" xmltv_id="BBC2 Scotland">BBC2 Scotland</channel>
    <channel update="i" site="radiotimes.com.xmltv" site_id="2585" xmltv_id="Sky Living HD">Sky Living HD</channel>
    <channel update="i" site="radiotimes.com.xmltv" site_id="114" xmltv_id="BBC2 Wales">BBC2 Wales</channel>
    <channel update="i" site="radiotimes.com.xmltv" site_id="2583" xmltv_id="Crime &amp; Investigation +1">Crime &amp; Investigation +1</channel>
    <channel update="i" site="radiotimes.com.xmltv" site_id="39" xmltv_id="Animal Planet">Animal Planet</channel>
    <channel update="i" site="radiotimes.com.xmltv" site_id="38" xmltv_id="UTV">UTV</channel>
    <channel update="i" site="radiotimes.com.xmltv" site_id="37" xmltv_id="STV Central">STV Central</channel>
    <channel update="i" site="radiotimes.com.xmltv" site_id="36" xmltv_id="ITV West">ITV West</channel>
    <channel update="i" site="radiotimes.com.xmltv" site_id="110" xmltv_id="BBC2 North">BBC2 North</channel>
    <channel update="i" site="radiotimes.com.xmltv" site_id="2645" xmltv_id="MGM HD">MGM HD</channel>
    <channel update="i" site="radiotimes.com.xmltv" site_id="109" xmltv_id="BBC2 North West">BBC2 North West</channel>
    <channel update="i" site="radiotimes.com.xmltv" site_id="2646" xmltv_id="Comedy Central HD">Comedy Central HD</channel>
    <channel update="i" site="radiotimes.com.xmltv" site_id="108" xmltv_id="BBC2 Midlands">BBC2 Midlands</channel>
    <channel update="i" site="radiotimes.com.xmltv" site_id="1981" xmltv_id="CITV">CITV</channel>
    <channel update="i" site="radiotimes.com.xmltv" site_id="105" xmltv_id="BBC2">BBC2</channel>
    <channel update="i" site="radiotimes.com.xmltv" site_id="661" xmltv_id="Attheraces">Attheraces</channel>
    <channel update="i" site="radiotimes.com.xmltv" site_id="104" xmltv_id="BBC1 West">BBC1 West</channel>
    <channel update="i" site="radiotimes.com.xmltv" site_id="2647" xmltv_id="Pick +1">Pick +1</channel>
    <channel update="i" site="radiotimes.com.xmltv" site_id="664" xmltv_id="Nicktoons">Nicktoons</channel>
    <channel update="i" site="radiotimes.com.xmltv" site_id="107" xmltv_id="BBC2 London">BBC2 London</channel>
    <channel update="i" site="radiotimes.com.xmltv" site_id="106" xmltv_id="BBC2 East">BBC2 East</channel>
    <channel update="i" site="radiotimes.com.xmltv" site_id="2173" xmltv_id="Rush HD">Rush HD</channel>
    <channel update="i" site="radiotimes.com.xmltv" site_id="248" xmltv_id="Sky1">Sky1</channel>
    <channel update="i" site="radiotimes.com.xmltv" site_id="2174" xmltv_id="Sky Sports 1 HD">Sky Sports 1 HD</channel>
    <channel update="i" site="radiotimes.com.xmltv" site_id="2175" xmltv_id="Sky Sports 2 HD">Sky Sports 2 HD</channel>
    <channel update="i" site="radiotimes.com.xmltv" site_id="2176" xmltv_id="Sky Sports 3 HD">Sky Sports 3 HD</channel>
    <channel update="i" site="radiotimes.com.xmltv" site_id="249" xmltv_id="Sky Movies Premiere">Sky Movies Premiere</channel>
    <channel update="i" site="radiotimes.com.xmltv" site_id="2177" xmltv_id="CBS Drama">CBS Drama</channel>
    <channel update="i" site="radiotimes.com.xmltv" site_id="1983" xmltv_id="Cartoonito">Cartoonito</channel>
    <channel update="i" site="radiotimes.com.xmltv" site_id="2178" xmltv_id="CBS Action">CBS Action</channel>
    <channel update="i" site="radiotimes.com.xmltv" site_id="1984" xmltv_id="Disney Cinemagic">Disney Cinemagic</channel>
    <channel update="i" site="radiotimes.com.xmltv" site_id="2642" xmltv_id="TV3">TV3</channel>
    <channel update="i" site="radiotimes.com.xmltv" site_id="2179" xmltv_id="Quest">Quest</channel>
    <channel update="i" site="radiotimes.com.xmltv" site_id="1985" xmltv_id="Disney Cinemagic +1">Disney Cinemagic +1</channel>
    <channel update="i" site="radiotimes.com.xmltv" site_id="2640" xmltv_id="Price-drop.tv">Price-drop.tv</channel>
    <channel update="i" site="radiotimes.com.xmltv" site_id="246" xmltv_id="Screenshop">Screenshop</channel>
    <channel update="i" site="radiotimes.com.xmltv" site_id="266" xmltv_id="Sky Real Lives">Sky Real Lives</channel>
    <channel update="i" site="radiotimes.com.xmltv" site_id="1662" xmltv_id="Sky Real Lives 2">Sky Real Lives 2</channel>
    <channel update="i" site="radiotimes.com.xmltv" site_id="1802" xmltv_id="Ideal World">Ideal World</channel>
    <channel update="i" site="radiotimes.com.xmltv" site_id="1944" xmltv_id="Channel M">Channel M</channel>
    <channel update="i" site="radiotimes.com.xmltv" site_id="1956" xmltv_id="Teachers TV">Teachers TV</channel>
    <channel update="i" site="radiotimes.com.xmltv" site_id="1969" xmltv_id="Fashion TV">Fashion TV</channel>
    <channel update="i" site="radiotimes.com.xmltv" site_id="2162" xmltv_id="Sky Real Lives HD">Sky Real Lives HD</channel>
    <channel update="i" site="radiotimes.com.xmltv" site_id="2249" xmltv_id="Rai Uno">Rai Uno</channel>
    <channel update="i" site="radiotimes.com.xmltv" site_id="2250" xmltv_id="Health">Health</channel>
    <channel update="i" site="radiotimes.com.xmltv" site_id="2252" xmltv_id="Music Choice Blues">Music Choice Blues</channel>
    <channel update="i" site="radiotimes.com.xmltv" site_id="2253" xmltv_id="Music Choice Classical">Music Choice Classical</channel>
    <channel update="i" site="radiotimes.com.xmltv" site_id="2254" xmltv_id="Music Choice Country">Music Choice Country</channel>
    <channel update="i" site="radiotimes.com.xmltv" site_id="2255" xmltv_id="Music Choice Dance">Music Choice Dance</channel>
    <channel update="i" site="radiotimes.com.xmltv" site_id="2256" xmltv_id="Music Choice Easy Listening">Music Choice Easy Listening</channel>
    <channel update="i" site="radiotimes.com.xmltv" site_id="2257" xmltv_id="Music Choice Gold">Music Choice Gold</channel>
    <channel update="i" site="radiotimes.com.xmltv" site_id="2258" xmltv_id="Music Choice Hits">Music Choice Hits</channel>
    <channel update="i" site="radiotimes.com.xmltv" site_id="2259" xmltv_id="Music Choice Jazz">Music Choice Jazz</channel>
    <channel update="i" site="radiotimes.com.xmltv" site_id="2260" xmltv_id="Music Choice Love">Music Choice Love</channel>
    <channel update="i" site="radiotimes.com.xmltv" site_id="2261" xmltv_id="Music Choice Rock">Music Choice Rock</channel>
    <channel update="i" site="radiotimes.com.xmltv" site_id="2264" xmltv_id="Sat 1">Sat 1</channel>
    <channel update="i" site="radiotimes.com.xmltv" site_id="2421" xmltv_id="Asia 1">Asia 1</channel>
    <channel update="i" site="radiotimes.com.xmltv" site_id="2422" xmltv_id="The Pakistani Channel">The Pakistani Channel</channel>
    <channel update="i" site="radiotimes.com.xmltv" site_id="2492" xmltv_id="City Channel">City Channel</channel>
    <channel update="i" site="radiotimes.com.xmltv" site_id="2506" xmltv_id="Sky Movies Box Office HD2">Sky Movies Box Office HD2</channel>
    <channel update="i" site="radiotimes.com.xmltv" site_id="2507" xmltv_id="Sky Movies Box Office HD1">Sky Movies Box Office HD1</channel>
    <channel update="i" site="radiotimes.com.xmltv" site_id="2531" xmltv_id="Channel S">Channel S</channel>
    <channel update="i" site="radiotimes.com.xmltv" site_id="2553" xmltv_id="ABC News Now">ABC News Now</channel>
    <channel update="i" site="radiotimes.com.xmltv" site_id="2572" xmltv_id="Rocks &amp; Co">Rocks &amp; Co</channel>
    <channel update="i" site="radiotimes.com.xmltv" site_id="2575" xmltv_id="Sumo TV">Sumo TV</channel>
    <channel update="i" site="radiotimes.com.xmltv" site_id="2601" xmltv_id="Discovery Knowledge +1">Discovery Knowledge +1</channel>
    <channel update="i" site="radiotimes.com.xmltv" site_id="2618" xmltv_id="Blighty +1">Blighty +1</channel>
    <channel update="i" site="radiotimes.com.xmltv" site_id="2622" xmltv_id="Showcase">Showcase</channel>
    <channel update="i" site="radiotimes.com.xmltv" site_id="2625" xmltv_id="Asianet">Asianet</channel>
    <channel update="i" site="radiotimes.com.xmltv" site_id="2636" xmltv_id="Multi Channel">Multi Channel</channel>
    <channel update="i" site="radiotimes.com.xmltv" site_id="2637" xmltv_id="Music Choice Europe">Music Choice Europe</channel>
    <channel update="i" site="radiotimes.com.xmltv" site_id="2681" xmltv_id="ITV1 STV +1">ITV1 STV +1</channel>
  </channels>
</site>