﻿<?xml version="1.0" encoding="UTF-8"?>
<site generator-info-name="WebGrab+Plus/w MDB &amp; REX Postprocess -- version 1.1.1/55.27 -- Jan van Straaten" site="radiotimes.com">
  <channels>
    <channel update="i" site="radiotimes.com" site_id="94" xmltv_id="BBC One London">BBC One London</channel>
    <channel update="i" site="radiotimes.com" site_id="105" xmltv_id="BBC Two England">BBC Two England</channel>
    <channel update="i" site="radiotimes.com" site_id="26" xmltv_id="ITV London">ITV London</channel>
    <channel update="i" site="radiotimes.com" site_id="132" xmltv_id="Channel 4">Channel 4</channel>
    <channel update="i" site="radiotimes.com" site_id="134" xmltv_id="Channel 5">Channel 5</channel>
    <channel update="i" site="radiotimes.com" site_id="45" xmltv_id="BBC Three">BBC Three</channel>
    <channel update="i" site="radiotimes.com" site_id="47" xmltv_id="BBC Four">BBC Four</channel>
    <channel update="i" site="radiotimes.com" site_id="185" xmltv_id="ITV2">ITV2</channel>
    <channel update="i" site="radiotimes.com" site_id="1859" xmltv_id="ITV3">ITV3</channel>
    <channel update="i" site="radiotimes.com" site_id="1961" xmltv_id="ITV4">ITV4</channel>
    <channel update="i" site="radiotimes.com" site_id="11708" xmltv_id="ITVBe">ITVBe</channel>
    <channel update="i" site="radiotimes.com" site_id="11680" xmltv_id="ITV Encore">ITV Encore</channel>
    <channel update="i" site="radiotimes.com" site_id="158" xmltv_id="E4">E4</channel>
    <channel update="i" site="radiotimes.com" site_id="1959" xmltv_id="More4">More4</channel>
    <channel update="i" site="radiotimes.com" site_id="2056" xmltv_id="4seven">4seven</channel>
    <channel update="i" site="radiotimes.com" site_id="11740" xmltv_id="Challenge">Challenge</channel>
    <channel update="i" site="radiotimes.com" site_id="160" xmltv_id="Film4">Film4</channel>
    <channel update="i" site="radiotimes.com" site_id="11816" xmltv_id="AMC from BT">AMC from BT</channel>
    <channel update="i" site="radiotimes.com" site_id="11820" xmltv_id="Watch">Watch</channel>
    <channel update="i" site="radiotimes.com" site_id="48" xmltv_id="BBC News Channel">BBC News Channel</channel>
    <channel update="i" site="radiotimes.com" site_id="256" xmltv_id="Sky News">Sky News</channel>
    <channel update="i" site="radiotimes.com" site_id="248" xmltv_id="Sky1">Sky1</channel>
    <channel update="i" site="radiotimes.com" site_id="2685" xmltv_id="Sky Atlantic">Sky Atlantic</channel>
    <channel update="i" site="radiotimes.com" site_id="197" xmltv_id="Sky Living">Sky Living</channel>
    <channel update="i" site="radiotimes.com" site_id="1963" xmltv_id="Pick">Pick</channel>
    <channel update="i" site="radiotimes.com" site_id="2050" xmltv_id="Dave">Dave</channel>
    <channel update="i" site="radiotimes.com" site_id="1882" xmltv_id="Really">Really</channel>
    <channel update="i" site="radiotimes.com" site_id="2603" xmltv_id="True Entertainment">True Entertainment</channel>
    <channel update="i" site="radiotimes.com" site_id="11771" xmltv_id="Spike">Spike</channel>
    <channel update="i" site="radiotimes.com" site_id="801" xmltv_id="Yesterday">Yesterday</channel>
    <channel update="i" site="radiotimes.com" site_id="5097" xmltv_id="Drama">Drama</channel>
    <channel update="i" site="radiotimes.com" site_id="288" xmltv_id="GOLD">GOLD</channel>
    <channel update="i" site="radiotimes.com" site_id="2212" xmltv_id="Syfy">Syfy</channel>
    <channel update="i" site="radiotimes.com" site_id="5074" xmltv_id="more&gt;movies">more&gt;movies</channel>
    <channel update="i" site="radiotimes.com" site_id="2058" xmltv_id="Movies4Men">Movies4Men</channel>
    <channel update="i" site="radiotimes.com" site_id="5072" xmltv_id="Movie Mix">Movie Mix</channel>
    <channel update="i" site="radiotimes.com" site_id="2062" xmltv_id="5*">5*</channel>
    <channel update="i" site="radiotimes.com" site_id="2008" xmltv_id="5USA">5USA</channel>
    <channel update="i" site="radiotimes.com" site_id="1061" xmltv_id="Comedy Central">Comedy Central</channel>
    <channel update="i" site="radiotimes.com" site_id="11828" xmltv_id="YourTV">YourTV</channel>
    <channel update="i" site="radiotimes.com" site_id="1201" xmltv_id="Comedy Central Extra">Comedy Central Extra</channel>
    <channel update="i" site="radiotimes.com" site_id="180" xmltv_id="Universal Channel">Universal Channel</channel>
    <channel update="i" site="radiotimes.com" site_id="11792" xmltv_id="BT Sport Showcase">BT Sport Showcase</channel>
    <channel update="i" site="radiotimes.com" site_id="11791" xmltv_id="BT Sport Europe">BT Sport Europe</channel>
    <channel update="i" site="radiotimes.com" site_id="11793" xmltv_id="BT Sport Ultra HD">BT Sport Ultra HD</channel>
    <channel update="i" site="radiotimes.com" site_id="262" xmltv_id="Sky Sports 1">Sky Sports 1</channel>
    <channel update="i" site="radiotimes.com" site_id="264" xmltv_id="Sky Sports 2 ">Sky Sports 2 </channel>
    <channel update="i" site="radiotimes.com" site_id="265" xmltv_id="Sky Sports 3">Sky Sports 3</channel>
    <channel update="i" site="radiotimes.com" site_id="2200" xmltv_id="Sky Sports 4">Sky Sports 4</channel>
    <channel update="i" site="radiotimes.com" site_id="11693" xmltv_id="Sky Sports 5">Sky Sports 5</channel>
    <channel update="i" site="radiotimes.com" site_id="292" xmltv_id="Alibi">Alibi</channel>
    <channel update="i" site="radiotimes.com" site_id="1461" xmltv_id="FOX">FOX</channel>
    <channel update="i" site="radiotimes.com" site_id="40" xmltv_id="Sky Arts">Sky Arts</channel>
    <channel update="i" site="radiotimes.com" site_id="922" xmltv_id="Sky2">Sky2</channel>
    <channel update="i" site="radiotimes.com" site_id="2189" xmltv_id="Real Lives">Real Lives</channel>
    <channel update="i" site="radiotimes.com" site_id="147" xmltv_id="Discovery Channel">Discovery Channel</channel>
    <channel update="i" site="radiotimes.com" site_id="182" xmltv_id="History">History</channel>
    <channel update="i" site="radiotimes.com" site_id="2179" xmltv_id="Quest">Quest</channel>
    <channel update="i" site="radiotimes.com" site_id="156" xmltv_id="Disney Channel">Disney Channel</channel>
    <channel update="i" site="radiotimes.com" site_id="483" xmltv_id="CBeebies">CBeebies</channel>
    <channel update="i" site="radiotimes.com" site_id="482" xmltv_id="CBBC">CBBC</channel>
    <channel update="i" site="radiotimes.com" site_id="1981" xmltv_id="CITV">CITV</channel>
    <channel update="i" site="radiotimes.com" site_id="1601" xmltv_id="Eden">Eden</channel>
    <channel update="i" site="radiotimes.com" site_id="213" xmltv_id="National Geographic Channel">National Geographic Channel</channel>
    <channel update="i" site="radiotimes.com" site_id="2134" xmltv_id="Home">Home</channel>
    <channel update="i" site="radiotimes.com" site_id="2185" xmltv_id="Food Network">Food Network</channel>
    <channel update="i" site="radiotimes.com" site_id="11508" xmltv_id="BBC Asian Network">BBC Asian Network</channel>
    <channel update="i" site="radiotimes.com" site_id="52" xmltv_id="BBC Radio 1">BBC Radio 1</channel>
    <channel update="i" site="radiotimes.com" site_id="53" xmltv_id="BBC Radio 2">BBC Radio 2</channel>
    <channel update="i" site="radiotimes.com" site_id="54" xmltv_id="BBC Radio 3">BBC Radio 3</channel>
    <channel update="i" site="radiotimes.com" site_id="55" xmltv_id="BBC Radio 4 FM">BBC Radio 4 FM</channel>
    <channel update="i" site="radiotimes.com" site_id="861" xmltv_id="BBC Radio 4 Extra">BBC Radio 4 Extra</channel>
    <channel update="i" site="radiotimes.com" site_id="56" xmltv_id="BBC Radio 4 LW">BBC Radio 4 LW</channel>
    <channel update="i" site="radiotimes.com" site_id="51" xmltv_id="BBC Radio 5 live">BBC Radio 5 live</channel>
    <channel update="i" site="radiotimes.com" site_id="501" xmltv_id="BBC Radio 5 live sports extra">BBC Radio 5 live sports extra</channel>
    <channel update="i" site="radiotimes.com" site_id="561" xmltv_id="BBC Radio 6 Music">BBC Radio 6 Music</channel>
    <channel update="i" site="radiotimes.com" site_id="2215" xmltv_id="BBC Radio 1Xtra">BBC Radio 1Xtra</channel>
    <channel update="i" site="radiotimes.com" site_id="91" xmltv_id="BBC World Service">BBC World Service</channel>
    <channel update="i" site="radiotimes.com" site_id="296" xmltv_id="Absolute Radio">Absolute Radio</channel>
    <channel update="i" site="radiotimes.com" site_id="138" xmltv_id="Classic FM">Classic FM</channel>
    <channel update="i" site="radiotimes.com" site_id="181" xmltv_id="Heart London">Heart London</channel>
    <channel update="i" site="radiotimes.com" site_id="1805" xmltv_id="Kerrang!">Kerrang!</channel>
    <channel update="i" site="radiotimes.com" site_id="19" xmltv_id="Kiss 100">Kiss 100</channel>
    <channel update="i" site="radiotimes.com" site_id="745" xmltv_id="Planet Rock">Planet Rock</channel>
    <channel update="i" site="radiotimes.com" site_id="277" xmltv_id="talkSPORT">talkSPORT</channel>
    <channel update="i" site="radiotimes.com" site_id="626" xmltv_id="Radio X">Radio X</channel>
    <channel update="i" site="radiotimes.com" site_id="71" xmltv_id="BBC Radio Scotland FM">BBC Radio Scotland FM</channel>
    <channel update="i" site="radiotimes.com" site_id="83" xmltv_id="BBC Radio Nan Gàidheal">BBC Radio Nan Gàidheal</channel>
    <channel update="i" site="radiotimes.com" site_id="75" xmltv_id="BBC Radio Ulster">BBC Radio Ulster</channel>
    <channel update="i" site="radiotimes.com" site_id="74" xmltv_id="BBC Radio Foyle">BBC Radio Foyle</channel>
    <channel update="i" site="radiotimes.com" site_id="88" xmltv_id="BBC Radio Wales">BBC Radio Wales</channel>
    <channel update="i" site="radiotimes.com" site_id="72" xmltv_id="BBC Radio Cymru">BBC Radio Cymru</channel>
    <channel update="i" site="radiotimes.com" site_id="2468" xmltv_id="100.4 Smooth Radio">100.4 Smooth Radio</channel>
    <channel update="i" site="radiotimes.com" site_id="2408" xmltv_id="102.2 Capital FM">102.2 Capital FM</channel>
    <channel update="i" site="radiotimes.com" site_id="130" xmltv_id="103.1 Central FM">103.1 Central FM</channel>
    <channel update="i" site="radiotimes.com" site_id="2334" xmltv_id="103.2 Capital FM">103.2 Capital FM</channel>
    <channel update="i" site="radiotimes.com" site_id="2383" xmltv_id="103.4 Sun FM">103.4 Sun FM</channel>
    <channel update="i" site="radiotimes.com" site_id="2407" xmltv_id="105 Capital FM">105 Capital FM</channel>
    <channel update="i" site="radiotimes.com" site_id="2480" xmltv_id="105.2 Smooth Radio">105.2 Smooth Radio</channel>
    <channel update="i" site="radiotimes.com" site_id="2436" xmltv_id="105.7 Smooth Radio">105.7 Smooth Radio</channel>
    <channel update="i" site="radiotimes.com" site_id="2404" xmltv_id="105-106 Capital FM Scotland">105-106 Capital FM Scotland</channel>
    <channel update="i" site="radiotimes.com" site_id="2565" xmltv_id="106 Jack FM">106 Jack FM</channel>
    <channel update="i" site="radiotimes.com" site_id="2440" xmltv_id="107.1 Rugby FM">107.1 Rugby FM</channel>
    <channel update="i" site="radiotimes.com" site_id="2420" xmltv_id="107.6 Juice FM">107.6 Juice FM</channel>
    <channel update="i" site="radiotimes.com" site_id="11143" xmltv_id="107.7 Sam FM">107.7 Sam FM</channel>
    <channel update="i" site="radiotimes.com" site_id="2490" xmltv_id="2BR">2BR</channel>
    <channel update="i" site="radiotimes.com" site_id="11430" xmltv_id="95.8 Capital FM">95.8 Capital FM</channel>
    <channel update="i" site="radiotimes.com" site_id="2409" xmltv_id="96.2 Touch FM">96.2 Touch FM</channel>
    <channel update="i" site="radiotimes.com" site_id="2313" xmltv_id="96-106 Capital FM">96-106 Capital FM</channel>
    <channel update="i" site="radiotimes.com" site_id="16" xmltv_id="97.4/103.2 Capital FM">97.4/103.2 Capital FM</channel>
    <channel update="i" site="radiotimes.com" site_id="2285" xmltv_id="98FM">98FM</channel>
    <channel update="i" site="radiotimes.com" site_id="2269" xmltv_id="Arrow FM">Arrow FM</channel>
    <channel update="i" site="radiotimes.com" site_id="11220" xmltv_id="BBC Coventry &amp; Warwickshire">BBC Coventry &amp; Warwickshire</channel>
    <channel update="i" site="radiotimes.com" site_id="2405" xmltv_id="BBC Coventry &amp; Warwickshire FM">BBC Coventry &amp; Warwickshire FM</channel>
    <channel update="i" site="radiotimes.com" site_id="762" xmltv_id="BBC Essex 103.5FM">BBC Essex 103.5FM</channel>
    <channel update="i" site="radiotimes.com" site_id="763" xmltv_id="BBC Hereford &amp; Worcester">BBC Hereford &amp; Worcester</channel>
    <channel update="i" site="radiotimes.com" site_id="11422" xmltv_id="BBC Hereford &amp; Worcester 104FM">BBC Hereford &amp; Worcester 104FM</channel>
    <channel update="i" site="radiotimes.com" site_id="1966" xmltv_id="BBC Lincolnshire FM">BBC Lincolnshire FM</channel>
    <channel update="i" site="radiotimes.com" site_id="68" xmltv_id="BBC Newcastle">BBC Newcastle</channel>
    <channel update="i" site="radiotimes.com" site_id="11473" xmltv_id="BBC Newcastle MW">BBC Newcastle MW</channel>
    <channel update="i" site="radiotimes.com" site_id="59" xmltv_id="BBC Oxford FM">BBC Oxford FM</channel>
    <channel update="i" site="radiotimes.com" site_id="1999" xmltv_id="BBC Radio Berkshire FM">BBC Radio Berkshire FM</channel>
    <channel update="i" site="radiotimes.com" site_id="766" xmltv_id="BBC Radio Cambridgeshire 95.7FM">BBC Radio Cambridgeshire 95.7FM</channel>
    <channel update="i" site="radiotimes.com" site_id="11248" xmltv_id="BBC Radio Cambridgeshire 96FM">BBC Radio Cambridgeshire 96FM</channel>
    <channel update="i" site="radiotimes.com" site_id="65" xmltv_id="BBC Radio Cornwall FM">BBC Radio Cornwall FM</channel>
    <channel update="i" site="radiotimes.com" site_id="769" xmltv_id="BBC Radio Cumbria FM">BBC Radio Cumbria FM</channel>
    <channel update="i" site="radiotimes.com" site_id="11443" xmltv_id="BBC Radio Cumbria MW">BBC Radio Cumbria MW</channel>
    <channel update="i" site="radiotimes.com" site_id="2000" xmltv_id="BBC Radio Derby FM">BBC Radio Derby FM</channel>
    <channel update="i" site="radiotimes.com" site_id="66" xmltv_id="BBC Radio Devon 103.4FM">BBC Radio Devon 103.4FM</channel>
    <channel update="i" site="radiotimes.com" site_id="11528" xmltv_id="BBC Radio Devon 104.3FM">BBC Radio Devon 104.3FM</channel>
    <channel update="i" site="radiotimes.com" site_id="11530" xmltv_id="BBC Radio Devon 94.8FM">BBC Radio Devon 94.8FM</channel>
    <channel update="i" site="radiotimes.com" site_id="11444" xmltv_id="BBC Radio Devon 95.7FM">BBC Radio Devon 95.7FM</channel>
    <channel update="i" site="radiotimes.com" site_id="11529" xmltv_id="BBC Radio Devon 95.8FM">BBC Radio Devon 95.8FM</channel>
    <channel update="i" site="radiotimes.com" site_id="11531" xmltv_id="BBC Radio Devon 96FM">BBC Radio Devon 96FM</channel>
    <channel update="i" site="radiotimes.com" site_id="2294" xmltv_id="BBC Radio Devon MW">BBC Radio Devon MW</channel>
    <channel update="i" site="radiotimes.com" site_id="663" xmltv_id="BBC Radio Gloucestershire FM">BBC Radio Gloucestershire FM</channel>
    <channel update="i" site="radiotimes.com" site_id="11536" xmltv_id="BBC Radio Guernsey 93.2FM">BBC Radio Guernsey 93.2FM</channel>
    <channel update="i" site="radiotimes.com" site_id="2001" xmltv_id="BBC Radio Guernsey 99.9FM">BBC Radio Guernsey 99.9FM</channel>
    <channel update="i" site="radiotimes.com" site_id="770" xmltv_id="BBC Radio Humberside FM">BBC Radio Humberside FM</channel>
    <channel update="i" site="radiotimes.com" site_id="11282" xmltv_id="BBC Radio Humberside MW">BBC Radio Humberside MW</channel>
    <channel update="i" site="radiotimes.com" site_id="771" xmltv_id="BBC Radio Jersey FM">BBC Radio Jersey FM</channel>
    <channel update="i" site="radiotimes.com" site_id="772" xmltv_id="BBC Radio Kent FM">BBC Radio Kent FM</channel>
    <channel update="i" site="radiotimes.com" site_id="11481" xmltv_id="BBC Radio Kent MW">BBC Radio Kent MW</channel>
    <channel update="i" site="radiotimes.com" site_id="11421" xmltv_id="BBC Radio Lancashire 103.9FM">BBC Radio Lancashire 103.9FM</channel>
    <channel update="i" site="radiotimes.com" site_id="11419" xmltv_id="BBC Radio Lancashire 104.5FM">BBC Radio Lancashire 104.5FM</channel>
    <channel update="i" site="radiotimes.com" site_id="11276" xmltv_id="BBC Radio Lancashire 855MW">BBC Radio Lancashire 855MW</channel>
    <channel update="i" site="radiotimes.com" site_id="79" xmltv_id="BBC Radio Lancashire 95.5FM">BBC Radio Lancashire 95.5FM</channel>
    <channel update="i" site="radiotimes.com" site_id="67" xmltv_id="BBC Radio Leeds FM">BBC Radio Leeds FM</channel>
    <channel update="i" site="radiotimes.com" site_id="11483" xmltv_id="BBC Radio Leeds MW">BBC Radio Leeds MW</channel>
    <channel update="i" site="radiotimes.com" site_id="773" xmltv_id="BBC Radio Leicester FM">BBC Radio Leicester FM</channel>
    <channel update="i" site="radiotimes.com" site_id="401" xmltv_id="BBC Radio London">BBC Radio London</channel>
    <channel update="i" site="radiotimes.com" site_id="80" xmltv_id="BBC Radio Manchester FM">BBC Radio Manchester FM</channel>
    <channel update="i" site="radiotimes.com" site_id="81" xmltv_id="BBC Radio Merseyside FM">BBC Radio Merseyside FM</channel>
    <channel update="i" site="radiotimes.com" site_id="11472" xmltv_id="BBC Radio Merseyside MW">BBC Radio Merseyside MW</channel>
    <channel update="i" site="radiotimes.com" site_id="775" xmltv_id="BBC Radio Norfolk FM">BBC Radio Norfolk FM</channel>
    <channel update="i" site="radiotimes.com" site_id="776" xmltv_id="BBC Radio Northampton FM">BBC Radio Northampton FM</channel>
    <channel update="i" site="radiotimes.com" site_id="11131" xmltv_id="BBC Radio Nottingham">BBC Radio Nottingham</channel>
    <channel update="i" site="radiotimes.com" site_id="11269" xmltv_id="BBC Radio Nottingham 103.8FM">BBC Radio Nottingham 103.8FM</channel>
    <channel update="i" site="radiotimes.com" site_id="11130" xmltv_id="BBC Radio Nottingham 95.5FM">BBC Radio Nottingham 95.5FM</channel>
    <channel update="i" site="radiotimes.com" site_id="11042" xmltv_id="BBC Radio Nottingham MW">BBC Radio Nottingham MW</channel>
    <channel update="i" site="radiotimes.com" site_id="11526" xmltv_id="BBC Radio Orkney">BBC Radio Orkney</channel>
    <channel update="i" site="radiotimes.com" site_id="2516" xmltv_id="BBC Radio Orkney MW">BBC Radio Orkney MW</channel>
    <channel update="i" site="radiotimes.com" site_id="11520" xmltv_id="BBC Radio Scotland MW">BBC Radio Scotland MW</channel>
    <channel update="i" site="radiotimes.com" site_id="69" xmltv_id="BBC Radio Sheffield FM">BBC Radio Sheffield FM</channel>
    <channel update="i" site="radiotimes.com" site_id="11524" xmltv_id="BBC Radio Shetland">BBC Radio Shetland</channel>
    <channel update="i" site="radiotimes.com" site_id="2517" xmltv_id="BBC Radio Shetland MW">BBC Radio Shetland MW</channel>
    <channel update="i" site="radiotimes.com" site_id="778" xmltv_id="BBC Radio Shropshire FM">BBC Radio Shropshire FM</channel>
    <channel update="i" site="radiotimes.com" site_id="60" xmltv_id="BBC Radio Solent 103.8FM">BBC Radio Solent 103.8FM</channel>
    <channel update="i" site="radiotimes.com" site_id="11263" xmltv_id="BBC Radio Solent 96.1FM">BBC Radio Solent 96.1FM</channel>
    <channel update="i" site="radiotimes.com" site_id="779" xmltv_id="BBC Radio Stoke FM">BBC Radio Stoke FM</channel>
    <channel update="i" site="radiotimes.com" site_id="780" xmltv_id="BBC Radio Suffolk FM">BBC Radio Suffolk FM</channel>
    <channel update="i" site="radiotimes.com" site_id="2045" xmltv_id="BBC Radio York FM">BBC Radio York FM</channel>
    <channel update="i" site="radiotimes.com" site_id="61" xmltv_id="BBC Somerset FM">BBC Somerset FM</channel>
    <channel update="i" site="radiotimes.com" site_id="2133" xmltv_id="BBC Surrey">BBC Surrey</channel>
    <channel update="i" site="radiotimes.com" site_id="2003" xmltv_id="BBC Sussex">BBC Sussex</channel>
    <channel update="i" site="radiotimes.com" site_id="2046" xmltv_id="BBC Tees FM">BBC Tees FM</channel>
    <channel update="i" site="radiotimes.com" site_id="1341" xmltv_id="BBC Wiltshire MW">BBC Wiltshire MW</channel>
    <channel update="i" site="radiotimes.com" site_id="781" xmltv_id="BBC WM FM">BBC WM FM</channel>
    <channel update="i" site="radiotimes.com" site_id="2467" xmltv_id="BCB 106.6FM">BCB 106.6FM</channel>
    <channel update="i" site="radiotimes.com" site_id="2485" xmltv_id="Breeze 96.6">Breeze 96.6</channel>
    <channel update="i" site="radiotimes.com" site_id="2438" xmltv_id="Bright FM">Bright FM</channel>
    <channel update="i" site="radiotimes.com" site_id="2293" xmltv_id="C102 North Cork">C102 North Cork</channel>
    <channel update="i" site="radiotimes.com" site_id="2292" xmltv_id="C103 West Cork">C103 West Cork</channel>
    <channel update="i" site="radiotimes.com" site_id="11778" xmltv_id="Cannock Radio">Cannock Radio</channel>
    <channel update="i" site="radiotimes.com" site_id="2282" xmltv_id="CFM">CFM</channel>
    <channel update="i" site="radiotimes.com" site_id="2283" xmltv_id="Channel 103">Channel 103</channel>
    <channel update="i" site="radiotimes.com" site_id="2522" xmltv_id="Chill">Chill</channel>
    <channel update="i" site="radiotimes.com" site_id="2373" xmltv_id="Choice">Choice</channel>
    <channel update="i" site="radiotimes.com" site_id="2548" xmltv_id="City Talk 105.9">City Talk 105.9</channel>
    <channel update="i" site="radiotimes.com" site_id="2286" xmltv_id="Clare FM">Clare FM</channel>
    <channel update="i" site="radiotimes.com" site_id="2581" xmltv_id="Classic Hits 4FM ">Classic Hits 4FM </channel>
    <channel update="i" site="radiotimes.com" site_id="5" xmltv_id="Clyde 1">Clyde 1</channel>
    <channel update="i" site="radiotimes.com" site_id="143" xmltv_id="Clyde 2">Clyde 2</channel>
    <channel update="i" site="radiotimes.com" site_id="2484" xmltv_id="Coastline FM">Coastline FM</channel>
    <channel update="i" site="radiotimes.com" site_id="6" xmltv_id="Cool FM">Cool FM</channel>
    <channel update="i" site="radiotimes.com" site_id="2289" xmltv_id="Cork Campus Radio 98.3FM">Cork Campus Radio 98.3FM</channel>
    <channel update="i" site="radiotimes.com" site_id="1930" xmltv_id="Cork's 96FM">Cork's 96FM</channel>
    <channel update="i" site="radiotimes.com" site_id="2290" xmltv_id="CUH FM">CUH FM</channel>
    <channel update="i" site="radiotimes.com" site_id="7" xmltv_id="Downtown Radio">Downtown Radio</channel>
    <channel update="i" site="radiotimes.com" site_id="2431" xmltv_id="Fire Radio">Fire Radio</channel>
    <channel update="i" site="radiotimes.com" site_id="2299" xmltv_id="FM104">FM104</channel>
    <channel update="i" site="radiotimes.com" site_id="2510" xmltv_id="Forest FM">Forest FM</channel>
    <channel update="i" site="radiotimes.com" site_id="89" xmltv_id="Forth 1">Forth 1</channel>
    <channel update="i" site="radiotimes.com" site_id="161" xmltv_id="Forth 2">Forth 2</channel>
    <channel update="i" site="radiotimes.com" site_id="1925" xmltv_id="Free Radio Birmingham">Free Radio Birmingham</channel>
    <channel update="i" site="radiotimes.com" site_id="2319" xmltv_id="Free Radio Coventry &amp; Warwickshire">Free Radio Coventry &amp; Warwickshire</channel>
    <channel update="i" site="radiotimes.com" site_id="2374" xmltv_id="Free Radio Hereford &amp; Worcestershire">Free Radio Hereford &amp; Worcestershire</channel>
    <channel update="i" site="radiotimes.com" site_id="2406" xmltv_id="Free Radio Shropshire &amp; Black Country 103.1">Free Radio Shropshire &amp; Black Country 103.1</channel>
    <channel update="i" site="radiotimes.com" site_id="11408" xmltv_id="Free Radio Shropshire &amp; Black Country 97.2">Free Radio Shropshire &amp; Black Country 97.2</channel>
    <channel update="i" site="radiotimes.com" site_id="2536" xmltv_id="future radio">future radio</channel>
    <channel update="i" site="radiotimes.com" site_id="2434" xmltv_id="Gem 106">Gem 106</channel>
    <channel update="i" site="radiotimes.com" site_id="73" xmltv_id="Gold">Gold</channel>
    <channel update="i" site="radiotimes.com" site_id="2379" xmltv_id="Hallam FM">Hallam FM</channel>
    <channel update="i" site="radiotimes.com" site_id="2474" xmltv_id="Heart Kent">Heart Kent</channel>
    <channel update="i" site="radiotimes.com" site_id="2280" xmltv_id="Heart North East">Heart North East</channel>
    <channel update="i" site="radiotimes.com" site_id="11677" xmltv_id="Heart North Wales">Heart North Wales</channel>
    <channel update="i" site="radiotimes.com" site_id="2400" xmltv_id="Heart North West">Heart North West</channel>
    <channel update="i" site="radiotimes.com" site_id="245" xmltv_id="Heart Scotland">Heart Scotland</channel>
    <channel update="i" site="radiotimes.com" site_id="1937" xmltv_id="Heart South Wales">Heart South Wales</channel>
    <channel update="i" site="radiotimes.com" site_id="1121" xmltv_id="Heart West Midlands">Heart West Midlands</channel>
    <channel update="i" site="radiotimes.com" site_id="2576" xmltv_id="Heart Wiltshire">Heart Wiltshire</channel>
    <channel update="i" site="radiotimes.com" site_id="2448" xmltv_id="Heart Yorkshire">Heart Yorkshire</channel>
    <channel update="i" site="radiotimes.com" site_id="2443" xmltv_id="Heartland FM">Heartland FM</channel>
    <channel update="i" site="radiotimes.com" site_id="11232" xmltv_id="Heat">Heat</channel>
    <channel update="i" site="radiotimes.com" site_id="2532" xmltv_id="Hope FM">Hope FM</channel>
    <channel update="i" site="radiotimes.com" site_id="11270" xmltv_id="Hot Radio">Hot Radio</channel>
    <channel update="i" site="radiotimes.com" site_id="2535" xmltv_id="Ipswich Community Radio">Ipswich Community Radio</channel>
    <channel update="i" site="radiotimes.com" site_id="2397" xmltv_id="Island FM">Island FM</channel>
    <channel update="i" site="radiotimes.com" site_id="2310" xmltv_id="Isle of Wight Radio">Isle of Wight Radio</channel>
    <channel update="i" site="radiotimes.com" site_id="189" xmltv_id="Jazz FM">Jazz FM</channel>
    <channel update="i" site="radiotimes.com" site_id="2357" xmltv_id="Juice 107.2">Juice 107.2</channel>
    <channel update="i" site="radiotimes.com" site_id="2392" xmltv_id="Key 103">Key 103</channel>
    <channel update="i" site="radiotimes.com" site_id="2395" xmltv_id="Key 2">Key 2</channel>
    <channel update="i" site="radiotimes.com" site_id="193" xmltv_id="Kingdom FM">Kingdom FM</channel>
    <channel update="i" site="radiotimes.com" site_id="2166" xmltv_id="Kiss 101">Kiss 101</channel>
    <channel update="i" site="radiotimes.com" site_id="2365" xmltv_id="Kiss 105-108">Kiss 105-108</channel>
    <channel update="i" site="radiotimes.com" site_id="2312" xmltv_id="KLFM 96.7">KLFM 96.7</channel>
    <channel update="i" site="radiotimes.com" site_id="1701" xmltv_id="LBC London">LBC London</channel>
    <channel update="i" site="radiotimes.com" site_id="2416" xmltv_id="LBC London News">LBC London News</channel>
    <channel update="i" site="radiotimes.com" site_id="2556" xmltv_id="Life FM">Life FM</channel>
    <channel update="i" site="radiotimes.com" site_id="2396" xmltv_id="Lincs FM">Lincs FM</channel>
    <channel update="i" site="radiotimes.com" site_id="2410" xmltv_id="Live 95FM">Live 95FM</channel>
    <channel update="i" site="radiotimes.com" site_id="207" xmltv_id="Magic 105.4">Magic 105.4</channel>
    <channel update="i" site="radiotimes.com" site_id="2417" xmltv_id="Metro 2 Radio">Metro 2 Radio</channel>
    <channel update="i" site="radiotimes.com" site_id="2321" xmltv_id="Metro Radio">Metro Radio</channel>
    <channel update="i" site="radiotimes.com" site_id="2627" xmltv_id="MFR FM">MFR FM</channel>
    <channel update="i" site="radiotimes.com" site_id="2322" xmltv_id="Minster FM">Minster FM</channel>
    <channel update="i" site="radiotimes.com" site_id="2579" xmltv_id="Newport City Radio">Newport City Radio</channel>
    <channel update="i" site="radiotimes.com" site_id="2477" xmltv_id="Newstalk 106-108 FM">Newstalk 106-108 FM</channel>
    <channel update="i" site="radiotimes.com" site_id="2466" xmltv_id="North Norfolk Radio">North Norfolk Radio</channel>
    <channel update="i" site="radiotimes.com" site_id="2325" xmltv_id="Northsound 1">Northsound 1</channel>
    <channel update="i" site="radiotimes.com" site_id="2326" xmltv_id="Northsound 2">Northsound 2</channel>
    <channel update="i" site="radiotimes.com" site_id="2509" xmltv_id="Norwich 99.9">Norwich 99.9</channel>
    <channel update="i" site="radiotimes.com" site_id="2441" xmltv_id="Nova Radio">Nova Radio</channel>
    <channel update="i" site="radiotimes.com" site_id="2488" xmltv_id="Onda Cero Marbella">Onda Cero Marbella</channel>
    <channel update="i" site="radiotimes.com" site_id="1866" xmltv_id="Premier Christian Radio">Premier Christian Radio</channel>
    <channel update="i" site="radiotimes.com" site_id="235" xmltv_id="Pulse 1">Pulse 1</channel>
    <channel update="i" site="radiotimes.com" site_id="2386" xmltv_id="Pulse 2">Pulse 2</channel>
    <channel update="i" site="radiotimes.com" site_id="20" xmltv_id="Q">Q</channel>
    <channel update="i" site="radiotimes.com" site_id="1934" xmltv_id="Q102">Q102</channel>
    <channel update="i" site="radiotimes.com" site_id="381" xmltv_id="Radio Aire">Radio Aire</channel>
    <channel update="i" site="radiotimes.com" site_id="2414" xmltv_id="Radio Aire 2">Radio Aire 2</channel>
    <channel update="i" site="radiotimes.com" site_id="2482" xmltv_id="Radio Altea">Radio Altea</channel>
    <channel update="i" site="radiotimes.com" site_id="162" xmltv_id="Radio Borders">Radio Borders</channel>
    <channel update="i" site="radiotimes.com" site_id="2281" xmltv_id="Radio Ceredigion">Radio Ceredigion</channel>
    <channel update="i" site="radiotimes.com" site_id="15" xmltv_id="Radio City">Radio City</channel>
    <channel update="i" site="radiotimes.com" site_id="11505" xmltv_id="Radio Kerry MW">Radio Kerry MW</channel>
    <channel update="i" site="radiotimes.com" site_id="2493" xmltv_id="Radio Wave 96.5">Radio Wave 96.5</channel>
    <channel update="i" site="radiotimes.com" site_id="2340" xmltv_id="Radio XL">Radio XL</channel>
    <channel update="i" site="radiotimes.com" site_id="2475" xmltv_id="RedFM 104/106">RedFM 104/106</channel>
    <channel update="i" site="radiotimes.com" site_id="2463" xmltv_id="Riviera Radio">Riviera Radio</channel>
    <channel update="i" site="radiotimes.com" site_id="2317" xmltv_id="Rock 2">Rock 2</channel>
    <channel update="i" site="radiotimes.com" site_id="17" xmltv_id="Rock FM">Rock FM</channel>
    <channel update="i" site="radiotimes.com" site_id="2402" xmltv_id="RTÉ 2FM">RTÉ 2FM</channel>
    <channel update="i" site="radiotimes.com" site_id="11426" xmltv_id="RTÉ Gold">RTÉ Gold</channel>
    <channel update="i" site="radiotimes.com" site_id="11512" xmltv_id="RTÉ Junior">RTÉ Junior</channel>
    <channel update="i" site="radiotimes.com" site_id="200" xmltv_id="RTÉ lyric fm">RTÉ lyric fm</channel>
    <channel update="i" site="radiotimes.com" site_id="87" xmltv_id="RTÉ Radio 1 FM">RTÉ Radio 1 FM</channel>
    <channel update="i" site="radiotimes.com" site_id="2060" xmltv_id="RTÉ Radio 1 LW">RTÉ Radio 1 LW</channel>
    <channel update="i" site="radiotimes.com" site_id="2401" xmltv_id="RTÉ Raidió na Gaeltachta">RTÉ Raidió na Gaeltachta</channel>
    <channel update="i" site="radiotimes.com" site_id="2580" xmltv_id="Sam FM">Sam FM</channel>
    <channel update="i" site="radiotimes.com" site_id="2391" xmltv_id="Signal 1 96.9FM">Signal 1 96.9FM</channel>
    <channel update="i" site="radiotimes.com" site_id="2385" xmltv_id="Signal 107">Signal 107</channel>
    <channel update="i" site="radiotimes.com" site_id="2351" xmltv_id="Sovereign FM">Sovereign FM</channel>
    <channel update="i" site="radiotimes.com" site_id="2465" xmltv_id="Spectrum Radio FM">Spectrum Radio FM</channel>
    <channel update="i" site="radiotimes.com" site_id="2451" xmltv_id="Spin 1038">Spin 1038</channel>
    <channel update="i" site="radiotimes.com" site_id="2462" xmltv_id="Spirit FM">Spirit FM</channel>
    <channel update="i" site="radiotimes.com" site_id="2458" xmltv_id="Splash FM">Splash FM</channel>
    <channel update="i" site="radiotimes.com" site_id="2267" xmltv_id="Star Radio">Star Radio</channel>
    <channel update="i" site="radiotimes.com" site_id="2356" xmltv_id="Sunshine 855">Sunshine 855</channel>
    <channel update="i" site="radiotimes.com" site_id="2382" xmltv_id="Swansea Sound">Swansea Sound</channel>
    <channel update="i" site="radiotimes.com" site_id="11244" xmltv_id="talkSPORT DAB">talkSPORT DAB</channel>
    <channel update="i" site="radiotimes.com" site_id="163" xmltv_id="Tay 2">Tay 2</channel>
    <channel update="i" site="radiotimes.com" site_id="196" xmltv_id="Tay FM">Tay FM</channel>
    <channel update="i" site="radiotimes.com" site_id="2359" xmltv_id="TFM">TFM</channel>
    <channel update="i" site="radiotimes.com" site_id="2412" xmltv_id="TFM 2">TFM 2</channel>
    <channel update="i" site="radiotimes.com" site_id="2272" xmltv_id="The Beach">The Beach</channel>
    <channel update="i" site="radiotimes.com" site_id="2489" xmltv_id="The Bee">The Bee</channel>
    <channel update="i" site="radiotimes.com" site_id="1806" xmltv_id="The Hits">The Hits</channel>
    <channel update="i" site="radiotimes.com" site_id="2387" xmltv_id="The Wave">The Wave</channel>
    <channel update="i" site="radiotimes.com" site_id="761" xmltv_id="Three Counties 90.4/92.1/103.8FM">Three Counties 90.4/92.1/103.8FM</channel>
    <channel update="i" site="radiotimes.com" site_id="11404" xmltv_id="Three Counties 95.5FM">Three Counties 95.5FM</channel>
    <channel update="i" site="radiotimes.com" site_id="2361" xmltv_id="Tipp FM">Tipp FM</channel>
    <channel update="i" site="radiotimes.com" site_id="284" xmltv_id="Today FM">Today FM</channel>
    <channel update="i" site="radiotimes.com" site_id="2362" xmltv_id="Tower FM">Tower FM</channel>
    <channel update="i" site="radiotimes.com" site_id="2512" xmltv_id="Town 102">Town 102</channel>
    <channel update="i" site="radiotimes.com" site_id="2494" xmltv_id="U105">U105</channel>
    <channel update="i" site="radiotimes.com" site_id="2366" xmltv_id="Viking FM">Viking FM</channel>
    <channel update="i" site="radiotimes.com" site_id="2418" xmltv_id="Wave 102">Wave 102</channel>
    <channel update="i" site="radiotimes.com" site_id="2368" xmltv_id="Wave 105">Wave 105</channel>
    <channel update="i" site="radiotimes.com" site_id="2538" xmltv_id="WCR FM">WCR FM</channel>
    <channel update="i" site="radiotimes.com" site_id="2370" xmltv_id="Wessex FM">Wessex FM</channel>
    <channel update="i" site="radiotimes.com" site_id="241" xmltv_id="West Sound 1035AM">West Sound 1035AM</channel>
    <channel update="i" site="radiotimes.com" site_id="2371" xmltv_id="West Sound FM">West Sound FM</channel>
    <channel update="i" site="radiotimes.com" site_id="2367" xmltv_id="WLR FM">WLR FM</channel>
  </channels>
</site>