<?xml version="1.0" encoding="UTF-8"?>
<window type="dialog" id="3001">
    <defaultcontrol always="true">3</defaultcontrol>
    <onunload condition="!String.IsEmpty(Window(skinsettings).property(Guide.Custom))">ClearProperty(Guide.Custom,skinsettings)</onunload>
    <controls>
        <control type="group">
            <include>KeyboardAnimations</include>
            <visible>!Window.IsVisible(3003)</visible>

            <control type="label">
                <description>Heading</description>
                <posx>473</posx>
                <posy>218</posy>
                <width>974</width>
                <font>Font-Condensed-S34</font>
                <label>$INFO[Window(skinsettings).property(Dialog)]</label>
                <textcolor>ddwhite</textcolor>
                <align>center</align>
            </control>

            <control type="image">
                <posx>920</posx>
                <posy>246</posy>
                <width>80</width>
                <height>60</height>
                <texture>dialogs/default/arrow.png</texture>
            </control>
            <control type="image">
                <posx>604</posx>
                <posy>266</posy>
                <width>712</width>
                <height>548</height>
                <texture border="39">dialogs/default/bg.png</texture>
            </control>
            <control type="image">
                <posx>638</posx>
                <posy>300</posy>
                <width>644</width>
                <height>481</height>
                <texture border="5">dialogs/default/inner.png</texture>
            </control>

            <control type="grouplist" id="3">
                <include>SettingsDialogGrouplistVars</include>
                <visible>String.IsEqual(Window(skinsettings).property(Dialog),$LOCALIZE[31131])</visible>
                <control type="radiobutton" id="2101">
                    <width>1210</width>
                    <include>SettingsDialogRadioButtonVars</include>
                    <selected>!Skin.HasSetting(HomeTV)</selected>
                    <onclick>Skin.ToggleSetting(HomeTV)</onclick>
                    <onclick>SetProperty(CategoryChanged,1,Home)</onclick>
                    <label>$LOCALIZE[19020]</label>
                </control>
                <control type="radiobutton" id="2102">
                    <width>1210</width>
                    <include>SettingsDialogRadioButtonVars</include>
                    <selected>!Skin.HasSetting(HomeMovies)</selected>
                    <onclick>Skin.ToggleSetting(HomeMovies)</onclick>
                    <onclick>SetProperty(CategoryChanged,1,Home)</onclick>
                    <label>$LOCALIZE[342]</label>
                </control>
                <control type="radiobutton" id="2103">
                    <width>1210</width>
                    <include>SettingsDialogRadioButtonVars</include>
                    <selected>!Skin.HasSetting(HomeTVShows)</selected>
                    <onclick>Skin.ToggleSetting(HomeTVShows)</onclick>
                    <onclick>SetProperty(CategoryChanged,1,Home)</onclick>
                    <label>$LOCALIZE[31446]</label>
                </control>
                <control type="radiobutton" id="2104">
                    <width>1210</width>
                    <include>SettingsDialogRadioButtonVars</include>
                    <selected>!Skin.HasSetting(HomeMusic)</selected>
                    <onclick>Skin.ToggleSetting(HomeMusic)</onclick>
                    <onclick>SetProperty(CategoryChanged,1,Home)</onclick>
                    <label>$LOCALIZE[2]</label>
                </control>
                <control type="radiobutton" id="2105">
                    <width>1210</width>
                    <include>SettingsDialogRadioButtonVars</include>
                    <selected>!Skin.HasSetting(HomePictures)</selected>
                    <onclick>Skin.ToggleSetting(HomePictures)</onclick>
                    <onclick>SetProperty(CategoryChanged,1,Home)</onclick>
                    <label>$LOCALIZE[1]</label>
                </control>                
                <control type="radiobutton" id="2106">
                    <width>1210</width>
                    <include>SettingsDialogRadioButtonVars</include>
                    <selected>!Skin.HasSetting(HomePrograms)</selected>
                    <onclick>Skin.ToggleSetting(HomePrograms)</onclick>
                    <onclick>SetProperty(CategoryChanged,1,Home)</onclick>
                    <label>$LOCALIZE[31504]</label>
                </control>
                <control type="radiobutton" id="2107">
                    <width>1210</width>
                    <include>SettingsDialogRadioButtonVars</include>
                    <selected>!Skin.HasSetting(HomeWeather)</selected>
                    <onclick>Skin.ToggleSetting(HomeWeather)</onclick>
                    <onclick>SetProperty(CategoryChanged,1,Home)</onclick>
                    <label>$LOCALIZE[8]</label>
                </control>				
            </control>

            <!-- Home Tile Colours -->
            <control type="grouplist" id="3">
                <include>SettingsDialogGrouplistVars</include>
                <visible>String.IsEqual(Window(skinsettings).property(Dialog),$LOCALIZE[31989])</visible>
                <control type="radiobutton" id="2201">
                    <width>1210</width>
                    <include>SettingsDialogRadioButtonVars</include>
                    <selected>Skin.HasSetting(HomeHomeTiles)</selected>
                    <onclick>Skin.ToggleSetting(HomeHomeTiles)</onclick>
                    <label>$LOCALIZE[31978]</label>
                </control>				
                <control type="radiobutton" id="2202">
                    <width>1210</width>
                    <include>SettingsDialogRadioButtonVars</include>
                    <selected>Skin.HasSetting(HomeMoviesTiles)</selected>
                    <onclick>Skin.ToggleSetting(HomeMoviesTiles)</onclick>
                    <label>$LOCALIZE[31979]</label>
                    <enable>!Skin.HasSetting(HomeMovies)</enable>
                </control>
                <control type="radiobutton" id="2203">
                    <width>1210</width>
                    <include>SettingsDialogRadioButtonVars</include>
                    <selected>Skin.HasSetting(HomeTVShowsTiles)</selected>
                    <onclick>Skin.ToggleSetting(HomeTVShowsTiles)</onclick>
                    <label>$LOCALIZE[31980]</label>
                    <enable>!Skin.HasSetting(HomeTVShows)</enable>
                </control>
                <control type="radiobutton" id="2204">
                    <width>1210</width>
                    <include>SettingsDialogRadioButtonVars</include>
                    <selected>Skin.HasSetting(HomePicturesTiles)</selected>
                    <onclick>Skin.ToggleSetting(HomePicturesTiles)</onclick>
                    <label>$LOCALIZE[31039]</label>
                    <enable>!Skin.HasSetting(HomePictures)</enable>
                </control>                
                <control type="radiobutton" id="2205">
                    <width>1210</width>
                    <include>SettingsDialogRadioButtonVars</include>
                    <selected>Skin.HasSetting(HomeMusicTiles)</selected>
                    <onclick>Skin.ToggleSetting(HomeMusicTiles)</onclick>
                    <label>$LOCALIZE[31981]</label>
                    <enable>!Skin.HasSetting(HomeMusic)</enable>
                </control>
            </control>

            <control type="grouplist" id="3">
                <include>SettingsDialogGrouplistVars</include>
                <visible>!String.IsEmpty(Window(skinsettings).property(Guide.Custom))</visible>
                <control type="button" id="2400">
                    <visible>!Skin.HasSetting(CustomHomePanel1) + !Skin.HasSetting(CustomHomePanel2) + !Skin.HasSetting(CustomHomePanel3) + !Skin.HasSetting(CustomHomePanel4) + !Skin.HasSetting(CustomHomePanel5) + !Skin.HasSetting(CustomHomePanel6)</visible>
                    <onfocus>SetFocus(10)</onfocus>
                </control>
                <control type="button" id="2401">
                    <width>1210</width>
                    <include>SettingsDialogRadioButtonVars</include>
                    <onclick>Skin.SetString($INFO[Window(skinsettings).Property(Guide.Custom),Guide.Custom,.Path],$ESCINFO[Skin.String(CustomHomePanel1.Path)])</onclick>
                    <onclick>Skin.SetString($INFO[Window(skinsettings).Property(Guide.Custom),Guide.Custom,.Label],$INFO[Skin.String(CustomHomePanel1.Label)])</onclick>
                    <onclick>Skin.SetString($INFO[Window(skinsettings).Property(Guide.Custom),Guide.Custom,.Type],$INFO[Skin.String(CustomHomePanel1.Type)])</onclick>
                    <onclick>Action(close)</onclick>
                    <label>$INFO[Skin.String(CustomHomePanel1.Label)]</label>
                    <visible>Skin.HasSetting(CustomHomePanel1)</visible>
                </control>
                <control type="button" id="2402">
                    <width>1210</width>
                    <include>SettingsDialogRadioButtonVars</include>
                    <onclick>Skin.SetString($INFO[Window(skinsettings).Property(Guide.Custom),Guide.Custom,.Path],$ESCINFO[Skin.String(CustomHomePanel2.Path)])</onclick>
                    <onclick>Skin.SetString($INFO[Window(skinsettings).Property(Guide.Custom),Guide.Custom,.Label],$INFO[Skin.String(CustomHomePanel2.Label)])</onclick>
                    <onclick>Skin.SetString($INFO[Window(skinsettings).Property(Guide.Custom),Guide.Custom,.Type],$INFO[Skin.String(CustomHomePanel2.Type)])</onclick>
                    <onclick>Action(close)</onclick>
                    <label>$INFO[Skin.String(CustomHomePanel2.Label)]</label>
                    <visible>Skin.HasSetting(CustomHomePanel2)</visible>
                </control>
                <control type="button" id="2403">
                    <width>1210</width>
                    <include>SettingsDialogRadioButtonVars</include>
                    <onclick>Skin.SetString($INFO[Window(skinsettings).Property(Guide.Custom),Guide.Custom,.Path],$ESCINFO[Skin.String(CustomHomePanel3.Path)])</onclick>
                    <onclick>Skin.SetString($INFO[Window(skinsettings).Property(Guide.Custom),Guide.Custom,.Label],$INFO[Skin.String(CustomHomePanel3.Label)])</onclick>
                    <onclick>Skin.SetString($INFO[Window(skinsettings).Property(Guide.Custom),Guide.Custom,.Type],$INFO[Skin.String(CustomHomePanel3.Type)])</onclick>
                    <onclick>Action(close)</onclick>
                    <label>$INFO[Skin.String(CustomHomePanel3.Label)]</label>
                    <visible>Skin.HasSetting(CustomHomePanel3)</visible>
                </control>
                <control type="button" id="2404">
                    <width>1210</width>
                    <include>SettingsDialogRadioButtonVars</include>
                    <onclick>Skin.SetString($INFO[Window(skinsettings).Property(Guide.Custom),Guide.Custom,.Path],$ESCINFO[Skin.String(CustomHomePanel4.Path)])</onclick>
                    <onclick>Skin.SetString($INFO[Window(skinsettings).Property(Guide.Custom),Guide.Custom,.Label],$INFO[Skin.String(CustomHomePanel4.Label)])</onclick>
                    <onclick>Skin.SetString($INFO[Window(skinsettings).Property(Guide.Custom),Guide.Custom,.Type],$INFO[Skin.String(CustomHomePanel4.Type)])</onclick>
                    <onclick>Action(close)</onclick>
                    <label>$INFO[Skin.String(CustomHomePanel4.Label)]</label>
                    <visible>Skin.HasSetting(CustomHomePanel4)</visible>
                </control>
            </control>

            <control type="scrollbar" id="61">
                <posx>1269</posx>
                <posy>303</posy>
                <width>11</width>
                <height>474</height>
                <texturesliderbackground></texturesliderbackground>
                <texturesliderbar border="0,6,0,6">dialogs/default/scrollbar.png</texturesliderbar>
                <texturesliderbarfocus border="0,6,0,6">dialogs/default/scrollbar.png</texturesliderbarfocus>
                <textureslidernib></textureslidernib>
                <textureslidernibfocus></textureslidernibfocus>
                <onleft>3</onleft>
                <onright>5</onright>
                <showonepage>false</showonepage>
                <orientation>vertical</orientation>
                <animation effect="fade" start="75" end="0" time="300" tween="sine" easing="inout" condition="!Control.HasFocus(61)">Conditional</animation>
            </control>

            <control type="group" id="10">
                <posx>626</posx>
                <posy>776</posy>
                <control type="button" id="5">
                    <description>Close</description>
                    <texturefocus>buttons/cancel-fo.png</texturefocus>
                    <texturenofocus>buttons/cancel-nf.png</texturenofocus>
                    <include>DialogButtonDimensions</include>
                    <onleft>6</onleft>
                    <onright>6</onright>
                    <onup>3</onup>
                    <ondown>3</ondown>
                    <label>$LOCALIZE[31923]</label>
                    <onclick>PreviousMenu</onclick>
                </control>
                <control type="button" id="6">
                    <posx>200</posx>
                    <description>Edit</description>
                    <texturefocus>buttons/options-fo.png</texturefocus>
                    <texturenofocus>buttons/options-nf.png</texturenofocus>
                    <include>DialogButtonDimensions</include>
                    <onleft>5</onleft>
                    <onright>5</onright>
                    <onup>3</onup>
                    <ondown>3</ondown>
                    <label>$LOCALIZE[21435]</label>
                    <onclick>SetProperty(CustomDialog,1,3003)</onclick>
                    <onclick>SetProperty(Dialog,$LOCALIZE[31136])</onclick>
                    <onclick>ActivateWindow(3003)</onclick>
                    <visible>String.IsEqual(Window(skinsettings).property(Dialog),$LOCALIZE[31272]) | String.IsEqual(Window(skinsettings).property(Dialog),$LOCALIZE[31273]) | String.IsEqual(Window(skinsettings).property(Dialog),$LOCALIZE[31274]) | String.IsEqual(Window(skinsettings).property(Dialog),$LOCALIZE[31275])</visible>
                </control>
            </control>
        </control>
    </controls>
</window>