<?xml version="1.0" encoding="UTF-8"?>
<window id="600">
    <defaultcontrol always="true">50</defaultcontrol>
    <menucontrol>101</menucontrol>
    <views>10</views>
    <controls>
        <include>CommonPVRItems</include>
        <include>PVRHeader</include>
        
        <control type="group">
            <visible>!Window.IsActive(DialogPVRInfo.xml)</visible>
            <include>CommonViewAnimations</include>
            <posx>0</posx>
            <animation type="WindowClose">
                <effect type="fade" start="100" end="0" time="300" tween="sine" easing="out" />
                <effect type="zoom" start="100" end="85" time="300" center="960,600" tween="sine" easing="out" />
            </animation>
            <control type="group" id="50">
                <control type="group" id="110">
                    <description>TV Guide Timeline</description>
                    <include>OptionsShutdownAnimation</include>
                    <animation effect="slide" start="0" end="478" time="400" tween="sine" easing="inout" condition="ControlGroup(9001).HasFocus">Conditional</animation>
                    <include>ListEndAnimation</include>
                    <control type="group">
                        <visible>Control.IsVisible(10) + !Window.IsActive(favourites)</visible>
                        <animation type="WindowOpen" condition="!Control.IsVisible(9001)">
                            <effect type="slide" start="200" end="0" tween="cubic" easing="out" time="650" />
                            <effect type="fade" start="0" end="100" tween="sine" easing="inout" time="300" />
                            <effect type="zoom" start="90" end="100" center="1027,438" tween="cubic" easing="out" time="400" />
                        </animation>
                        <animation type="WindowOpen" condition="Control.IsVisible(9001)">
                            <effect type="slide" start="200" end="0" tween="cubic" easing="out" time="545" delay="105" />
                            <effect type="fade" start="0" end="100" tween="sine" easing="inout" time="300" delay="105" />
                            <effect type="zoom" start="90" end="100" center="1027,438" tween="cubic" easing="out" time="400" delay="105" />
                        </animation>
                        <include>PVRVisibleHiddenAnimation</include>
                        <control type="image">
                            <description>Shadow</description>
                            <posx>0</posx>
                            <posy>883</posy>
                            <width>2020</width>
                            <height>150</height>
                            <texture>windows/home/item-shadow.png</texture>
                        </control>
                        <include content="PVRLoadingInfo" />
                        <control type="group">
                            <visible>Integer.IsGreater(Container.NumItems,0)</visible>
                            <control type="image">
                                <posx>98</posx>
                                <posy>215</posy>
                                <width>504</width>
                                <height>564</height>
                                <texture border="4">views/list/panel/panel.png</texture>
                            </control>
                            <control type="image">
                                <posx>602</posx>
                                <posy>215</posy>
                                <width>1818</width>
                                <height>564</height>
                                <texture border="4">views/list/panel/panel.png</texture>
                            </control>
                            <control type="epggrid" id="10">
                                <description>EPG Grid</description>
                                <viewtype label="19032">list</viewtype>
                                <posx>100</posx>
                                <posy>178</posy>
                                <width>1818</width>
                                <height>600</height>
                                <pagecontrol>10</pagecontrol>
                                <scrolltime>250</scrolltime>
                                <timeblocks>40</timeblocks>
                                <progresstexture border="0,40,9,0">views/pvr/progress-indicator.png</progresstexture>
                                <rulerunit>6</rulerunit>
                                <onleft>101</onleft>
                                <onright>101</onright>
                                <onup>10</onup>
                                <ondown>10</ondown>
                                <rulerlayout height="40" width="40">
                                    <control type="label" id="2">
                                        <posx>10</posx>
                                        <posy>1</posy>
                                        <width>10</width>
                                        <height>30</height>
                                        <font>Font-Condensed-S30-B</font>
                                        <textcolor>99FFFFFF</textcolor>
                                        <selectedcolor>SelectedColor</selectedcolor>
                                        <shadowcolor>55000000</shadowcolor>
                                        <align>left</align>
                                        <aligny>center</aligny>
                                        <label>$INFO[ListItem.Label]</label>
                                    </control>
                                </rulerlayout>
                                <channellayout height="80" width="505">
                                    <control type="image">
                                        <posx>0</posx>
                                        <posy>0</posy>
                                        <width>500</width>
                                        <height>81</height>
                                        <texture border="90,3,90,3">views/list/other/separator.png</texture>
                                    </control>
                                    <control type="image">
                                        <posx>0</posx>
                                        <posy>1</posy>
                                        <width>500</width>
                                        <height>79</height>
                                        <texture>views/other/selected.png</texture>
                                        <colordiffuse>07FFFFFF</colordiffuse>
                                        <aspectratio aligny="top">center</aspectratio>
                                        <visible>ListItem.IsSelected | ListItem.IsPlaying</visible>
                                    </control>
                                    <control type="image">
                                        <posx>20</posx>
                                        <posy>5</posy>
                                        <width>70</width>
                                        <height>70</height>
                                        <texture background="true" fallback="windows/pvr/defaultchannel.png">$VAR[PvrListIcon]</texture>
                                        <aspectratio>keep</aspectratio>
                                    </control>
                                    <control type="label">
                                        <description>Label</description>
                                        <posx>105</posx>
                                        <posy>0</posy>
                                        <width>305</width>
                                        <height>80</height>
                                        <font>Font-Condensed-S34-B</font>
                                        <align>left</align>
                                        <label>$INFO[ListItem.ChannelName]</label>
                                        <textcolor>99FFFFFF</textcolor>
                                        <selectedcolor>SelectedColor</selectedcolor>
                                        <scroll>false</scroll>
                                    </control>
                                    <control type="label">
                                        <description>ChannelNumber</description>
                                        <posx>405</posx>
                                        <posy>0</posy>
                                        <width>75</width>
                                        <height>80</height>
                                        <font>Font-Condensed-S49</font>
                                        <align>right</align>
                                        <label>$INFO[ListItem.ChannelNumberLabel]</label>
                                        <textcolor>22FFFFFF</textcolor>
                                        <selectedcolor>SelectedColor</selectedcolor>
                                        <scroll>false</scroll>
                                    </control>
                                </channellayout>
                                <focusedchannellayout height="80" width="505">
                                    <control type="image">
                                        <posx>0</posx>
                                        <posy>0</posy>
                                        <width>500</width>
                                        <height>81</height>
                                        <texture border="90,3,90,3">views/list/other/separator.png</texture>
                                    </control>
                                    <control type="image">
                                        <posx>0</posx>
                                        <posy>1</posy>
                                        <width>500</width>
                                        <height>79</height>
                                        <texture>views/other/selected.png</texture>
                                        <colordiffuse>07FFFFFF</colordiffuse>
                                        <aspectratio aligny="top">center</aspectratio>
                                        <visible>ListItem.IsSelected | ListItem.IsPlaying</visible>
                                    </control>
                                    <control type="image">
                                        <posx>0</posx>
                                        <posy>0</posy>
                                        <width>500</width>
                                        <height>79</height>
                                        <texture border="150,1,150,1">views/other/focus.png</texture>
                                        <include>visiblehidefadeinfo</include>
                                        <visible>Control.HasFocus(10)</visible>
                                    </control>
                                    <control type="image">
                                        <posx>20</posx>
                                        <posy>5</posy>
                                        <width>70</width>
                                        <height>70</height>
                                        <texture background="true" fallback="windows/pvr/defaultchannel.png">$VAR[PvrListIcon]</texture>
                                        <aspectratio>keep</aspectratio>
                                    </control>
                                    <control type="label">
                                        <description>Label</description>
                                        <posx>105</posx>
                                        <posy>0</posy>
                                        <width>305</width>
                                        <height>80</height>
                                        <font>Font-Condensed-S34-B</font>
                                        <align>left</align>
                                        <label>$INFO[ListItem.ChannelName]</label>
                                        <textcolor>eewhite</textcolor>
                                        <selectedcolor>SelectedColor</selectedcolor>
                                        <scroll>false</scroll>
                                        <animation effect="fade" start="100" end="64" time="300" tween="sine" easing="inout" condition="!Control.HasFocus(10) + ![ListItem.IsSelected | ListItem.IsPlaying]">Conditional</animation>
                                    </control>
                                    <control type="label">
                                        <description>ChannelNumber</description>
                                        <posx>405</posx>
                                        <posy>0</posy>
                                        <width>75</width>
                                        <height>80</height>
                                        <font>Font-Condensed-S49</font>
                                        <align>right</align>
                                        <label>$INFO[ListItem.ChannelNumberLabel]</label>
                                        <textcolor>22FFFFFF</textcolor>
                                        <selectedcolor>SelectedColor</selectedcolor>
                                        <scroll>false</scroll>
                                        <animation effect="fade" start="100" end="64" time="300" tween="sine" easing="inout" condition="!Control.HasFocus(10) + ![ListItem.IsSelected | ListItem.IsPlaying]">Conditional</animation>
                                    </control>
                                </focusedchannellayout>
                                <itemlayout height="80" width="100">
                                    <control type="image" id="2">
                                        <posx>2</posx>
                                        <posy>0</posy>
                                        <width>98</width>
                                        <height>80</height>
                                        <aspectratio>stretch</aspectratio>
                                        <texture border="12">windows/pvr/epg-back.png</texture>
                                        <visible>!Skin.HasSetting(EPGGenreColors.Enabled)</visible>
                                    </control>
                                    <control type="image" id="2">
                                        <posx>2</posx>
                                        <posy>0</posy>
                                        <width>98</width>
                                        <height>80</height>
                                        <aspectratio>stretch</aspectratio>
                                        <texture border="12" fallback="windows/pvr/genres/0.png">$INFO[ListItem.Property(GenreType),windows/pvr/genres/,.png]</texture>
                                        <visible>Skin.HasSetting(EPGGenreColors.Enabled)</visible>
                                    </control>
                                    <control type="label" id="1">
                                        <posx>22</posx>
                                        <posy>0</posy>
                                        <width>56</width>
                                        <height>78</height>
                                        <font>Font-Condensed-S34</font>
                                        <aligny>center</aligny>
                                        <textcolor>77white</textcolor>
                                        <selectedcolor>77white</selectedcolor>
                                        <shadowcolor>22000000</shadowcolor>
                                        <align>left</align>
                                        <label>$INFO[ListItem.Label]</label>
                                        <scroll>false</scroll>
                                        <visible>!ListItem.IsRecording + !ListItem.HasTimer</visible>
                                    </control>
                                    <control type="label" id="1">
                                        <posx>53</posx>
                                        <posy>0</posy>
                                        <width>0</width>
                                        <height>78</height>
                                        <font>Font-Condensed-S34</font>
                                        <aligny>center</aligny>
                                        <textcolor>77white</textcolor>
                                        <textoffsetx>11</textoffsetx>
                                        <selectedcolor>77white</selectedcolor>
                                        <shadowcolor>22000000</shadowcolor>
                                        <align>left</align>
                                        <label>$INFO[ListItem.Label]</label>
                                        <scroll>false</scroll>
                                        <visible>ListItem.IsRecording | ListItem.HasTimer</visible>
                                    </control>
                                    <control type="group">
                                        <visible>ListItem.IsRecording</visible>
                                        <control type="image">
                                            <posx>2</posx>
                                            <posy>0</posy>
                                            <width>66</width>
                                            <height>80</height>
                                            <texture>windows/pvr/epg-recording.png</texture>
                                        </control>
                                        <control type="image">
                                            <posx>2</posx>
                                            <posy>0</posy>
                                            <width>66</width>
                                            <height>80</height>
                                            <texture>windows/pvr/epg-recording-pulse.png</texture>
                                            <animation effect="fade" start="75" end="100" time="1500" tween="sine" easing="in" pulse="true" condition="true">Conditional</animation>
                                        </control>
                                    </control>
                                    <control type="image">
                                        <posx>2</posx>
                                        <posy>0</posy>
                                        <width>66</width>
                                        <height>80</height>
                                        <texture>windows/pvr/epg-timer.png</texture>
                                        <visible>ListItem.HasTimer + !ListItem.IsRecording</visible>
                                    </control>
                                </itemlayout>
                                <focusedlayout height="80" width="100">
                                    <control type="image" id="2">
                                        <posx>-3</posx>
                                        <posy>-5</posy>
                                        <width>108</width>
                                        <height>90</height>
                                        <aspectratio>stretch</aspectratio>
                                        <texture border="12">windows/pvr/epg-fo.png</texture>
                                        <visible>!Skin.HasSetting(EPGGenreColors.Enabled)</visible>
                                    </control>
                                    <control type="image" id="2">
                                        <posx>-3</posx>
                                        <posy>-5</posy>
                                        <width>108</width>
                                        <height>90</height>
                                        <aspectratio>stretch</aspectratio>
                                        <texture border="12" fallback="windows/pvr/genres/0-fo.png">$INFO[ListItem.Property(GenreType),windows/pvr/genres/,-fo.png]</texture>
                                        <visible>Skin.HasSetting(EPGGenreColors.Enabled)</visible>
                                    </control>
                                    <!-- 
                                    <control type="progress" id="2">
                                        <posx>2</posx>
                                        <posy>1</posy>
                                        <width>98</width>
                                        <height>78</height>
                                        <reveal>true</reveal>
                                        <texturebg>windows/pvr/epg-progress-back.png</texturebg>
                                        <lefttexture></lefttexture>
                                        <midtexture border="12">windows/pvr/epg-progress.png</midtexture>
                                        <righttexture></righttexture>
                                        <info>ListItem.Progress</info>
                                    </control>
                                     -->
                                    <control type="label" id="1">
                                        <posx>22</posx>
                                        <posy>0</posy>
                                        <width>56</width>
                                        <height>78</height>
                                        <font>Font-Condensed-S34</font>
                                        <aligny>center</aligny>
                                        <textcolor>eewhite</textcolor>
                                        <selectedcolor>eewhite</selectedcolor>
                                        <shadowcolor>44000000</shadowcolor>
                                        <align>left</align>
                                        <label>$INFO[ListItem.Label]</label>
                                        <scroll>false</scroll>
                                        <visible>!ListItem.IsRecording + !ListItem.HasTimer</visible>
                                    </control>
                                    <control type="label" id="1">
                                        <posx>53</posx>
                                        <posy>0</posy>
                                        <width>0</width>
                                        <height>78</height>
                                        <font>Font-Condensed-S34</font>
                                        <aligny>center</aligny>
                                        <textcolor>eewhite</textcolor>
                                        <textoffsetx>11</textoffsetx>
                                        <selectedcolor>eewhite</selectedcolor>
                                        <shadowcolor>22000000</shadowcolor>
                                        <align>left</align>
                                        <label>$INFO[ListItem.Label]</label>
                                        <scroll>false</scroll>
                                        <visible>ListItem.IsRecording | ListItem.HasTimer</visible>
                                    </control>
                                    <control type="group">
                                        <visible>ListItem.IsRecording</visible>
                                        <control type="image">
                                            <posx>2</posx>
                                            <posy>0</posy>
                                            <width>66</width>
                                            <height>80</height>
                                            <texture>windows/pvr/epg-recording.png</texture>
                                        </control>
                                        <control type="image">
                                            <posx>2</posx>
                                            <posy>0</posy>
                                            <width>66</width>
                                            <height>80</height>
                                            <texture>windows/pvr/epg-recording-pulse.png</texture>
                                            <animation effect="fade" start="65" end="100" time="750" tween="sine" easing="in" pulse="true" condition="true">Conditional</animation>
                                        </control>
                                    </control>
                                    <control type="image">
                                        <posx>2</posx>
                                        <posy>0</posy>
                                        <width>66</width>
                                        <height>80</height>
                                        <texture>windows/pvr/epg-timer.png</texture>
                                        <visible>ListItem.HasTimer + !ListItem.IsRecording</visible>
                                    </control>
                                </focusedlayout>
                            </control>
                            <control type="group">
                                <posx>480</posx>
                                <posy>768</posy>
                                <control type="image">
                                    <posx>-50</posx>
                                    <posy>29</posy>
                                    <width>170</width>
                                    <height>170</height>
                                    <texture background="true" fallback="windows/pvr/defaultchannel.png">$INFO[Container(10).ListItem.Icon]</texture>
                                    <aspectratio align="right" aligny="top">keep</aspectratio>
                                </control>
                                <control type="button">
                                    <posx>148</posx>
                                    <posy>0</posy>
                                    <width>1182</width>
                                    <height>86</height>
                                    <label>[B]$INFO[ListItem.Label][/B]</label>
                                    <label2>$INFO[ListItem.StartTime]$INFO[ListItem.EndTime, - ]</label2>
                                    <disabledcolor>ddwhite</disabledcolor>
                                    <shadowcolor>55000000</shadowcolor>
                                    <font>Font-Condensed-S38</font>
                                    <align>left</align>
                                    <aligny>center</aligny>
                                    <enable>false</enable>
                                </control>
                                <control type="textbox">
                                    <description>Plot value</description>
                                    <posx>148</posx>
                                    <posy>70</posy>
                                    <width>1182</width>
                                    <height>135</height>
                                    <font>Font-Condensed-S33</font>
                                    <align>justify</align>
                                    <textcolor>aawhite</textcolor>
                                    <shadowcolor>55000000</shadowcolor>
                                    <pagecontrol>60</pagecontrol>
                                    <autoscroll delay="10000" time="3000" repeat="6000">!Control.HasFocus(60)</autoscroll>
                                    <label fallback="161">$INFO[ListItem.Plot]</label>
                                </control>
                            </control>
                        </control>
                    </control>
                </control>
            </control>
        </control>
        <include>Common-Info</include>
        <include>PVROptionsMenu</include>
        <include>PVRScrollbarVisiblityControl</include>
    </controls>
</window>
