<?xml version="1.0" encoding="UTF-8"?>
<window>
    <defaultcontrol>30</defaultcontrol>
    <backgroundcolor>0</backgroundcolor>
    <onload condition="String.IsEmpty(Skin.String(music.name))">Skin.SetString(music.name,$LOCALIZE[14022])</onload>
    <onload condition="String.IsEmpty(Skin.String(rss.setting))">Skin.SetString(rss.setting,$LOCALIZE[1223])</onload>
    <controls>
        <include>CommonSettingsItems</include>
        <include>SettingsHeader</include>

        <control type="group">
            <include>OptionsShutdownAnimation</include>
            <animation type="WindowClose">
                <effect type="fade" start="100" end="0" time="300" tween="sine" easing="out" />
                <effect type="zoom" start="100" end="85" time="300" center="960,600" tween="sine" easing="out" />
            </animation>
            <animation type="Visible">
                <effect type="fade" start="0" end="100" time="300" delay="300" tween="sine" easing="out" />
                <effect type="zoom" start="85" end="100" time="300" delay="300" center="960,600" tween="sine" easing="out" />
            </animation>
            <animation type="Hidden">
                <effect type="fade" start="100" end="0" time="300" tween="sine" easing="out" />
                <effect type="zoom" start="100" end="85" time="300" center="960,600" tween="sine" easing="out" />
            </animation>
            <visible>!Window.IsActive(favourites)</visible>
            <control type="group">
                <animation type="WindowOpen">
                    <effect type="slide" start="200" end="0" tween="cubic" easing="out" time="650" />
                    <effect type="fade" start="0" end="100" tween="sine" easing="inout" time="300" />
                    <effect type="zoom" start="88" end="100" center="576,560" tween="cubic" easing="out" time="400" />
                </animation>

                <control type="label">
                    <description>Category</description>
                    <posx>483</posx>
                    <posy>240</posy>
                    <height>40</height>
                    <width>338</width>
                    <align>right</align>
                    <font>Font-Condensed-S25-B</font>
                    <label>[UPPERCASE]$LOCALIZE[31936][/UPPERCASE]</label>
                    <textcolor>aawhite</textcolor>
                </control>

                <!-- Panel -->
                <control type="image">
                    <posx>178</posx>
                    <posy>278</posy>
                    <height>613</height>
                    <width>342</width>
                    <texture border="4">views/list/panel/panel.png</texture>
                </control>

                <control type="list" id="30">
                    <posx>180</posx>
                    <posy>281</posy>
                    <width>338</width>
                    <height>609</height>
                    <onleft>5</onleft>
                    <onright>5</onright>
                    <onup>30</onup>
                    <ondown>30</ondown>
                    <scrolltime>0</scrolltime>
                    <itemlayout height="76">
                        <control type="image">
                            <posx>0</posx>
                            <posy>0</posy>
                            <width>338</width>
                            <height>77</height>
                            <texture border="90,3,90,3">views/list/other/separator.png</texture>
                        </control>
                        <control type="label">
                            <posx>0</posx>
                            <posy>0</posy>
                            <width>338</width>
                            <height>77</height>
                            <align>right</align>
                            <aligny>center</aligny>
                            <label>$INFO[ListItem.Label]</label>

                            <textcolor>96FFFFFF</textcolor>
                            <font>Font-Condensed-S30-B</font>
                            <textoffsetx>35</textoffsetx>
                        </control>
                    </itemlayout>
                    <focusedlayout height="76">
                        <control type="image">
                            <posx>0</posx>
                            <posy>0</posy>
                            <width>338</width>
                            <height>77</height>
                            <texture border="150,3,150,3">windows/settings/images/right-focus.png</texture>
                            <animation effect="fade" start="100" end="50" time="0" condition="!Control.HasFocus(30)">Conditional</animation>
                        </control>
                        <control type="label">
                            <posx>0</posx>
                            <posy>0</posy>
                            <width>338</width>
                            <height>77</height>
                            <align>right</align>
                            <aligny>center</aligny>
                            <label>$INFO[ListItem.Label]</label>
                            <textcolor>white</textcolor>
                            <font>Font-Condensed-S30-B</font>
                            <textoffsetx>35</textoffsetx>
                        </control>
                    </focusedlayout>
                    <content>
                        <item id="31">
                            <description>General Settings</description>
                            <label>$LOCALIZE[31100]</label>
                            <onclick>noop</onclick>
                        </item>
                        <item id="32">
                            <description>Home Settings</description>
                            <label>$LOCALIZE[31130]</label>
                            <onclick>noop</onclick>
                        </item>
                        <item id="33">
                            <description>Media Settings</description>
                            <label>$LOCALIZE[31190]</label>
                            <onclick>noop</onclick>
                        </item>
                        <item id="34">
                            <description>OSD Settings</description>
                            <label>$LOCALIZE[478]</label>
                            <onclick>noop</onclick>
                        </item>
                        <item id="35">
                            <description>Background Settings</description>
                            <label>$LOCALIZE[31250]</label>
                            <onclick>noop</onclick>
                        </item>
                        <item id="36">
                            <description>Quicknav Settings</description>
                            <label>$LOCALIZE[31460]</label>
                            <onclick>noop</onclick>
                        </item>
                        <item id="37">
                            <description>Advanced Settings</description>
                            <label>$LOCALIZE[31222]</label>
                            <onclick>noop</onclick>
                        </item>
                        <item id="38">
                            <description>Add-on Settings</description>
                            <label>$LOCALIZE[31280]</label>
                            <onclick>noop</onclick>
                        </item>
                    </content>
                </control>
            </control>
            <control type="group">
                <posx>175</posx>
                <animation type="WindowOpen">
                    <effect type="slide" start="200" end="0" tween="cubic" easing="out" time="545" delay="75" />
                    <effect type="fade" start="0" end="100" tween="sine" easing="inout" time="300" delay="75" />
                    <effect type="zoom" start="76" end="100" center="1344,560" tween="cubic" easing="out" time="400" delay="75" />
                </animation>
                <control type="label">
                    <description>Category</description>
                    <posx>390</posx>
                    <posy>240</posy>
                    <height>40</height>
                    <width>338</width>
                    <align>left</align>
                    <font>Font-Condensed-S25-B</font>
                    <label>[UPPERCASE]$LOCALIZE[5]:[/UPPERCASE]$INFO[Container(30).ListItem.Label, ,]</label>
                    <textcolor>aawhite</textcolor>
                </control>

                <!-- Panel -->
                <control type="image">
                    <posx>353</posx>
                    <posy>278</posy>
                    <height>613</height>
                    <width>1214</width>
                    <texture border="4">views/list/panel/panel.png</texture>
                </control>
                <control type="image">
                    <description>Shadow</description>
                    <posx>-45</posx>
                    <posy>883</posy>
                    <width>1710</width>
                    <height>150</height>
                    <texture>windows/home/item-shadow.png</texture>
                </control>

                <!-- ================ -->
                <!-- General Settings -->
                <!-- ================ -->
                <control type="grouplist" id="5">
                    <visible>Container(30).HasFocus(31)</visible>
                    <onleft>30</onleft>
                    <include>SettingsCategoryGrouplistVars</include>
                    <control type="radiobutton" id="1002">
                        <width>1210</width>
                        <include>SettingsCategoryRadioButtonVars</include>
                        <selected>Skin.HasSetting(BackgroundVideo)</selected>
                        <onclick>Skin.ToggleSetting(BackgroundVideo)</onclick>
                        <label>$LOCALIZE[31102]</label>
                    </control>
                    <control type="radiobutton" id="1003">
                        <width>1210</width>
                        <include>SettingsCategoryRadioButtonVars</include>
                        <selected>!Skin.HasSetting(SpinControl.Default)</selected>
                        <onclick>Skin.ToggleSetting(SpinControl.Default)</onclick>
                        <label>$LOCALIZE[31112]</label>
                    </control>
                    <control type="radiobutton" id="1006">
                        <width>1210</width>
                        <include>SettingsCategoryRadioButtonVars</include>
                        <selected>Skin.HasSetting(UsedBVolume)</selected>
                        <onclick>Skin.ToggleSetting(UsedBVolume)</onclick>
                        <label>$LOCALIZE[31045]</label>
                    </control>
                    <control type="radiobutton" id="1007">
                        <width>1210</width>
                        <include>SettingsCategoryRadioButtonVars</include>
                        <selected>!Skin.HasSetting(Guide.HideClock)</selected>
                        <onclick>Skin.ToggleSetting(Guide.HideClock)</onclick>
                        <label>$LOCALIZE[31975]</label>
                    </control>
                    <control type="radiobutton" id="1008">
                        <width>1210</width>
                        <include>SettingsCategoryRadioButtonVars</include>
                        <selected>Skin.HasSetting(Guide.HideClockDate)</selected>
                        <onclick>Skin.ToggleSetting(Guide.HideClockDate)</onclick>
                        <label>$LOCALIZE[31996]</label>
                        <enable>!Skin.HasSetting(Guide.HideClock)</enable>
                        <animation effect="fade" start="100" end="42" time="0" condition="!Control.IsEnabled(1007)">Conditional</animation>
                    </control>
                    <control type="radiobutton" id="1009">
                        <width>1210</width>
                        <include>SettingsCategoryRadioButtonVars</include>
                        <selected>!Skin.HasSetting(Guide.HideWeather)</selected>
                        <onclick>Skin.ToggleSetting(Guide.HideWeather)</onclick>
                        <label>$LOCALIZE[31976]</label>
                    </control>
                    <control type="radiobutton" id="1010">
                        <width>1210</width>
                        <include>SettingsCategoryRadioButtonVars</include>
                        <selected>!Skin.HasSetting(Guide.HideUserImage)</selected>
                        <onclick>Skin.ToggleSetting(Guide.HideUserImage)</onclick>
                        <label>$LOCALIZE[31271]</label>
                    </control>
                    <control type="button" id="60001">
                        <width>1210</width>
                        <texturefocus border="150,3,150,3">windows/settings/images/right-focus-arrow-fo.png</texturefocus>
                        <texturenofocus border="150,3,150,3">windows/settings/images/right-focus-arrow-nf.png</texturenofocus>
                        <include>SettingsCategoryDefaultButtonVars</include>
                        <label>$LOCALIZE[31995]</label>
                        <onclick>ClearProperty(CustomDialogType)</onclick>
                        <onclick>ClearProperty(CustomDialog)</onclick>
                        <onclick>SetProperty(Dialog,$LOCALIZE[31995])</onclick>
                        <onclick>ActivateWindow(3002)</onclick>
                    </control>
                    <control type="group" id="1013">
                        <description>Fake spin control</description>
                        <width>1210</width>
                        <height>77</height>
                        <control type="image">
                            <posx>0</posx>
                            <posy>0</posy>
                            <width>1210</width>
                            <height>77</height>
                            <texture border="90,3,90,3">views/list/other/separator.png</texture>
                            <visible>!ControlGroup(1008).HasFocus</visible>
                        </control>
                        <control type="image">
                            <posx>0</posx>
                            <posy>0</posy>
                            <width>1210</width>
                            <height>77</height>
                            <texture border="150,3,150,3">windows/settings/images/right-focus.png</texture>
                            <aspectratio>stretch</aspectratio>
                            <visible>ControlGroup(1008).HasFocus</visible>
                        </control>
                        <control type="button" id="10081">
                            <posx>1111</posx>
                            <posy>8</posy>
                            <width>32</width>
                            <height>60</height>
                            <onleft>10082</onleft>
                            <onright>10082</onright>
                            <onup>60001</onup>
                            <ondown>1002</ondown>
                            <texturefocus>buttons/spinctrl/arrow-down-fo.png</texturefocus>
                            <texturenofocus>buttons/spinctrl/arrow-down-nf.png</texturenofocus>
                            <onclick condition="String.IsEqual(Skin.String(rss.setting.pos),2)">Skin.Reset(GlobalRSS.Top)</onclick>
                            <onclick condition="String.IsEqual(Skin.String(rss.setting.pos),2)">Skin.Reset(GlobalRSS.Bottom)</onclick>
                            <onclick condition="String.IsEqual(Skin.String(rss.setting.pos),2)">Skin.SetString(rss.setting,$LOCALIZE[1223])</onclick>
                            <onclick condition="String.IsEqual(Skin.String(rss.setting.pos),2)">Skin.Reset(rss.setting.pos)</onclick>
                            <onclick condition="String.IsEqual(Skin.String(rss.setting.pos),1)">Skin.Reset(GlobalRSS.Top)</onclick>
                            <onclick condition="String.IsEqual(Skin.String(rss.setting.pos),1)">Skin.SetBool(GlobalRSS.Bottom)</onclick>
                            <onclick condition="String.IsEqual(Skin.String(rss.setting.pos),1)">Skin.SetString(rss.setting,$LOCALIZE[31114])</onclick>
                            <onclick condition="String.IsEqual(Skin.String(rss.setting.pos),1)">Skin.SetString(rss.setting.pos,2)</onclick>
                            <onclick condition="String.IsEmpty(Skin.String(rss.setting.pos))">Skin.SetBool(GlobalRSS.Top)</onclick>
                            <onclick condition="String.IsEmpty(Skin.String(rss.setting.pos))">Skin.Reset(GlobalRSS.Bottom)</onclick>
                            <onclick condition="String.IsEmpty(Skin.String(rss.setting.pos))">Skin.SetString(rss.setting,$LOCALIZE[31113])</onclick>
                            <onclick condition="String.IsEmpty(Skin.String(rss.setting.pos))">Skin.SetString(rss.setting.pos,1)</onclick>
                            <onclick condition="String.IsEqual(Skin.String(rss.setting.pos),2)">Skin.Reset(GlobalRSS.Top)</onclick>
                            <onclick condition="String.IsEqual(Skin.String(rss.setting.pos),2)">Skin.Reset(GlobalRSS.Bottom)</onclick>
                            <onclick condition="String.IsEqual(Skin.String(rss.setting.pos),2)">Skin.SetString(rss.setting,$LOCALIZE[1223])</onclick>
                            <onclick condition="String.IsEqual(Skin.String(rss.setting.pos),2)">Skin.Reset(rss.setting.pos)</onclick>
                        </control>
                        <control type="button" id="10082">
                            <posx>1145</posx>
                            <posy>8</posy>
                            <width>32</width>
                            <height>60</height>
                            <onleft>10081</onleft>
                            <onright>10081</onright>
                            <onup>1007</onup>
                            <ondown>1002</ondown>
                            <texturefocus>buttons/spinctrl/arrow-up-fo.png</texturefocus>
                            <texturenofocus>buttons/spinctrl/arrow-up-nf.png</texturenofocus>
                            <onclick condition="String.IsEmpty(Skin.String(rss.setting.pos))">Skin.Reset(GlobalRSS.Top)</onclick>
                            <onclick condition="String.IsEmpty(Skin.String(rss.setting.pos))">Skin.SetBool(GlobalRSS.Bottom)</onclick>
                            <onclick condition="String.IsEmpty(Skin.String(rss.setting.pos))">Skin.SetString(rss.setting,$LOCALIZE[31114])</onclick>
                            <onclick condition="String.IsEmpty(Skin.String(rss.setting.pos))">Skin.SetString(rss.setting.pos,2)</onclick>
                            <onclick condition="String.IsEqual(Skin.String(rss.setting.pos),1)">Skin.Reset(GlobalRSS.Top)</onclick>
                            <onclick condition="String.IsEqual(Skin.String(rss.setting.pos),1)">Skin.Reset(GlobalRSS.Bottom)</onclick>
                            <onclick condition="String.IsEqual(Skin.String(rss.setting.pos),1)">Skin.SetString(rss.setting,$LOCALIZE[1223])</onclick>
                            <onclick condition="String.IsEqual(Skin.String(rss.setting.pos),1)">Skin.Reset(rss.setting.pos)</onclick>
                            <onclick condition="String.IsEqual(Skin.String(rss.setting.pos),2)">Skin.SetBool(GlobalRSS.Top)</onclick>
                            <onclick condition="String.IsEqual(Skin.String(rss.setting.pos),2)">Skin.Reset(GlobalRSS.Bottom)</onclick>
                            <onclick condition="String.IsEqual(Skin.String(rss.setting.pos),2)">Skin.SetString(rss.setting,$LOCALIZE[31113])</onclick>
                            <onclick condition="String.IsEqual(Skin.String(rss.setting.pos),2)">Skin.SetString(rss.setting.pos,1)</onclick>
                            <onclick condition="String.IsEmpty(Skin.String(rss.setting.pos))">Skin.Reset(GlobalRSS.Top)</onclick>
                            <onclick condition="String.IsEmpty(Skin.String(rss.setting.pos))">Skin.SetBool(GlobalRSS.Bottom)</onclick>
                            <onclick condition="String.IsEmpty(Skin.String(rss.setting.pos))">Skin.SetString(rss.setting,$LOCALIZE[31114])</onclick>
                            <onclick condition="String.IsEmpty(Skin.String(rss.setting.pos))">Skin.SetString(rss.setting.pos,2)</onclick>
                        </control>
                        <control type="button">
                            <posx>0</posx>
                            <posy>0</posy>
                            <width>1120</width>
                            <height>77</height>
                            <align>left</align>
                            <aligny>center</aligny>
                            <textoffsetx>35</textoffsetx>
                            <font>Font-Condensed-S30-B</font>
                            <textcolor>96FFFFFF</textcolor>
                            <label>$LOCALIZE[20304]</label>
                            <label2>$INFO[Skin.String(rss.setting)]</label2>
                            <visible>!ControlGroup(1007).HasFocus</visible>
                        </control>
                        <control type="button">
                            <posx>0</posx>
                            <posy>0</posy>
                            <width>1120</width>
                            <height>77</height>
                            <align>left</align>
                            <aligny>center</aligny>
                            <textoffsetx>35</textoffsetx>
                            <font>Font-Condensed-S30-B</font>
                            <textcolor>white</textcolor>
                            <label>$LOCALIZE[20304]</label>
                            <label2>$INFO[Skin.String(rss.setting)]</label2>
                            <visible>ControlGroup(1007).HasFocus</visible>
                        </control>
                    </control>
                </control>

                <!-- ============= -->
                <!-- Home Settings -->
                <!-- ============= -->
                <control type="grouplist" id="5">
                    <visible>Container(30).HasFocus(32)</visible>
                    <onleft>30</onleft>
                    <include>SettingsCategoryGrouplistVars</include>
                    <control type="button" id="2001">
                        <width>1210</width>
                        <texturefocus border="150,3,150,3">windows/settings/images/right-focus-arrow-fo.png</texturefocus>
                        <texturenofocus border="150,3,150,3">windows/settings/images/right-focus-arrow-nf.png</texturenofocus>
                        <include>SettingsCategoryDefaultButtonVars</include>
                        <onclick>SetProperty(Dialog,$LOCALIZE[31131])</onclick>
                        <onclick>ActivateWindow(3001)</onclick>
                        <label>$LOCALIZE[31131]</label>
                    </control>
                    <control type="button" id="2002">
                        <width>1210</width>
                        <texturefocus border="150,3,150,3">windows/settings/images/right-focus-arrow-fo.png</texturefocus>
                        <texturenofocus border="150,3,150,3">windows/settings/images/right-focus-arrow-nf.png</texturenofocus>
                        <include>SettingsCategoryDefaultButtonVars</include>
                        <onclick>SetProperty(Dialog,$LOCALIZE[31136])</onclick>
                        <onclick>ActivateWindow(3003)</onclick>
                        <label>$LOCALIZE[31136]</label>
                    </control>
                    <control type="button" id="2003">
                        <width>1210</width>
                        <texturefocus border="150,3,150,3">windows/settings/images/right-focus-arrow-fo.png</texturefocus>
                        <texturenofocus border="150,3,150,3">windows/settings/images/right-focus-arrow-nf.png</texturenofocus>
                        <include>SettingsCategoryDefaultButtonVars</include>
                        <onclick>SetProperty(Dialog,$LOCALIZE[31140])</onclick>
                        <onclick>ActivateWindow(3003)</onclick>
                        <label>$LOCALIZE[31140]</label>
                    </control>
                    <control type="button" id="2004">
                        <width>1210</width>
                        <texturefocus border="150,3,150,3">windows/settings/images/right-focus-arrow-fo.png</texturefocus>
                        <texturenofocus border="150,3,150,3">windows/settings/images/right-focus-arrow-nf.png</texturenofocus>
                        <include>SettingsCategoryDefaultButtonVars</include>
                        <onclick>SetProperty(Dialog,$LOCALIZE[31989])</onclick>
                        <onclick>ActivateWindow(3001)</onclick>
                        <label>$LOCALIZE[31144]</label>
                    </control>
                    <control type="radiobutton" id="2006">
                        <width>1210</width>
                        <include>SettingsCategoryRadioButtonVars</include>
                        <selected>!Skin.HasSetting(HideHomeProfileInfo)</selected>
                        <onclick>Skin.ToggleSetting(HideHomeProfileInfo)</onclick>
                        <label>$LOCALIZE[31134]</label>
                    </control>
                    <control type="radiobutton" id="2007">
                        <width>1210</width>
                        <include>SettingsCategoryRadioButtonVars</include>
                        <selected>!Skin.HasSetting(HideHomeSubmenuArrow)</selected>
                        <onclick>Skin.ToggleSetting(HideHomeSubmenuArrow)</onclick>
                        <label>$LOCALIZE[31135]</label>
                    </control>
                    <control type="group" id="2008">
                        <description>Fake spin control</description>
                        <width>1210</width>
                        <height>77</height>
                        <control type="image">
                            <posx>0</posx>
                            <posy>0</posy>
                            <width>1210</width>
                            <height>77</height>
                            <texture border="90,3,90,3">views/list/other/separator.png</texture>
                            <visible>!ControlGroup(2008).HasFocus</visible>
                        </control>
                        <control type="image">
                            <posx>0</posx>
                            <posy>0</posy>
                            <width>1210</width>
                            <height>77</height>
                            <texture border="150,3,150,3">windows/settings/images/right-focus.png</texture>
                            <visible>ControlGroup(2008).HasFocus</visible>
                        </control>
                        <control type="button" id="20081">
                            <posx>1111</posx>
                            <posy>8</posy>
                            <width>32</width>
                            <height>60</height>
                            <onleft>20082</onleft>
                            <onright>20082</onright>
                            <onup>2007</onup>
                            <ondown>2000</ondown>
                            <texturefocus>buttons/spinctrl/arrow-down-fo.png</texturefocus>
                            <texturenofocus>buttons/spinctrl/arrow-down-nf.png</texturenofocus>
                            <onclick condition="String.IsEqual(Skin.String(music.name),$LOCALIZE[1038])">Skin.SetString(music.name,$LOCALIZE[14022])</onclick>
                            <onclick condition="String.IsEqual(Skin.String(music.name),$LOCALIZE[1038])">Skin.Reset(music.path)</onclick>
                            <onclick condition="String.IsEqual(Skin.String(music.name),$LOCALIZE[136])">Skin.SetString(music.name,$LOCALIZE[1038])</onclick>
                            <onclick condition="String.IsEqual(Skin.String(music.name),$LOCALIZE[136])">Skin.SetString(music.path,plugins)</onclick>
                            <onclick condition="String.IsEqual(Skin.String(music.name),$LOCALIZE[521])">Skin.SetString(music.name,$LOCALIZE[136])</onclick>
                            <onclick condition="String.IsEqual(Skin.String(music.name),$LOCALIZE[521])">Skin.SetString(music.path,playlists)</onclick>
                            <onclick condition="String.IsEqual(Skin.String(music.name),$LOCALIZE[517])">Skin.SetString(music.name,$LOCALIZE[521])</onclick>
                            <onclick condition="String.IsEqual(Skin.String(music.name),$LOCALIZE[517])">Skin.SetString(music.path,compilations)</onclick>
                            <onclick condition="String.IsEqual(Skin.String(music.name),$LOCALIZE[359])">Skin.SetString(music.name,$LOCALIZE[517])</onclick>
                            <onclick condition="String.IsEqual(Skin.String(music.name),$LOCALIZE[359])">Skin.SetString(music.path,recentlyplayedalbums)</onclick>
                            <onclick condition="String.IsEqual(Skin.String(music.name),$LOCALIZE[10505])">Skin.SetString(music.name,$LOCALIZE[359])</onclick>
                            <onclick condition="String.IsEqual(Skin.String(music.name),$LOCALIZE[10505])">Skin.SetString(music.path,recentlyaddedalbums)</onclick>
                            <onclick condition="String.IsEqual(Skin.String(music.name),$LOCALIZE[10504])">Skin.SetString(music.name,$LOCALIZE[10505])</onclick>
                            <onclick condition="String.IsEqual(Skin.String(music.name),$LOCALIZE[10504])">Skin.SetString(music.path,top100albums)</onclick>
                            <onclick condition="String.IsEqual(Skin.String(music.name),$LOCALIZE[652])">Skin.SetString(music.name,$LOCALIZE[10504])</onclick>
                            <onclick condition="String.IsEqual(Skin.String(music.name),$LOCALIZE[652])">Skin.SetString(music.path,top100songs)</onclick>
                            <onclick condition="String.IsEqual(Skin.String(music.name),$LOCALIZE[134])">Skin.SetString(music.name,$LOCALIZE[652])</onclick>
                            <onclick condition="String.IsEqual(Skin.String(music.name),$LOCALIZE[134])">Skin.SetString(music.path,years)</onclick>
                            <onclick condition="String.IsEqual(Skin.String(music.name),$LOCALIZE[1050])">Skin.SetString(music.name,$LOCALIZE[134])</onclick>
                            <onclick condition="String.IsEqual(Skin.String(music.name),$LOCALIZE[1050])">Skin.SetString(music.path,songs)</onclick>
                            <onclick condition="String.IsEqual(Skin.String(music.name),$LOCALIZE[132])">Skin.SetString(music.name,$LOCALIZE[1050])</onclick>
                            <onclick condition="String.IsEqual(Skin.String(music.name),$LOCALIZE[132])">Skin.SetString(music.path,singles)</onclick>
                            <onclick condition="String.IsEqual(Skin.String(music.name),$LOCALIZE[133])">Skin.SetString(music.name,$LOCALIZE[132])</onclick>
                            <onclick condition="String.IsEqual(Skin.String(music.name),$LOCALIZE[133])">Skin.SetString(music.path,albums)</onclick>
                            <onclick condition="String.IsEqual(Skin.String(music.name),$LOCALIZE[135])">Skin.SetString(music.name,$LOCALIZE[133])</onclick>
                            <onclick condition="String.IsEqual(Skin.String(music.name),$LOCALIZE[135])">Skin.SetString(music.path,artists)</onclick>
                            <onclick condition="String.IsEqual(Skin.String(music.name),$LOCALIZE[14022])">Skin.SetString(music.name,$LOCALIZE[135])</onclick>
                            <onclick condition="String.IsEqual(Skin.String(music.name),$LOCALIZE[14022])">Skin.SetString(music.path,genres)</onclick>
                            <onclick condition="String.IsEqual(Skin.String(music.name),$LOCALIZE[1038])">Skin.SetString(music.name,$LOCALIZE[14022])</onclick>
                            <onclick condition="String.IsEqual(Skin.String(music.name),$LOCALIZE[1038])">Skin.Reset(music.path)</onclick>
                        </control>
                        <control type="button" id="20082">
                            <posx>1145</posx>
                            <posy>8</posy>
                            <width>32</width>
                            <height>60</height>
                            <onleft>20081</onleft>
                            <onright>20081</onright>
                            <onup>2007</onup>
                            <ondown>2000</ondown>
                            <texturefocus>buttons/spinctrl/arrow-up-fo.png</texturefocus>
                            <texturenofocus>buttons/spinctrl/arrow-up-nf.png</texturenofocus>
                            <onclick condition="String.IsEqual(Skin.String(music.name),$LOCALIZE[14022])">Skin.SetString(music.name,$LOCALIZE[1038])</onclick>
                            <onclick condition="String.IsEqual(Skin.String(music.name),$LOCALIZE[14022])">Skin.SetString(music.path,plugins)</onclick>
                            <onclick condition="String.IsEqual(Skin.String(music.name),$LOCALIZE[135])">Skin.SetString(music.name,$LOCALIZE[14022])</onclick>
                            <onclick condition="String.IsEqual(Skin.String(music.name),$LOCALIZE[135])">Skin.Reset(music.path)</onclick>
                            <onclick condition="String.IsEqual(Skin.String(music.name),$LOCALIZE[133])">Skin.SetString(music.name,$LOCALIZE[135])</onclick>
                            <onclick condition="String.IsEqual(Skin.String(music.name),$LOCALIZE[133])">Skin.SetString(music.path,genre)</onclick>
                            <onclick condition="String.IsEqual(Skin.String(music.name),$LOCALIZE[132])">Skin.SetString(music.name,$LOCALIZE[133])</onclick>
                            <onclick condition="String.IsEqual(Skin.String(music.name),$LOCALIZE[132])">Skin.SetString(music.path,artists)</onclick>
                            <onclick condition="String.IsEqual(Skin.String(music.name),$LOCALIZE[1050])">Skin.SetString(music.name,$LOCALIZE[132])</onclick>
                            <onclick condition="String.IsEqual(Skin.String(music.name),$LOCALIZE[1050])">Skin.SetString(music.path,albums)</onclick>
                            <onclick condition="String.IsEqual(Skin.String(music.name),$LOCALIZE[134])">Skin.SetString(music.name,$LOCALIZE[1050])</onclick>
                            <onclick condition="String.IsEqual(Skin.String(music.name),$LOCALIZE[134])">Skin.SetString(music.path,singles)</onclick>
                            <onclick condition="String.IsEqual(Skin.String(music.name),$LOCALIZE[652])">Skin.SetString(music.name,$LOCALIZE[134])</onclick>
                            <onclick condition="String.IsEqual(Skin.String(music.name),$LOCALIZE[652])">Skin.SetString(music.path,songs)</onclick>
                            <onclick condition="String.IsEqual(Skin.String(music.name),$LOCALIZE[10504])">Skin.SetString(music.name,$LOCALIZE[652])</onclick>
                            <onclick condition="String.IsEqual(Skin.String(music.name),$LOCALIZE[10504])">Skin.SetString(music.path,years)</onclick>
                            <onclick condition="String.IsEqual(Skin.String(music.name),$LOCALIZE[10505])">Skin.SetString(music.name,$LOCALIZE[10504])</onclick>
                            <onclick condition="String.IsEqual(Skin.String(music.name),$LOCALIZE[10505])">Skin.SetString(music.path,top100songs)</onclick>
                            <onclick condition="String.IsEqual(Skin.String(music.name),$LOCALIZE[359])">Skin.SetString(music.name,$LOCALIZE[10505])</onclick>
                            <onclick condition="String.IsEqual(Skin.String(music.name),$LOCALIZE[359])">Skin.SetString(music.path,top100albums)</onclick>
                            <onclick condition="String.IsEqual(Skin.String(music.name),$LOCALIZE[517])">Skin.SetString(music.name,$LOCALIZE[359])</onclick>
                            <onclick condition="String.IsEqual(Skin.String(music.name),$LOCALIZE[517])">Skin.SetString(music.path,recentlyaddedalbums)</onclick>
                            <onclick condition="String.IsEqual(Skin.String(music.name),$LOCALIZE[521])">Skin.SetString(music.name,$LOCALIZE[517])</onclick>
                            <onclick condition="String.IsEqual(Skin.String(music.name),$LOCALIZE[521])">Skin.SetString(music.path,recentlyplayedalbums)</onclick>
                            <onclick condition="String.IsEqual(Skin.String(music.name),$LOCALIZE[136])">Skin.SetString(music.name,$LOCALIZE[521])</onclick>
                            <onclick condition="String.IsEqual(Skin.String(music.name),$LOCALIZE[136])">Skin.SetString(music.path,compilations)</onclick>
                            <onclick condition="String.IsEqual(Skin.String(music.name),$LOCALIZE[1038])">Skin.SetString(music.name,$LOCALIZE[136])</onclick>
                            <onclick condition="String.IsEqual(Skin.String(music.name),$LOCALIZE[1038])">Skin.SetString(music.path,playlists)</onclick>
                            <onclick condition="String.IsEqual(Skin.String(music.name),$LOCALIZE[14022])">Skin.SetString(music.name,$LOCALIZE[1038])</onclick>
                            <onclick condition="String.IsEqual(Skin.String(music.name),$LOCALIZE[14022])">Skin.SetString(music.path,plugins)</onclick>
                        </control>
                        <control type="button">
                            <posx>0</posx>
                            <posy>0</posy>
                            <width>1120</width>
                            <height>77</height>
                            <align>left</align>
                            <aligny>center</aligny>
                            <textoffsetx>35</textoffsetx>
                            <font>Font-Condensed-S30-B</font>
                            <textcolor>96FFFFFF</textcolor>
                            <label>$LOCALIZE[31152]</label>
                            <label2>$INFO[Skin.String(music.name)]</label2>
                            <visible>!ControlGroup(2008).HasFocus</visible>
                        </control>
                        <control type="button">
                            <posx>0</posx>
                            <posy>0</posy>
                            <width>1120</width>
                            <height>77</height>
                            <align>left</align>
                            <aligny>center</aligny>
                            <textoffsetx>35</textoffsetx>
                            <font>Font-Condensed-S30-B</font>
                            <textcolor>white</textcolor>
                            <label>$LOCALIZE[31152]</label>
                            <label2>$INFO[Skin.String(music.name)]</label2>
                            <visible>ControlGroup(2008).HasFocus</visible>
                        </control>
                    </control>
                </control>

                <!-- ============== -->
                <!-- Views Settings  -->
                <!-- ============== -->
                <control type="grouplist" id="5">
                    <onleft>30</onleft>
                    <include>SettingsCategoryGrouplistVars</include>
                    <visible>Container(30).HasFocus(33)</visible>
                    <control type="radiobutton" id="3001">
                        <width>1210</width>
                        <include>SettingsCategoryRadioButtonVars</include>
                        <selected>!Skin.HasSetting(HideFanart)</selected>
                        <onclick>Skin.ToggleSetting(HideFanart)</onclick>
                        <label>$LOCALIZE[31191]</label>
                    </control>
                    <control type="radiobutton" id="3002">
                        <width>1210</width>
                        <include>SettingsCategoryRadioButtonVars</include>
                        <selected>!Skin.HasSetting(AutoScroll.Disable)</selected>
                        <onclick>Skin.ToggleSetting(AutoScroll.Disable)</onclick>
                        <label>$LOCALIZE[31109]</label>
                    </control>
                    <control type="radiobutton" id="3003">
                        <width>1210</width>
                        <include>SettingsCategoryRadioButtonVars</include>
                        <selected>Skin.HasSetting(MovieInformation.PlayTrailer)</selected>
                        <onclick>Skin.ToggleSetting(MovieInformation.PlayTrailer)</onclick>
                        <label>$LOCALIZE[31202]</label>
                    </control>
                    <control type="radiobutton" id="3004">
                        <width>1210</width>
                        <include>SettingsCategoryRadioButtonVars</include>
                        <selected>Skin.HasSetting(PlayTrailer.Minimized)</selected>
                        <onclick>Skin.ToggleSetting(PlayTrailer.Minimized)</onclick>
                        <label>$LOCALIZE[31203]</label>
                    </control>
                    <control type="button" id="3005">
                        <width>1210</width>
                        <include>SettingsCategoryDefaultButtonVars</include>
                        <label>$LOCALIZE[31192]</label>
                        <label2 fallback="US">[COLOR=SelectedBlue]$VAR[MovieMPAALangLabel][/COLOR]</label2>
                        <onclick>ActivateWindow(3006)</onclick>
                    </control>
                    <control type="radiobutton" id="3006">
                        <width>1210</width>
                        <include>SettingsCategoryRadioButtonVars</include>
                        <selected>Skin.HasSetting(EPGGenreColors.Enabled)</selected>
                        <onclick>Skin.ToggleSetting(EPGGenreColors.Enabled)</onclick>
                        <label>$LOCALIZE[31221]</label>
                    </control>
                </control>

                <!-- ============= -->
                <!-- OSD Settings  -->
                <!-- ============= -->
                <control type="grouplist" id="5">
                    <onleft>30</onleft>
                    <include>SettingsCategoryGrouplistVars</include>
                    <visible>Container(30).HasFocus(34)</visible>
                    <control type="radiobutton" id="8001">
                        <width>1210</width>
                        <include>SettingsCategoryRadioButtonVars</include>
                        <selected>Skin.HasSetting(OSDVisualisation.Enabled)</selected>
                        <onclick condition="!Skin.HasSetting(OSDVisualisation.Enabled)">Skin.Reset(ArtistSlideShow.Enabled)</onclick>
                        <onclick>Skin.ToggleSetting(OSDVisualisation.Enabled)</onclick>
                        <label>$LOCALIZE[31240]</label>
                    </control>
                    <control type="radiobutton" id="8002">
                        <width>1210</width>
                        <include>SettingsCategoryRadioButtonVars</include>
                        <selected>Skin.HasSetting(OSDVisualisation.ShowFanart)</selected>
                        <onclick>Skin.ToggleSetting(OSDVisualisation.ShowFanart)</onclick>
                        <visible>Skin.HasSetting(OSDVisualisation.Enabled)</visible>
                        <label>- $LOCALIZE[31106]</label>
                    </control>
                    <control type="radiobutton" id="8003">
                        <width>1210</width>
                        <include>SettingsCategoryRadioButtonVars</include>
                        <selected>Skin.HasSetting(ArtistSlideShow.Enabled)</selected>
                        <onclick condition="!Skin.HasSetting(ArtistSlideShow.Enabled)">Skin.Reset(OSDVisualisation.Enabled)</onclick>
                        <onclick>Skin.ToggleSetting(ArtistSlideShow.Enabled)</onclick>
                        <enable>System.HasAddon(script.artistslideshow)</enable>
                        <label>$LOCALIZE[31103]</label>
                        <animation effect="fade" start="100" end="42" time="0" condition="!Control.IsEnabled(8002)">Conditional</animation>
                    </control>
                    <control type="radiobutton" id="8004">
                        <width>1210</width>
                        <include>SettingsCategoryRadioButtonVars</include>
                        <selected>Skin.HasSetting(ArtistSlideShow.Animate)</selected>
                        <onclick>Skin.ToggleSetting(ArtistSlideShow.Animate)</onclick>
                        <visible>Skin.HasSetting(ArtistSlideShow.Enabled)</visible>
                        <label>- $LOCALIZE[31105]</label>
                    </control>
                    <control type="radiobutton" id="8005">
                        <width>1210</width>
                        <include>SettingsCategoryRadioButtonVars</include>
                        <selected>Skin.HasSetting(OSD.HideWeatherClock)</selected>
                        <onclick>Skin.ToggleSetting(OSD.HideWeatherClock)</onclick>
                        <label>$LOCALIZE[31030]</label>
                    </control>
                    <control type="radiobutton" id="8006">
                        <width>1210</width>
                        <include>SettingsCategoryRadioButtonVars</include>
                        <selected>Skin.HasSetting(OSD.HideChapterInfo)</selected>
                        <onclick>Skin.ToggleSetting(OSD.HideChapterInfo)</onclick>
                        <label>$LOCALIZE[31031]</label>
                    </control>
                    <control type="radiobutton" id="8007">
                        <width>1210</width>
                        <include>SettingsCategoryRadioButtonVars</include>
                        <selected>Skin.HasSetting(AutoMusicFullscreen.Enabled)</selected>
                        <onclick>Skin.ToggleSetting(AutoMusicFullscreen.Enabled)</onclick>
                        <label>$LOCALIZE[31108]</label>
                    </control>
                    <control type="radiobutton" id="8008">
                        <width>1210</width>
                        <include>SettingsCategoryRadioButtonVars</include>
                        <selected>Skin.HasSetting(OSD.HideFileStreamPath)</selected>
                        <onclick>Skin.ToggleSetting(OSD.HideFileStreamPath)</onclick>
                        <label>$LOCALIZE[31104]</label>
                    </control>
                </control>

                <!-- =================== -->
                <!-- Backgrounds Settings -->
                <!-- =================== -->
                <control type="grouplist" id="5">
                    <onleft>30</onleft>
                    <include>SettingsCategoryGrouplistVars</include>
                    <visible>Container(30).HasFocus(35)</visible>
                    <control type="button" id="5000">
                        <width>1210</width>
                        <texturefocus border="150,3,150,3">windows/settings/images/right-focus-arrow-fo.png</texturefocus>
                        <texturenofocus border="150,3,150,3">windows/settings/images/right-focus-arrow-nf.png</texturenofocus>
                        <include>SettingsCategoryDefaultButtonVars</include>
                        <label>$LOCALIZE[31251]</label>
                        <onclick>ClearProperty(CustomDialogType)</onclick>
                        <onclick>ClearProperty(CustomDialog)</onclick>
                        <onclick>SetProperty(Dialog,$LOCALIZE[31251])</onclick>
                        <onclick>ActivateWindow(3002)</onclick>
                    </control>
                    <control type="button" id="5001">
                        <width>1210</width>
                        <texturefocus border="150,3,150,3">windows/settings/images/right-focus-arrow-fo.png</texturefocus>
                        <texturenofocus border="150,3,150,3">windows/settings/images/right-focus-arrow-nf.png</texturenofocus>
                        <include>SettingsCategoryDefaultButtonVars</include>
                        <label>$LOCALIZE[5]</label>
                        <onclick>ClearProperty(CustomDialogType)</onclick>
                        <onclick>ClearProperty(CustomDialog)</onclick>
                        <onclick>SetProperty(Dialog,$LOCALIZE[5])</onclick>
                        <onclick>ActivateWindow(3002)</onclick>
                    </control>
                    <control type="button" id="5002">
                        <width>1210</width>
                        <texturefocus border="150,3,150,3">windows/settings/images/right-focus-arrow-fo.png</texturefocus>
                        <texturenofocus border="150,3,150,3">windows/settings/images/right-focus-arrow-nf.png</texturenofocus>
                        <include>SettingsCategoryDefaultButtonVars</include>
                        <label>$LOCALIZE[342]</label>
                        <onclick>ClearProperty(CustomDialogType)</onclick>
                        <onclick>ClearProperty(CustomDialog)</onclick>
                        <onclick>SetProperty(Dialog,$LOCALIZE[342])</onclick>
                        <onclick>ActivateWindow(3002)</onclick>
                    </control>
                    <control type="button" id="5003">
                        <width>1210</width>
                        <texturefocus border="150,3,150,3">windows/settings/images/right-focus-arrow-fo.png</texturefocus>
                        <texturenofocus border="150,3,150,3">windows/settings/images/right-focus-arrow-nf.png</texturenofocus>
                        <include>SettingsCategoryDefaultButtonVars</include>
                        <label>$LOCALIZE[31446]</label>
                        <onclick>ClearProperty(CustomDialogType)</onclick>
                        <onclick>ClearProperty(CustomDialog)</onclick>
                        <onclick>SetProperty(Dialog,$LOCALIZE[31446])</onclick>
                        <onclick>ActivateWindow(3002)</onclick>
                    </control>
                    <control type="button" id="5006">
                        <width>1210</width>
                        <texturefocus border="150,3,150,3">windows/settings/images/right-focus-arrow-fo.png</texturefocus>
                        <texturenofocus border="150,3,150,3">windows/settings/images/right-focus-arrow-nf.png</texturenofocus>
                        <include>SettingsCategoryDefaultButtonVars</include>
                        <label>$LOCALIZE[2]</label>
                        <onclick>ClearProperty(CustomDialogType)</onclick>
                        <onclick>ClearProperty(CustomDialog)</onclick>
                        <onclick>SetProperty(Dialog,$LOCALIZE[2])</onclick>
                        <onclick>ActivateWindow(3002)</onclick>
                    </control>
                    <control type="button" id="5009">
                        <width>1210</width>
                        <texturefocus border="150,3,150,3">windows/settings/images/right-focus-arrow-fo.png</texturefocus>
                        <texturenofocus border="150,3,150,3">windows/settings/images/right-focus-arrow-nf.png</texturenofocus>
                        <include>SettingsCategoryDefaultButtonVars</include>
                        <label>$LOCALIZE[31504]</label>
                        <onclick>ClearProperty(CustomDialogType)</onclick>
                        <onclick>ClearProperty(CustomDialog)</onclick>
                        <onclick>SetProperty(Dialog,$LOCALIZE[31504])</onclick>
                        <onclick>ActivateWindow(3002)</onclick>
                    </control>
                    <control type="button" id="5010">
                        <width>1210</width>
                        <texturefocus border="150,3,150,3">windows/settings/images/right-focus-arrow-fo.png</texturefocus>
                        <texturenofocus border="150,3,150,3">windows/settings/images/right-focus-arrow-nf.png</texturenofocus>
                        <include>SettingsCategoryDefaultButtonVars</include>
                        <label>$LOCALIZE[12600]</label>
                        <onclick>ClearProperty(CustomDialogType)</onclick>
                        <onclick>ClearProperty(CustomDialog)</onclick>
                        <onclick>SetProperty(Dialog,$LOCALIZE[12600])</onclick>
                        <onclick>ActivateWindow(3002)</onclick>
                    </control>
                </control>

                <!-- =================== -->
                <!-- Quick-Nav Settings -->
                <!-- =================== -->
                <control type="grouplist" id="5">
                    <onleft>30</onleft>
                    <include>SettingsCategoryGrouplistVars</include>
                    <visible>Container(30).HasFocus(36)</visible>
                    <control type="radiobutton" id="6003">
                        <width>1210</width>
                        <include>SettingsCategoryRadioButtonVars</include>
                        <selected>Skin.HasSetting(Guide.Custom1)</selected>
                        <onclick>Skin.Reset(Guide.Custom1.Label)</onclick>
                        <onclick>Skin.Reset(Guide.Custom1.Path)</onclick>
                        <onclick>Skin.Reset(Guide.Custom1.Type)</onclick>
                        <onclick>Skin.ToggleSetting(Guide.Custom1)</onclick>
                        <label>$LOCALIZE[31272]</label>
                    </control>
                    <control type="button" id="6004">
                        <width>1210</width>
                        <include>SettingsCategoryDefaultButtonVars</include>
                        <onclick>SetProperty(Dialog,$LOCALIZE[31272])</onclick>
                        <onclick>SetProperty(Guide.Custom,1)</onclick>
                        <onclick>ActivateWindow(3001)</onclick>
                        <label>- $LOCALIZE[31276]</label>
                        <label2>$INFO[Skin.String(Guide.Custom1.Label)]</label2>
                        <visible>Skin.HasSetting(Guide.Custom1)</visible>
                    </control>
                    <control type="radiobutton" id="6005">
                        <width>1210</width>
                        <include>SettingsCategoryRadioButtonVars</include>
                        <selected>Skin.HasSetting(Guide.Custom2)</selected>
                        <onclick>Skin.Reset(Guide.Custom2.Label)</onclick>
                        <onclick>Skin.Reset(Guide.Custom2.Path)</onclick>
                        <onclick>Skin.Reset(Guide.Custom2.Type)</onclick>
                        <onclick>Skin.ToggleSetting(Guide.Custom2)</onclick>
                        <label>$LOCALIZE[31273]</label>
                    </control>
                    <control type="button" id="6006">
                        <width>1210</width>
                        <include>SettingsCategoryDefaultButtonVars</include>
                        <onclick>SetProperty(Dialog,$LOCALIZE[31273])</onclick>
                        <onclick>SetProperty(Guide.Custom,2)</onclick>
                        <onclick>ActivateWindow(3001)</onclick>
                        <label>- $LOCALIZE[31276]</label>
                        <label2>$INFO[Skin.String(Guide.Custom2.Label)]</label2>
                        <visible>Skin.HasSetting(Guide.Custom2)</visible>
                    </control>
                    <control type="radiobutton" id="6007">
                        <width>1210</width>
                        <include>SettingsCategoryRadioButtonVars</include>
                        <selected>Skin.HasSetting(Guide.Custom3)</selected>
                        <onclick>Skin.Reset(Guide.Custom3.Label)</onclick>
                        <onclick>Skin.Reset(Guide.Custom3.Path)</onclick>
                        <onclick>Skin.Reset(Guide.Custom3.Type)</onclick>
                        <onclick>Skin.ToggleSetting(Guide.Custom3)</onclick>
                        <label>$LOCALIZE[31274]</label>
                    </control>
                    <control type="button" id="6008">
                        <width>1210</width>
                        <include>SettingsCategoryDefaultButtonVars</include>
                        <onclick>SetProperty(Dialog,$LOCALIZE[31274])</onclick>
                        <onclick>SetProperty(Guide.Custom,3)</onclick>
                        <onclick>ActivateWindow(3001)</onclick>
                        <label>- $LOCALIZE[31276]</label>
                        <label2>$INFO[Skin.String(Guide.Custom3.Label)]</label2>
                        <visible>Skin.HasSetting(Guide.Custom3)</visible>
                    </control>
                    <control type="radiobutton" id="6009">
                        <width>1210</width>
                        <include>SettingsCategoryRadioButtonVars</include>
                        <selected>Skin.HasSetting(Guide.Custom4)</selected>
                        <onclick>Skin.Reset(Guide.Custom4.Label)</onclick>
                        <onclick>Skin.Reset(Guide.Custom4.Path)</onclick>
                        <onclick>Skin.Reset(Guide.Custom4.Type)</onclick>
                        <onclick>Skin.ToggleSetting(Guide.Custom4)</onclick>
                        <label>$LOCALIZE[31275]</label>
                    </control>
                    <control type="button" id="6010">
                        <width>1210</width>
                        <include>SettingsCategoryDefaultButtonVars</include>
                        <onclick>SetProperty(Dialog,$LOCALIZE[31275])</onclick>
                        <onclick>SetProperty(Guide.Custom,4)</onclick>
                        <onclick>ActivateWindow(3001)</onclick>
                        <label>- $LOCALIZE[31276]</label>
                        <label2>$INFO[Skin.String(Guide.Custom4.Label)]</label2>
                        <visible>Skin.HasSetting(Guide.Custom4)</visible>
                    </control>
                </control>

                <!-- ================= -->
                <!-- Advanced Settings -->
                <!-- ================= -->
                <control type="grouplist" id="5">
                    <onleft>30</onleft>
                    <include>SettingsCategoryGrouplistVars</include>
                    <visible>Container(30).HasFocus(37)</visible>
                    <control type="radiobutton" id="1001">
                        <width>1210</width>
                        <include>SettingsCategoryRadioButtonVars</include>
                        <selected>Skin.HasSetting(KioskMode)</selected>
                        <onclick>Skin.ToggleSetting(KioskMode)</onclick>
                        <label>$LOCALIZE[31101]</label>
                    </control>
                    <control type="radiobutton" id="1008">
                        <width>1210</width>
                        <include>SettingsCategoryRadioButtonVars</include>
                        <selected>Skin.HasSetting(StartupPlaylist)</selected>
                        <onclick>Skin.ToggleSetting(StartupPlaylist)</onclick>
                        <label>$LOCALIZE[31110]</label>
                    </control>
                    <control type="button" id="1009">
                        <width>1210</width>
                        <label>- $LOCALIZE[559]:</label>
                        <label2>[COLOR=SelectedBlue]$INFO[Skin.String(StartupPlaylist.Path)][/COLOR]</label2>
                        <include>SettingsCategoryDefaultButtonVars</include>
                        <onclick>Skin.SetFile(StartupPlaylist.Path,.mp4|.avi|.mkv|.m3u|.xsp,special://profile/playlists/music/)</onclick>
                        <enable>Skin.HasSetting(StartupPlaylist)</enable>
                        <animation effect="fade" start="100" end="42" time="0" condition="!Control.IsEnabled(1009)">Conditional</animation>
                    </control>
                    <control type="button" id="10091">
                        <width>1210</width>
                        <include>SettingsCategoryReloadSkin</include>
                        <onclick>ReloadSkin</onclick>
                        <label>$LOCALIZE[31352]</label>
                    </control>
                    <control type="button" id="10092">
                        <width>1210</width>
                        <include>SettingsCategoryReloadSkin</include>
                        <onclick>Skin.ResetSettings</onclick>
                        <label>$LOCALIZE[31024]</label>
                        <label2>[COLOR red]$LOCALIZE[31025][/COLOR]</label2>
                    </control>

                </control>


                <!-- =============== -->
                <!-- Add-on Settings -->
                <!-- =============== -->
                <control type="grouplist" id="5">
                    <onleft>30</onleft>
                    <include>SettingsCategoryGrouplistVars</include>
                    <visible>Container(30).HasFocus(38)</visible>
                    <control type="button" id="7002">
                        <width>1210</width>
                        <include>SettingsCategoryDefaultButtonVars</include>
                        <label>$LOCALIZE[31282]</label>
                        <label2>[COLOR=SelectedBlue]$INFO[system.addontitle(Skin.String(LyricScript_Path))][/COLOR]</label2>
                        <onclick>Skin.SetAddon(LyricScript_Path,xbmc.python.lyrics)</onclick>
                    </control>
                    <control type="radiobutton" id="7007">
                        <width>1210</width>
                        <include>SettingsCategoryRadioButtonVars</include>
                        <selected>Skin.HasSetting(NextAired.Enabled)</selected>
                        <onclick>Skin.ToggleSetting(NextAired.Enabled)</onclick>
                        <label>$LOCALIZE[31285]</label>
                    </control>
                    <control type="radiobutton" id="7008">
                        <width>1210</width>
                        <include>SettingsCategoryRadioButtonVars</include>
                        <selected>Skin.HasSetting(NextAired.Update)</selected>
                        <onclick>Skin.ToggleSetting(NextAired.Update)</onclick>
                        <label>- $LOCALIZE[31293]</label>
                    </control>
                    <control type="button" id="7009">
                        <width>1210</width>
                        <include>SettingsCategoryDefaultButtonVars</include>
                        <onclick>Addon.OpenSettings(script.tv.show.next.aired)</onclick>
                        <label>- $LOCALIZE[31290]</label>
                        <visible>Skin.HasSetting(NextAired.Enabled)</visible>
                    </control>
                    <control type="radiobutton" id="7010">
                        <width>1210</width>
                        <include>SettingsCategoryRadioButtonVars</include>
                        <selected>Skin.HasSetting(UpdateArt.Enabled)</selected>
                        <onclick>Skin.ToggleSetting(UpdateArt.Enabled)</onclick>
                        <label>$LOCALIZE[31294]</label>
                        <visible>System.HasAddon(script.artwork.downloader)</visible>
                    </control>
                </control>
                <control type="image" id="42">
                    <animation effect="fade" start="100" end="0" time="0" delay="1500">WindowOpen</animation>
                </control>
                <control type="image" id="41">
                    <animation effect="fade" start="0" end="100" time="0">Visible</animation>
                    <animation effect="fade" start="100" end="0" time="0">Hidden</animation>
                    <visible>Control.HasFocus(40) | !Control.IsVisible(42)</visible>
                </control>
                <control type="scrollbar" id="40">
                    <posx>1559</posx>
                    <posy>281</posy>
                    <width>6</width>
                    <height>608</height>
                    <texturesliderbackground></texturesliderbackground>
                    <texturesliderbar border="1">views/other/scrollbar-sq.png</texturesliderbar>
                    <texturesliderbarfocus border="1">views/other/scrollbar-sq.png</texturesliderbarfocus>
                    <textureslidernib></textureslidernib>
                    <textureslidernibfocus></textureslidernibfocus>
                    <onleft>5</onleft>
                    <onright>30</onright>
                    <showonepage>false</showonepage>
                    <orientation>vertical</orientation>
                    <animation effect="fade" start="45" end="0" time="300" tween="sine" easing="inout" condition="!Control.IsVisible(41)">Conditional</animation>
                </control>
            </control>
        </control>
        <include>Common-Info-NoOptions</include>
    </controls>
</window>