<?xml version="1.0" encoding="utf-8"?>
<window id="3001">
	<onload condition="!String.IsEmpty(ListItem.TvShowTitle)">SetProperty("TvTunesSupported", "TvShows")</onload>
	<onload condition="String.IsEmpty(ListItem.TvShowTitle)">SetProperty("TvTunesSupported", "Movies")</onload>
	<defaultcontrol always="true">51</defaultcontrol>
	<controls>
		<control type="image">
	        <posx>0</posx>
	        <posy>0</posy>
	        <width>1920</width>
	        <height>1080</height>
	    	<aspectratio>scale</aspectratio>
			<texture background="true">$INFO[ListItem.Art(fanart)]</texture>
			<visible>!Skin.HasSetting(HideBackGroundFanart) + !String.IsEmpty(ListItem.Property(Fanart_Image))</visible>
		</control>
		<control type="image">
			<aspectratio align="center">scale</aspectratio>
			<texture>fade/overlay.png</texture>
			<include>FullscreenDimensions</include>
		</control>
		<include>CommonItems</include>
		<include>VideoExtrasHeader</include>
		<include>Common-Info</include>
		<control type="group">
			<animation type="Visible">
				<effect type="slide" start="-1920" end="0" time="500" delay="0" tween="sine" easing="inout" />
			</animation>
			<animation type="Hidden">
				<effect type="zoom" start="100" end="75" center="640,540" time="250" tween="sine" easing="inout" />
				<effect type="slide" start="0" end="-2320" time="500" delay="0" tween="sine" easing="inout" />
			</animation>
			<control type="group">
			<animation type="Visible">
				<effect type="slide" start="-1920" end="0" time="500" delay="0" tween="sine" easing="inout" />
			</animation>
			<animation type="Hidden">
				<effect type="zoom" start="100" end="75" center="640,540" time="250" tween="sine" easing="inout" />
				<effect type="slide" start="0" end="-2320" time="500" delay="0" tween="sine" easing="inout" />
			</animation>
				<control type="image">
					<posx>248</posx>
					<posy>187</posy>
					<height>704</height>
					<width>1424</width>
					<texture border="4">views/list/panel/panel.png</texture>
				</control>
				<control type="image">
					<description>Shadow</description>
					<posx>150</posx>
					<posy>883</posy>
					<width>1620</width>
					<height>150</height>
					<texture>windows/home/item-shadow.png</texture>
				</control>
			</control>
		</control>
		<control type="group">
			<!-- include: VisibleFadeEffect -->
			<animation type="Visible">
				<effect type="slide" start="-1920" end="0" time="500" delay="0" tween="sine" easing="inout" />
			</animation>
			<animation type="Hidden">
				<effect type="zoom" start="100" end="75" center="640,540" time="250" tween="sine" easing="inout" />
				<effect type="slide" start="0" end="-2320" time="500" delay="0" tween="sine" easing="inout" />
			</animation>
			<control type="list" id="51">
				<posx>250</posx>
				<posy>190</posy>
				<height>700</height>
				<width>1420</width>
				<onleft>60</onleft>
				<onright>60</onright>
				<onup>51</onup>
				<ondown>51</ondown>
				<preloaditems>2</preloaditems>
				<viewtype label="537">list</viewtype>
				<scrolltime tween="cubic" easing="out">500</scrolltime>
				<itemlayout height="100">
					<control type="image">
						<description>List separator</description>
						<posx>0</posx>
						<posy>0</posy>
						<width>1420</width>
						<height>101</height>
						<texture border="90,3,90,3">views/list/other/separator.png</texture>
					</control>
					<control type="label">
						<description>Label</description>
						<posx>140</posx>
						<posy>0</posy>
						<width>1250</width>
						<height>100</height>
						<font>Font-Condensed-S34-B</font>
						<align>left</align>
						<label>$INFO[ListItem.Label]</label>
						<textcolor>aawhite</textcolor>
						<selectedcolor>aawhite</selectedcolor>
						<scroll>false</scroll>
					</control>
					<control type="label">
						<description>Label 2</description>
						<posx>1390</posx>
						<posy>0</posy>
						<width>1250</width>
						<height>98</height>
						<font>Font-Condensed-S36</font>
						<align>right</align>
						<label>$INFO[ListItem.Label2, ,]</label>
						<textcolor>99FFFFFF</textcolor>
						<selectedcolor>99FFFFFF</selectedcolor>
						<scroll>false</scroll>
					</control>
					<control type="image">
						<posx>1050</posx>
						<posy>14</posy>
						<width>16</width>
						<height>16</height>
						<texture>OverlayWatching.png</texture>
						<visible>ListItem.IsResumable</visible>
					</control>
					<control type="image">
						<posx>30</posx>
						<posy>8</posy>
						<width>85</width>
						<height>85</height>
						<texture background="true">$INFO[ListItem.Icon]</texture>
						<aspectratio>keep</aspectratio>
					</control>
					<control type="image">
						<posx>1050</posx>
						<posy>14</posy>
						<width>20</width>
						<height>20</height>
						<!-- Default XBMC Icon -->
						<texture>OverlayWatched.png</texture>
						<visible>Integer.IsGreater(ListItem.PlayCount,0)</visible>
					</control>
				</itemlayout>
				<focusedlayout height="100">
					<control type="image">
						<description>List separator</description>
						<posx>0</posx>
						<posy>0</posy>
						<width>1420</width>
						<height>101</height>
						<texture border="90,3,90,3">views/list/other/separator.png</texture>
					</control>
					<control type="image">
						<posx>0</posx>
						<posy>0</posy>
						<width>1420</width>
						<height>99</height>
						<texture border="150,1,150,1">views/other/focus.png</texture>
						<include>defaultfocusanim</include>
						<include>visiblehidefadeinfo</include>
						<visible>Control.HasFocus(51)</visible>
					</control>
					<control type="image">
						<posx>30</posx>
						<posy>8</posy>
						<width>85</width>
						<height>85</height>
						<texture background="true">$INFO[ListItem.Icon]</texture>
						<aspectratio>keep</aspectratio>
					</control>
					<control type="label">
						<description>Label</description>
						<posx>140</posx>
						<posy>0</posy>
						<width>1250</width>
						<height>100</height>
						<font>Font-Condensed-S34-B</font>
						<align>left</align>
						<label>$INFO[ListItem.Label]</label>
						<textcolor>eewhite</textcolor>
						<selectedcolor>eewhite</selectedcolor>
					</control>
					<control type="image">
						<posx>30</posx>
						<posy>8</posy>
						<width>85</width>
						<height>85</height>
						<texture background="true">$INFO[ListItem.Icon]</texture>
						<aspectratio>keep</aspectratio>
					</control>
					<control type="image">
						<posx>1050</posx>
						<posy>14</posy>
						<width>16</width>
						<height>16</height>
						<texture>OverlayWatching.png</texture>
						<visible>ListItem.IsResumable</visible>
					</control>
					<control type="image">
						<posx>1050</posx>
						<posy>14</posy>
						<width>20</width>
						<height>20</height>
						<texture>OverlayWatched.png</texture>
						<visible>Integer.IsGreater(ListItem.PlayCount,0)</visible>
					</control>
				</focusedlayout>
			</control>
		</control>
		<control type="group">
			<description>Plot: ScrollingDetails</description>
			<posx>120</posx>
			<posy>610</posy>
			<width>1000</width>
			<height>40</height>
			<orientation>horizontal</orientation>
			<align>left</align>
			<itemgap>5</itemgap>
			<visible>!String.IsEmpty(ListItem.Plot)</visible>
			<control type="label">
				<posx>0</posx>
				<posy>0</posy>
				<width min="70" max="70">auto</width>
				<font>font14</font>
				<textcolor>FF0084ff</textcolor>
				<selectedcolor>FFEB9E17</selectedcolor>
				<align>left</align>
				<aligny>center</aligny>
				<label>$ADDON[script.videoextras 32113]:</label>
			</control>
		</control>
	</controls>
</window>
