<?xml version="1.0.1" encoding="UTF-8" standalone="yes"?>
<addon id="repository.soufone" name="Soufone Addon Repository" version="1.0.0" provider-name="Soufone">
      <extension point="xbmc.addon.repository" name="Soufone Addon Repository">
        <info compressed="true">https://github.com/soufone94/SoufoneKODI/raw/master/addons.xml</info>
    <checksum>https://github.com/soufone94/SoufoneKODI/raw/master/addons.xml.md5</checksum>
    <datadir zip="true">https://github.com/soufone94/SoufoneKODI</datadir>
  </extension>
      <extension point="xbmc.addon.metadata">
        <summary>Addons related to XBMC for Arabic TV</summary>
         <description>Go though the plugins and see what you like</description>
        <platform>all</platform>
      </extension>
</addon>

