<?xml version="1.0.1" encoding="UTF-8" standalone="yes"?>
<addon id="repository.soufone" name="Soufone Addon Repository" version="0.3.2" provider-name="Soufone">
      <extension point="xbmc.addon.repository" name="Soufone Addon Repository">
        <info compressed="true">https://www.dropbox.com/sh/dvzkux5tv0x7bo4/AABKXx7dRaUt15opqKq6gFvja?dl=1</info>
    <checksum>https://www.dropbox.com/sh/dvzkux5tv0x7bo4/AABKXx7dRaUt15opqKq6gFvja?dl=1</checksum>
    <datadir zip="true">https://www.dropbox.com/sh/dvzkux5tv0x7bo4/AABKXx7dRaUt15opqKq6gFvja?dl=1</datadir>
  </extension>
      <extension point="xbmc.addon.metadata">
        <summary>Addons related to XBMC for Arabic TV</summary>
         <description>Go though the plugins and see what you like</description>
        <platform>all</platform>
      </extension>
</addon>

