<?xml version="1.0" encoding="UTF-8" standalone="yes"?>
<addon id="script.maps.browser" name="Maps Browser" version="1.1.0" provider-name="Philipp Temminghoff (phil65)">
	<requires>
		<import addon="xbmc.python" version="2.25.0"/>
		<import addon="script.module.pil" version="1.1.7"/>
		<import addon="script.module.kodi65" version="1.0.0"/>
	</requires>
	<extension point="xbmc.python.script" library="default.py">
		<provides>executable</provides>
	</extension>
	<extension point="xbmc.addon.metadata">
		<language/>
		<summary lang="en">Google Maps Browser (including Street View)</summary>
		<summary lang="zh_TW">Google 地圖瀏覽器 (包括街景)</summary>
		<description lang="en">This Maps Browser Add-on allows you to explore the map with a remote. It can also show POIs, geotagged images and much more on the map.</description>
		<description lang="zh_TW">此地圖瀏覽器元件可以讓您用遙控探索地圖。它也可以顯示興趣點，地理標記了的圖片及在地圖上的更多資訊。</description>
		<platform>all</platform>
		<license>GNU GENERAL PUBLIC LICENSE Version 2, June 1991</license>
		<forum>-</forum>
		<source>https://github.com/phil65/script.maps.browser</source>
		<email>phil65@kodi.tv</email>
		<assets>
			<icon>resources/icon.png</icon>
			<fanart>resources/fanart.jpg</fanart>
			<screenshot>resources/screenshot-01.jpg</screenshot>
			<screenshot>resources/screenshot-02.jpg</screenshot>
			<screenshot>resources/screenshot-03.jpg</screenshot>
			<screenshot>resources/screenshot-04.jpg</screenshot>
			<screenshot>resources/screenshot-05.jpg</screenshot>
		</assets>
	</extension>
</addon>
