<window>
    <allowoverlay>no</allowoverlay>
    <coordinates>
        <system>1</system>
        <posx>0</posx>
        <posy>0</posy>
    </coordinates>
    <controls>    
        <control type="image">
            <description>Background</description>
            <posx>0</posx>
            <posy>0</posy>
            <width>1280</width>
            <height>720</height>
            <texture>pstvlBackground.png</texture>
            <visible>Control.IsVisible(101)</visible>
        </control>
        <control type="label" id="101">
            <description>Background</description>
            <posx>0</posx>
            <posy>0</posy>
            <width>1280</width>
            <height>720</height>
            <label></label>
            <font>font30</font>
            <align>center</align>
            <aligny>center</aligny>
        </control>      
        <control type="image" id="103">
            <description>Channel Bug</description>
            <posx>150r</posx>
            <posy>125r</posy>
            <width>100</width>
            <height>100</height>
            <aspectratio>keep</aspectratio>
            <texture></texture>
            <animation effect="fade" start="40" end="40" condition="True">Conditional</animation>
        </control>    
        <control type="button" id="520">
            <description>Channel num color</description>
            <label>0xFF00b4db</label>
            <visible>false</visible>
        </control>   
        <control type="group" id="102">
            <animation effect="fade" time="500">VisibleChange</animation> 
            <control type="image">
                <description>Info Background Image</description>
                <posx>0</posx>
                <posy>0</posy>
                <width>1280</width>
                <height>720</height>
                <texture>pstvlInfoWindow.png</texture>
            </control>  
            <control type="image">
                <description>Info Background Image</description>
                <posx>0</posx>
                <posy>0</posy>
                <width>1280</width>
                <height>720</height>
                <texture>pstvlBackground2.png</texture>
            </control>       
            <control type="group" id="513">  
            <!-- landscape Window --> 
                <posx>-15</posx>
                <posy>530</posy>
                <control type="image">
                    <texture fallback="landscape.png">$INFO[Player.Art(landscape)]</texture>
                    <width>300</width>
                    <height>125</height>
                    <align>center</align>
                    <aspectratio>keep</aspectratio>
                </control>
                <control type="image">
                    <texture>$INFO[Player.Art(tvshow.landscape)]</texture>
                    <width>300</width>
                    <height>125</height>
                    <align>center</align>
                    <aspectratio>keep</aspectratio>
                </control>
            </control>
            <control type="group">
            <!-- landscape Window --> 
                <posx>-15</posx>
                <posy>530</posy>
                <control type="button" id="507">
                    <description>Dynamic art</description>
                    <label>landscape</label>
                    <visible>false</visible>
                </control>
                <control type="image" id="508">
                    <description>Dynamic art</description>
                    <width>300</width>
                    <height>125</height>
                    <align>center</align>
                    <aspectratio>keep</aspectratio>
                </control> 
            </control>            
            <control type="image" id="511">
                <description>Sickbeard/Couchpotato Icon</description>   
                <posx>221</posx>
                <posy>630</posy>         
                <width>20</width>
                <height>20</height>
                <aspectratio>scale</aspectratio>
                <visible></visible>
            </control> 
            <control type="image" id="512">
                <description>Unaired NEW Icon</description>         
                <posx>20</posx>
                <posy>528</posy>  
                <width>100</width>
                <height>100</height>
                <aspectratio>keep</aspectratio>
                <visible></visible>
            </control>
            <control type="label" id="502">
                <posx>-15</posx>
                <posy>653</posy>
                <description>Now watching Label</description>
                <width>300</width>
                <height>30</height>
                <label>Now Playing</label>
                <font>font12</font>
                <align>center</align>
                <textcolor>C0C0C0C0</textcolor>
            </control>  
<!--line 1 -->
            <control type="grouplist">
                <posx>285</posx>
                <posy>525</posy>
                <width>950</width>
                <height>40</height>
                <align>left</align>
                <aligny>bottom</aligny>
                <orientation>horizontal</orientation>
                <itemgap>5</itemgap>
                <control type="label" id="503">
                    <description>Show Name Label</description>
                    <width min="55" max="600">auto</width>
                    <height>30</height>
                    <label></label>
                    <font>font14</font>
                    <textcolor>FF0297eb</textcolor>
                    <scroll>true</scroll>
                    <wrapmultiline>false</wrapmultiline>
                    <scrollspeed>50</scrollspeed>
                    <scrollsuffix> - </scrollsuffix>
                </control>
                <control type="label">
                    <description>Showtitle Sep Label</description>
                    <width>10</width>
                    <height>30</height>
                    <label>�</label>
                    <font>font14</font>
                    <textcolor>FF0297eb</textcolor>
                    <visible>!VideoPlayer.Content(movie)</visible>
                </control>
                <control type="label" id="504">
                    <description>Show Title Label</description>
                    <width min="55" max="600">auto</width>
                    <height>30</height>
                    <label></label>
                    <font>font14</font>
                    <textcolor>FFFFFFFF</textcolor>
                    <scroll>true</scroll>
                    <wrapmultiline>false</wrapmultiline>
                    <scrollspeed>50</scrollspeed>
                    <scrollsuffix> - </scrollsuffix>
                </control>
            </control>
            <control type="label" id="300">
                <description>Channel Name</description>
                <width min="5" max="600">auto</width>
                <height>30</height>
                <label></label>
                <font>font14</font>
                <align>left</align>
                <aligny>center</aligny>
                <textcolor>FFFFFFFF</textcolor>
                <visible>false</visible>
            </control> 
        <control type="label" id="505">
            <description>Show Description</description>
            <posx>285</posx>
            <posy>570</posy>
            <width>950</width>
            <height>100</height>
            <align>left</align>
            <aligny>top</aligny>
            <label></label>
            <textcolor>FFFFFFFF</textcolor>
            <font>font12</font>
            <wrapmultiline>true</wrapmultiline>
            <autoscroll time="1000" delay="1000" repeat="2000">Skin.HasSetting(AutoScroll)</autoscroll>
        </control>
<!--line 3 logos-->
      <!--   <control type="grouplist">
            <posx>155</posx>
            <posy>625</posy>
            <width>850</width>
            <height>30</height>
            <itemgap>5</itemgap>
            <orientation>horizontal</orientation>
            <control type="image">
                <description>Video rez Image</description>
                <width>30</width>
                <height>30</height>
                <aspectratio>keep</aspectratio>
                <texture>$INFO[VideoPlayer.VideoResolution,flags\resolution\,.png]</texture>
                <colordiffuse>white</colordiffuse>
                <visible>!IsEmpty(VideoPlayer.VideoResolution)</visible>
            </control>
            <control type="image">
                <description>Codec Image</description>
                <width>30</width>
                <height>30</height>
                <aspectratio>keep</aspectratio>
                <texture>$INFO[VideoPlayer.VideoCodec,flags\source\,.png]</texture>
                <colordiffuse>white</colordiffuse>
                <visible>![substring(VideoPlayer.VideoCodec,div,left) | stringcompare(VideoPlayer.VideoCodec,dx50)]</visible>
            </control>
            <control type="image">
                <description>Codec Image</description>
                <width>30</width>
                <height>30</height>
                <aspectratio>keep</aspectratio>
                <texture>flags\source\divx.png</texture>
                <colordiffuse>white</colordiffuse>
                <visible>[substring(VideoPlayer.VideoCodec,div,left) | stringcompare(VideoPlayer.VideoCodec,dx50)]</visible>
            </control>
            <control type="image">
                <description>Aspectratio Image</description>
                <width>30</width>
                <height>30</height>
                <aspectratio>keep</aspectratio>
                <texture>$INFO[VideoPlayer.VideoAspect,flags\aspectratio\,.png]</texture>
                <colordiffuse>white</colordiffuse>
                <visible>!IsEmpty(VideoPlayer.VideoAspect)</visible>
            </control>
            <control type="image">
                <description>Audio Codec Image</description>
                <width>30</width>
                <height>30</height>
                <aspectratio>keep</aspectratio>
                <texture>$INFO[VideoPlayer.AudioCodec,flags\audio\,.png]</texture>
                <colordiffuse>white</colordiffuse>
            </control>
            <control type="image">
                <description>Audio Channel Image</description>
                <width>30</width>
                <height>30</height>
                <aspectratio>keep</aspectratio>
                <texture>$INFO[VideoPlayer.AudioChannels,flags\audio\,.png]</texture>
                <colordiffuse>white</colordiffuse>
                <visible>!IsEmpty(VideoPlayer.AudioChannels)</visible>
            </control>
            <control type="fadelabel">
                <posy>545</posy>
                <width>645</width>
                <height>30</height>
                <align>left</align>
                <aligny>center</aligny>
                <font>font12</font>
                <textcolor>FFFFFFFF</textcolor>
                <label>$INFO[VideoPlayer.Genre]</label>
                <label>$INFO[VideoPlayer.RatingAndVotes,[COLOR bcicon]$LOCALIZE[31095]:[/COLOR] ]$INFO[VideoPlayer.Top250,[COLOR bcicon] $LOCALIZE[13409][/COLOR] # ]</label>
                <label>$INFO[VideoPlayer.mpaa]</label>
                <label>$INFO[VideoPlayer.TimeRemaining, Remaining: ]</label>
                <scroll>true</scroll>
                <scrollspeed>70</scrollspeed>
                <pauseatend>5000</pauseatend>
                <visible>VideoPlayer.Content(movies)</visible>
            </control>
                <control type="fadelabel">
                <posy>545</posy>
                <width>645</width>
                <height>30</height>
                <align>left</align>
                <aligny>center</aligny>
                <font>font12</font>
                <textcolor>FFFFFFFF</textcolor>
                <label>$INFO[VideoPlayer.Premiered, First aired: ]</label>
                <label>$INFO[Player.Duration, Duration: ]</label>
                <label>$INFO[Player.TimeRemaining, Remaining: ]</label>
                <label>$INFO[PlayerPlayer.FinishTime, Finish By: ]</label>
                <scroll>true</scroll>
                <scrollspeed>70</scrollspeed>
                <pauseatend>5000</pauseatend>
                <visible>VideoPlayer.Content(episodes)</visible>
            </control>
        </control>                
        <!--hulu.logo-->
<!--             <control type="image">
                <description>hulu</description>                
                <posx>1175</posx>
                <posy>626</posy>
                <width>170</width>
                <height>30</height>
                <colordiffuse>FFFFFFFF</colordiffuse>
                <aspectratio>keep</aspectratio>
                <align>center</align>
                <texture>hulu.png</texture>
                <visible>[substring(Player.FilenameAndPath,hulu)]</visible>
            </control>-->
        <control type="image">
            <description>Description Line</description>
            <posx>285</posx>
            <posy>560</posy>
            <width>950</width>
            <height>2</height>
            <texture>pstvlButtonFocus.png</texture>
        </control>
        <control type="group" id="515">  
            <visible></visible>
            <control type="progress">
                <posx>285</posx>
                <posy>560</posy>
                <width>950</width>
                <height>2</height>
                <texturebg>seek/progress_back.png</texturebg>
                <lefttexture border="0">seek/progresscache_left.png</lefttexture>
                <midtexture border="0">seek/progresscache_mid.png</midtexture>
                <righttexture border="0">seek/progresscache_right.png</righttexture>
                <info>Player.ProgressCache</info>
            </control>
            <control type="progress">
                <posx>285</posx>
                <posy>560</posy>
                <width>950</width>
                <height>2</height>
                <texturebg>seek/progresscache_back.png</texturebg>
                <lefttexture border="0">seek/progress_left.png</lefttexture>
                <midtexture border="0">seek/progress_mid.png</midtexture>
                <righttexture border="0">seek/progress_right.png</righttexture>
                <info>Player.Progress</info>
            </control> 
        </control>             
        
        <control type="grouplist">
            <posx>20</posx>
            <posy>675</posy>
            <width>1280</width>
            <height>50</height>
            <align>left</align>
            <aligny>center</aligny>
            <orientation>horizontal</orientation>
            <itemgap>8</itemgap>
                <control type="image" id="506">
                    <description>Show Channel Icon</description>
                    <width>50</width>
                    <height>50</height>
                    <align>left</align>
                    <aligny>center</aligny>
                    <aspectratio>keep</aspectratio>
                </control>            
                <control type="image">
                    <description>Video rez Image</description>
                    <width>50</width>
                    <height>50</height>                    
                    <align>left</align>
                    <aligny>center</aligny>
                    <aspectratio>keep</aspectratio>
                    <texture>$INFO[VideoPlayer.VideoResolution,flags/resolution/,.png]</texture>
                    <colordiffuse>white</colordiffuse>
                    <visible>!IsEmpty(VideoPlayer.VideoResolution)</visible>
                </control>  
                <control type="image">
                    <description>Codec Image</description>
                    <width>50</width>
                    <height>50</height>                    
                    <align>left</align>
                    <aligny>center</aligny>
                    <aspectratio>keep</aspectratio>
                    <texture>$INFO[VideoPlayer.VideoCodec,flags/source/,.png]</texture>
                    <colordiffuse>white</colordiffuse>
                    <visible>![substring(VideoPlayer.VideoCodec,div,left) | stringcompare(VideoPlayer.VideoCodec,dx50)]</visible>
                </control>
                <control type="image">
                    <description>Audio Channel Image</description>
                    <width>50</width>
                    <height>50</height>                    
                    <align>left</align>
                    <aligny>center</aligny>
                    <aspectratio>keep</aspectratio>
                    <texture>$INFO[VideoPlayer.AudioCodec,flags/audio/,.png]</texture>
                    <colordiffuse>white</colordiffuse>
                    <visible>!IsEmpty(VideoPlayer.AudioChannels)</visible>
                </control>
        </control>  
        
        <!-- <control type="label">
            <description>startime</description>
            <posx>285</posx>
            <posy>688</posy>
            <width>100</width>
            <height>10</height>
            <label>$INFO[System.Time(ii:mm)]</label>
            <font>font12</font>
            <align>left</align>
            <textcolor>C0C0C0C0</textcolor>
        </control>
        <control type="label">
            <description>remtime</description>
            <posx>1000</posx>
            <posy>688</posy>
            <width>100</width>
            <height>10</height>
            <label>$INFO[Player.TimeRemaining(ii:mm)]</label>
            <font>font12</font>
            <align>right</align>
            <textcolor>C0C0C0C0</textcolor>
        </control>
        <control type="label">
            <description>endtime</description>
            <posx>1105</posx>
            <posy>688</posy>
            <width>100</width>
            <height>10</height>
            <label>$INFO[Player.FinishTime(ii:mm)]</label>
            <font>font12</font>
            <align>right</align>
            <textcolor>C0C0C0C0</textcolor>
        </control>      -->
    </control>
    <!-- Overlay Coming Up Next Popup -->
        <control type="group" id="120">
            <control type="image">
                <description>Info Background Image</description>
                <posx>0</posx>
                <posy>0</posy>
                <width>1280</width>
                <height>720</height>
                <texture>pstvlPopupWindow.png</texture>
            </control>
            <control type="group">       
            <control type="button" id="121">
                <description>Notification art type</description>
                <label>landscape</label>
                <visible>false</visible>
            </control>
            <control type="image" id="122">
                <description>Notification artwork</description>
                <posx>927</posx>
                <posy>492</posy>   
                <width>300</width>
                <height>125</height>
                <align>center</align>
                <aspectratio>keep</aspectratio>
            </control>
            <control type="fadelabel">
                <description>Popup fadelabel</description>
                <posx>970</posx>
                <posy>631</posy>  
                <width>215</width>
                <height>40</height>
                <visible>true</visible>
                <pauseatend>2666</pauseatend>
                <label></label>
                <info>Control.GetLabel(123)</info>
                <info>Control.GetLabel(124)</info>
                <font>font16</font>
                <scroll>false</scroll>
                <scrollout>false</scrollout>
                <textcolor>FFFFFFFF</textcolor>
                <align>center</align>
                <autoscroll time="2000" delay="0" repeat="0">Skin.HasSetting(AutoScroll)</autoscroll>
            </control>
            <control type="label" id="123">
                <description>Notification Title</description>
                <font>font16</font>
                <align>center</align>
                <textcolor>FFFFFFFF</textcolor>
                <visible>false</visible>
            </control>                  
            <control type="label" id="124">
                <description>Notification Show</description>
                <font>font12</font>
                <align>center</align>
                <textcolor>FFFFFFFF</textcolor>
                <visible>false</visible>
            </control>              
            <control type="label" id="125">
                <description>Notification Episode</description>
                <font>font12</font>
                <align>center</align>
                <textcolor>FFFFFFFF</textcolor>
                <visible>false</visible>
            </control>  
        </control>
        </control>
    </controls>      
</window>
