<sources>
    <programs>
        <default pathversion="1"></default>
    </programs>
    <video>
        <default pathversion="1"></default>
        <source>
            <name>film</name>
            <path pathversion="1">smb://192.168.1.47/Media/film/</path>
            <path pathversion="1">smb://192.168.1.47/Media/torrent/complet/film/</path>
            <path pathversion="1">smb://192.168.1.47/vu/movies/</path>
            <allowsharing>true</allowsharing>
        </source>
        <source>
            <name>serie</name>
            <path pathversion="1">smb://192.168.1.47/Media/serie/</path>
            <path pathversion="1">smb://192.168.1.47/Media/torrent/complet/serie/</path>
            <allowsharing>true</allowsharing>
        </source>
        <source>
            <name>Media</name>
            <path pathversion="1">smb://192.168.1.47/Media/</path>
            <allowsharing>true</allowsharing>
        </source>
        <source>
            <name>HomeMade</name>
            <path pathversion="1">smb://192.168.1.47/Media/HomeMade/</path>
            <allowsharing>true</allowsharing>
        </source>
        <source>
            <name>vu</name>
            <path pathversion="1">smb://192.168.1.47/vu/</path>
            <allowsharing>true</allowsharing>
        </source>
        <source>
            <name>Clips</name>
            <path pathversion="1">smb://192.168.1.47/Media/Clips/</path>
            <allowsharing>true</allowsharing>
        </source>
    </video>
    <music>
        <default pathversion="1"></default>
    </music>
    <pictures>
        <default pathversion="1">diapo</default>
        <source>
            <name>diapo</name>
            <path pathversion="1">smb://192.168.1.47/diapo/</path>
            <allowsharing>true</allowsharing>
        </source>
        <source>
            <name>Pictures</name>
            <path pathversion="1">smb://192.168.1.47/Volume_1/Photos/Pictures/</path>
            <allowsharing>true</allowsharing>
        </source>
    </pictures>
    <files>
        <default pathversion="1"></default>
        <source>
            <name>Media nas</name>
            <path pathversion="1">smb://192.168.1.47/Media/</path>
            <allowsharing>true</allowsharing>
        </source>
        <source>
            <name>_extensios_fr</name>
            <path pathversion="1">http://bestkodi.ca/Extensions_Fr/</path>
            <allowsharing>true</allowsharing>
        </source>
    </files>
</sources>
