<?xml version="1.0" encoding="UTF-8"?>
<window>
    <allowoverlay>no</allowoverlay>
    <coordinates>
        <system>1</system>
        <posx>0</posx>
        <posy>0</posy>
    </coordinates>
    <animation effect="fade" start="0" end="100" time="400">WindowOpen</animation>
    <controls>
        
        <!--BACKGROUND-->
        <control type="group">	
            <control type="image">
                <left>0</left>
				<top>400</top>
				<width>1280</width>
				<height>320</height>
                <texture>floor.png</texture>
            </control>
            <control type="group">
                <posx>0</posx>
                <posy>75</posy>
                <control type="image">
                    <posx>327</posx>
                    <posy>583</posy>
                    <width>920</width>
                    <height>603</height>
                    <texture border="40">panel_reflect.png</texture>
                </control>
                <control type="image">
                    <posx>327</posx>
                    <posy>0</posy>
                    <width>920</width>
                    <height>613</height>
                    <texture border="40">listpanel_back.png</texture>
                </control>
                <control type="image">
                    <posx>33</posx>
                    <posy>583</posy>
                    <width>280</width>
                    <height>603</height>
                    <texture border="40">panel_reflect.png</texture>
                </control>
                <control type="image">
                    <posx>33</posx>
                    <posy>0</posy>
                    <width>280</width>
                    <height>613</height>
                    <texture border="40">listpanel_back.png</texture>
                </control>
            </control>  
        </control>
        
        <!--HEADER-->
        <control type="group">
            <animation effect="slide" start="0,-60" end="0,0" delay="800" time="480" condition="true">WindowOpen</animation>
            <animation effect="slide" end="0,-40" start="0,0" time="480" condition="true">WindowClose</animation>
            <control type="image">
                <posx>0</posx>
                <posy>0</posy>
                <width>1280</width>
                <height>44</height>
                <texture border="1">topbar.png</texture>
            </control>
            <control type="label">
                <width>600</width>
                <height>60</height>
                <textoffsetx>10</textoffsetx>
                <textoffsety>-1</textoffsety>
                <align>left</align>
                <aligny>top</aligny>
                <label>$INFO[System.AddonTitle(script.pseudotv)]</label>
                <textcolor>grey2</textcolor>
                <font>font13_title</font>
            </control>
            <control type="label">
                <posx>1280</posx>
                <width>600</width>
                <height>60</height>
                <textoffsetx>10</textoffsetx>
                <textoffsety>-1</textoffsety>
                <align>right</align>
                <aligny>top</aligny>
                <label>$INFO[VideoPlayer.Time]$INFO[VideoPlayer.Duration, / ,]</label>
                <textcolor>grey2</textcolor>
                <font>font13_title</font>
            </control>
            <control type="label">
                <posx>0</posx>
                <width>1280</width>
                <height>60</height>
                <textoffsetx>10</textoffsetx>
                <textoffsety>-1</textoffsety>
                <align>center</align>
                <aligny>top</aligny>
                <label>$INFO[System.Time]</label>
                <textcolor>grey2</textcolor>
                <font>font13_title</font>
            </control>
            <control type="image">
                <posx>0</posx>
                <posy>0</posy>
                <width>8</width>
                <height>21</height>
                <texture>mediamenu_indicator.png</texture>               
            </control>
            <control type="group">
                <posx>720</posx>
                <visible>Player.HasMedia + ![Window.IsActive(volumebar)]</visible>
                <animation effect="slide" start="0,-40" end="0,0" time="200">Visible</animation>
                <animation effect="slide" start="0,0" end="0,-27" time="200">Hidden</animation>
                <control type="progress">
                    <posx>0</posx>
                    <posy>0</posy>
                    <width>333</width>
                    <height>25</height>
                    <texturebg border="2">osd/texturebg.png</texturebg>
                    <lefttexture>-</lefttexture>
                    <midtexture border="2">osd/midtexture_cache.png</midtexture>
                    <righttexture>-</righttexture>
                    <overlaytexture>-</overlaytexture>
                    <info>Player.ProgressCache</info>
                </control>
                <control type="progress">
                    <posx>0</posx>
                    <posy>0</posy>
                    <width>333</width>
                    <height>23</height>
                    <texturebg border="1">osd/texturebg_cache.png</texturebg>
                    <lefttexture>-</lefttexture>
                    <midtexture border="2">osd/midtexture.png</midtexture>
                    <righttexture>-</righttexture>
                    <overlaytexture>-</overlaytexture>
                    <info>Player.Progress</info>
                </control>
                <control type="label">
                    <posx>0</posx>
                    <posy>0</posy>
                    <width>333</width>
                    <height>60</height>
                    <textoffsetx>7</textoffsetx>
                    <textoffsety>-1</textoffsety>
                    <align>left</align>
                    <aligny>top</aligny>
                    <label>$INFO[Player.Title]</label>
                    <shadowcolor>AA000000</shadowcolor>
                    <textcolor>grey</textcolor>
                    <font>font13_title</font>
                    <scroll>true</scroll>
                </control>
            </control>
        </control>
		
        
        <!--CHANNEL BUTTONS AND LABELS-->		
		<control type="group">
			<left>65</left>
			<top>96</top>
			<width>300</width>
			<height>500</height>			
			<!--CHANNEL HEADER-->
			<control type="label" id="104">
				<description>Date Label</description>
				<left>3</left>
				<top>0</top>
				<width>300</width>
				<height>40</height>
				<label>Current Date</label>
				<font>font13</font>
				<align>left</align>
				<aligny>center</aligny>
                <textcolor>labelheader</textcolor>
			</control>
            <control type="image">
                <description>separator image</description>
                <posx>0</posx>
                <posy>1</posy>
                <width>218</width>
                <height>48</height>
                <texture>separator2.png</texture>                
            </control>
            
            <control type="group">
                <posy>15</posy>
                <!--CHANNEL 1-->           
                <control type="image">
                    <description>Channel 1 Back</description>
                    <posx>0</posx>
                    <posy>36</posy>
                    <width>218</width>
                    <height>60</height>
                    <texture>separator2.png</texture>                
                </control>
                <control type="label" id="311">
                    <description>Channel 1 Number</description>
                    <left>5</left>
                    <top>36</top>
                    <width>40</width>
                    <height>58</height>
                    <font>font15_title</font>
                    <align>left</align>
                    <aligny>center</aligny>
                    <textcolor>grey2</textcolor>
                </control>           
                <control type="image" id="321">
                    <description>Channel 1 Icon</description>
                    <left>45</left>
                    <top>38</top>
                    <width>45</width>
                    <height>44</height>
                    <aspectratio>keep</aspectratio>
                    <visible>false</visible>
                </control>			
                <control type="label" id="301">
                    <description>Channel 1 Name</description>
                    <left>45</left>
                    <top>36</top>
                    <width>170</width>
                    <height>58</height>
                    <font>font15</font>
                    <textcolor>grey2</textcolor>
                    <aligny>center</aligny>
                    <align>left</align>
                    <scroll>true</scroll>
                </control>
                <!-- CHANNEL 2 -->			
                <control type="image">
                    <description>Channel 2 Back</description>
                    <posx>0</posx>
                    <posy>96</posy>
                    <width>218</width>
                    <height>60</height>
                    <texture>separator2.png</texture>                
                </control>           
                <control type="label" id="312">
                    <description>Channel 2 Number</description>
                    <left>5</left>
                    <top>96</top>
                    <width>40</width>
                    <height>58</height>
                    <font>font15_title</font>
                    <align>left</align>
                    <aligny>center</aligny>
                    <textcolor>grey2</textcolor>
                </control>
                <control type="image" id="322">
                    <description>Channel 2 Icon</description>
                    <left>45</left>
                    <top>96</top>
                    <width>45</width>
                    <height>44</height>
                    <aspectratio>keep</aspectratio>
                    <visible>false</visible>
                </control>			
                <control type="label" id="302">
                    <description>Channel 2 Name</description>
                    <left>45</left>
                    <top>96</top>
                    <width>170</width>
                    <height>58</height>
                    <font>font15</font>
                    <textcolor>grey2</textcolor>
                    <aligny>center</aligny>
                    <align>left</align>
                    <scroll>true</scroll>
                </control>
                <!-- CHANNEL 3 -->			
                <control type="image">
                    <description>Channel 3 Back</description>
                    <posx>0</posx>
                    <posy>156</posy>
                    <width>218</width>
                    <height>60</height>
                    <texture>separator2.png</texture>
                </control>
                <control type="label" id="313">
                    <description>Channel 3 Number</description>
                    <left>5</left>
                    <top>156</top>
                    <width>40</width>
                    <height>58</height>
                    <font>font15_title</font>
                    <align>left</align>
                    <aligny>center</aligny>
                    <textcolor>grey2</textcolor>
                </control>
                <control type="image" id="323">
                    <description>Channel 3 Icon</description>
                    <left>45</left>
                    <top>156</top>
                    <width>45</width>
                    <height>60</height>
                    <aspectratio>keep</aspectratio>
                    <visible>false</visible>
                </control>			
                <control type="label" id="303">
                    <description>Channel 3 Name</description>
                    <left>45</left>
                    <top>156</top>
                    <width>170</width>
                    <height>58</height>
                    <font>font15</font>
                    <textcolor>grey2</textcolor>
                    <aligny>center</aligny>
                    <align>left</align>
                    <scroll>true</scroll>
                </control>
                <!-- CHANNEL 4 -->			
                <control type="image">
                    <description>Channel 4 Back</description>
                    <posx>0</posx>
                    <posy>216</posy>
                    <width>218</width>
                    <height>60</height>
                    <texture>separator2.png</texture>
                </control>
                <control type="label" id="314">
                    <description>Channel 4 Number</description>
                    <left>5</left>
                    <top>216</top>
                    <width>40</width>
                    <height>58</height>
                    <font>font15_title</font>
                    <align>left</align>
                    <aligny>center</aligny>
                    <textcolor>grey2</textcolor>
                </control>
                <control type="image" id="324">
                    <description>Channel 4 Icon</description>
                    <left>45</left>
                    <top>216</top>
                    <width>45</width>
                    <height>58</height>
                    <aspectratio>keep</aspectratio>
                    <visible>false</visible>
                </control>			
                <control type="label" id="304">
                    <description>Channel 4 Name</description>
                    <left>45</left>
                    <top>216</top>
                    <width>170</width>
                    <height>58</height>
                    <font>font15</font>
                    <textcolor>grey2</textcolor>
                    <aligny>center</aligny>
                    <align>left</align>
                    <scroll>true</scroll>
                </control>	
                <!-- CHANNEL 5 -->			
                <control type="image">
                    <description>Channel 5 Back</description>
                    <posx>0</posx>
                    <posy>276</posy>
                    <width>218</width>
                    <height>60</height>
                    <texture>separator2.png</texture>
                </control>
                <control type="label" id="315">
                    <description>Channel 5 Number</description>
                    <left>5</left>
                    <top>276</top>
                    <width>40</width>
                    <height>58</height>
                    <font>font15_title</font>
                    <align>left</align>
                    <aligny>center</aligny>
                    <textcolor>grey2</textcolor>
                </control>
                <control type="image" id="325">
                    <description>Channel 5 Icon</description>
                    <left>45</left>
                    <top>276</top>
                    <width>45</width>
                    <height>58</height>
                    <aspectratio>keep</aspectratio>
                    <visible>false</visible>
                </control>			
                <control type="label" id="305">
                    <description>Channel 5 Name</description>
                    <left>45</left>
                    <top>276</top>
                    <width>170</width>
                    <height>58</height>
                    <font>font15</font>
                    <textcolor>grey2</textcolor>
                    <aligny>center</aligny>
                    <align>left</align>
                    <scroll>true</scroll>
                </control>
                <!-- CHANNEL 6 -->
                <control type="image">
                    <description>Channel 6 Back</description>
                    <posx>0</posx>
                    <posy>336</posy>
                    <width>218</width>
                    <height>60</height>
                    <texture>separator2.png</texture>
                </control>
                <control type="label" id="316">
                    <description>Channel 6 Number</description>
                    <left>5</left>
                    <top>336</top>
                    <width>40</width>
                    <height>58</height>
                    <font>font15_title</font>
                    <align>left</align>
                    <aligny>center</aligny>
                    <textcolor>grey2</textcolor>
                </control>
                <control type="image" id="326">
                    <description>Channel 6 Icon</description>
                    <left>45</left>
                    <top>336</top>
                    <width>45</width>
                    <height>58</height>
                    <aspectratio>keep</aspectratio>
                    <visible>false</visible>
                </control>			
                <control type="label" id="306">
                    <description>Channel 6 Name</description>
                    <left>45</left>
                    <top>336</top>
                    <width>170</width>
                    <height>58</height>
                    <font>font15</font>
                    <textcolor>grey2</textcolor>
                    <aligny>center</aligny>
                    <align>left</align>
                    <scroll>true</scroll>
                </control>
            </control>
        </control>
        
        <!--LISTING HEADER AND TIME INFO-->
        <control type="group">
            <posx>360</posx>
            <posy>96</posy>
            <width>853</width>
            <height>500</height>
            <control type="image">
                <description>separator image</description>
                <posx>0</posx>
                <posy>0</posy>
                <width>855</width>
                <height>48</height>
                <texture>separator2.png</texture>                
            </control>
            <control type="label" id="101">
                <description>Time 1 Label</description>
                <posx>10</posx>
                <posy>0</posy>
                <width>284</width>
                <height>40</height>
                <font>font13</font>
                <align>left</align>
                <aligny>center</aligny>
                <textcolor>labelheader</textcolor>
            </control>
            <control type="label" id="102">
                <description>Time 2 Label</description>
                <posx>290</posx>
                <posy>0</posy>
                <width>284</width>
                <height>40</height>
                <font>font13</font>
                <align>left</align>
                <aligny>center</aligny>
                <textcolor>labelheader</textcolor>
            </control>
            <control type="label" id="103">
                <description>Time 3 Label</description>
                <posx>570</posx>
                <posy>0</posy>
                <width>284</width>
                <height>40</height>
                <font>font13</font>
                <align>left</align>
                <aligny>center</aligny>
                <textcolor>labelheader</textcolor>
            </control>
        </control>
 
		<!--TIME BAR-->		
		<control type="image" id="120">
			<posx>400</posx>
			<posy>141</posy>
			<width>12</width>
			<height>366</height>
		</control>		
		<!--SHOW LISTINGS-->
        <control type="button" id="100">
			<visible>false</visible>			
			<label>0xFF999999</label><!--un-focused text color-->	
			<label2>0xFFe5e5e5</label2><!--focused text color-->
		</control>
		<control type="button" id="105">
			<visible>false</visible>			
			<label>font15</label><!--text font-->	
		</control>			
		
         
        <control type="group" id="111">
			<posx>360</posx>
			<posy>146</posy>
			<width>853</width>
			<height>58</height>
		</control>
		<control type="group" id="112">
			<posx>360</posx>
			<posy>206</posy>
			<width>853</width>
			<height>58</height>
		</control>
		<control type="group" id="113">
			<posx>360</posx>
			<posy>266</posy>
			<width>853</width>
			<height>58</height>
		</control>
		<control type="group" id="114">
			<posx>360</posx>
			<posy>326</posy>
			<width>853</width>
			<height>58</height>
		</control>
		<control type="group" id="115">
			<posx>360</posx>
			<posy>386</posy>
			<width>853</width>
			<height>58</height>
		</control>		
		<control type="group" id="116">
			<posx>360</posx>
			<posy>446</posy>
			<width>853</width>
			<height>58</height>
		</control>


		<!--FOOTER-->
        <control type="group">
            <posx>358</posx>
            <posy>506</posy>
            <control type="fadelabel">
                <posx>0</posx>
                <posy>10</posy>
                <width>840</width>
                <height>20</height>
                <textoffsetx>10</textoffsetx>
                <align>left</align>
                <label>$INFO[Control.GetLabel(500)]$INFO[Control.GetLabel(501),  -  ,]</label>
                <textcolor>grey2</textcolor>
                <font>font15</font>
                <scrollout>false</scrollout>
                <pauseatend>1800</pauseatend>
                <scrollspeed>40</scrollspeed>
            </control>
            <control type="image">
                <description>separator image</description>
                <posx>0</posx>
                <posy>10</posy>
                <width>857</width>
                <height>40</height>
                <texture border="1">separator2.png</texture>
            </control>
            <control type="textbox">
                <posx>10</posx>
                <posy>60</posy>
                <width>840</width>
                <height>80</height>
                <info>Control.GetLabel(502)</info>
                <font>font15_textbox</font>
                <autoscroll time="3000" delay="4000" repeat="5000">True</autoscroll>
            </control>
        </control>
		
		<control type="image" id="503">
            <description>Show Channel Icon</description>
            <posx>65</posx>
			<posy>530</posy>
			<width>218</width>
			<height>100</height>
			<aspectratio align="center" aligny="center">keep</aspectratio>
        </control>            
        
        <control type="group">
			<visible>false</visible>
            <control type="label" id="500">
                <description>Show Title Label</description>
                <posx>-10</posx>
                <posy>-10</posy>
                <width>0</width>
                <height>0</height>
            </control>
            <control type="label" id="501">
                <description>Show Name Label</description>
                <posx>-10</posx>
                <posy>-10</posy>
                <width>0</width>
                <height>0</height>
            </control>
            <control type="label" id="502">
                <description>Show Description Label</description>
                <posx>-10</posx>
                <posy>-10</posy>
                <width>0</width>
                <height>0</height>
            </control>
        </control>
    </controls>
</window>
