﻿<?xml version="1.0" encoding="UTF-8" standalone="yes"?>
<addon id="plugin.video.SatunerTV" name="Satuner TV" version="1.0.0.2" provider-name="Team OFFICIEL Satuner TV">
    <requires>
    </requires>
    <extension point="xbmc.python.pluginsource"
               library="default.py">
        <provides>video</provides>
    </extension>
    <extension point="xbmc.addon.metadata">
        <platform>all</platform>
        <summary lang="fr">Regarder le futur avec Satuner Tv.</summary>
        <description lang="fr">Cet add-on vous propose de regarder la plupart des chaines en direct à partir des flux video disponibles sur internet. Les chaines proposées sont classées par contenu avec une description detaillée.</description>
    </extension>
</addon>