﻿<?xml version="1.0" encoding="UTF-8"?>
<site generator-info-name="WebGrab+Plus/w MDB &amp; REX Postprocess -- version 1.53.15/0.10 -- Jan van Straaten" site="yourtv.com.au">
  <channels>
    <channel update="i" site="yourtv.com.au" site_id="ABC1" xmltv_id="ABC1">ABC1</channel>
    <channel update="i" site="yourtv.com.au" site_id="ABC2 / ABC4" xmltv_id="ABC2 / ABC4">ABC2 / ABC4</channel>
    <channel update="i" site="yourtv.com.au" site_id="ABC3" xmltv_id="ABC3">ABC3</channel>
    <channel update="i" site="yourtv.com.au" site_id="ABC News 24" xmltv_id="ABC News 24">ABC News 24</channel>
    <channel update="i" site="yourtv.com.au" site_id="SBS ONE" xmltv_id="SBS ONE">SBS ONE</channel>
    <channel update="i" site="yourtv.com.au" site_id="SBS HD" xmltv_id="SBS HD">SBS HD</channel>
    <channel update="i" site="yourtv.com.au" site_id="SBS 2" xmltv_id="SBS 2">SBS 2</channel>
    <channel update="i" site="yourtv.com.au" site_id="NITV" xmltv_id="NITV">NITV</channel>
    <channel update="i" site="yourtv.com.au" site_id="Seven" xmltv_id="Seven">Seven</channel>
    <channel update="i" site="yourtv.com.au" site_id="7TWO" xmltv_id="7TWO">7TWO</channel>
    <channel update="i" site="yourtv.com.au" site_id="7mate" xmltv_id="7mate">7mate</channel>
    <channel update="i" site="yourtv.com.au" site_id="4Me" xmltv_id="4Me">4Me</channel>
    <channel update="i" site="yourtv.com.au" site_id="Nine" xmltv_id="Nine">Nine</channel>
    <channel update="i" site="yourtv.com.au" site_id="GEM" xmltv_id="GEM">GEM</channel>
    <channel update="i" site="yourtv.com.au" site_id="GO!" xmltv_id="GO!">GO!</channel>
    <channel update="i" site="yourtv.com.au" site_id="ONE" xmltv_id="ONE">ONE</channel>
    <channel update="i" site="yourtv.com.au" site_id="TEN" xmltv_id="TEN">TEN</channel>
    <channel update="i" site="yourtv.com.au" site_id="ELEVEN" xmltv_id="ELEVEN">ELEVEN</channel>
    <channel update="i" site="yourtv.com.au" site_id="TVSN" xmltv_id="TVSN">TVSN</channel>
    <channel update="i" site="yourtv.com.au" site_id="SpreeTV" xmltv_id="SpreeTV">SpreeTV</channel>
    <channel update="i" site="yourtv.com.au" site_id="TVS" xmltv_id="TVS">TVS</channel>
    <channel update="i" site="yourtv.com.au" site_id="Fresh Ideas" xmltv_id="Fresh Ideas">Fresh Ideas</channel>
    <channel update="i" site="yourtv.com.au" site_id="Extra" xmltv_id="Extra">Extra</channel>
    <channel update="i" site="yourtv.com.au" site_id="Extra 2" xmltv_id="Extra 2">Extra 2</channel>
    <channel update="i" site="yourtv.com.au" site_id="UKTV" xmltv_id="UKTV">UKTV</channel>
    <channel update="i" site="yourtv.com.au" site_id="ARENA" xmltv_id="ARENA">ARENA</channel>
    <channel update="i" site="yourtv.com.au" site_id="LifeStyle Channel" xmltv_id="LifeStyle Channel">LifeStyle Channel</channel>
    <channel update="i" site="yourtv.com.au" site_id="FOX8" xmltv_id="FOX8">FOX8</channel>
    <channel update="i" site="yourtv.com.au" site_id="111" xmltv_id="111">111</channel>
    <channel update="i" site="yourtv.com.au" site_id="THE COMEDY CHANNEL" xmltv_id="THE COMEDY CHANNEL">THE COMEDY CHANNEL</channel>
    <channel update="i" site="yourtv.com.au" site_id="13TH STREET" xmltv_id="13TH STREET">13TH STREET</channel>
    <channel update="i" site="yourtv.com.au" site_id="FOX Classics" xmltv_id="FOX Classics">FOX Classics</channel>
    <channel update="i" site="yourtv.com.au" site_id="SoHo" xmltv_id="SoHo">SoHo</channel>
    <channel update="i" site="yourtv.com.au" site_id="Universal Channel" xmltv_id="Universal Channel">Universal Channel</channel>
    <channel update="i" site="yourtv.com.au" site_id="Bio." xmltv_id="Bio.">Bio.</channel>
    <channel update="i" site="yourtv.com.au" site_id="LifeStyle FOOD" xmltv_id="LifeStyle FOOD">LifeStyle FOOD</channel>
    <channel update="i" site="yourtv.com.au" site_id="LifeStyle HOME" xmltv_id="LifeStyle HOME">LifeStyle HOME</channel>
    <channel update="i" site="yourtv.com.au" site_id="LifeStyle YOU" xmltv_id="LifeStyle YOU">LifeStyle YOU</channel>
    <channel update="i" site="yourtv.com.au" site_id="E!" xmltv_id="E!">E!</channel>
    <channel update="i" site="yourtv.com.au" site_id="style." xmltv_id="style.">style.</channel>
    <channel update="i" site="yourtv.com.au" site_id="FX" xmltv_id="FX">FX</channel>
    <channel update="i" site="yourtv.com.au" site_id="MTV" xmltv_id="MTV">MTV</channel>
    <channel update="i" site="yourtv.com.au" site_id="STUDIO" xmltv_id="STUDIO">STUDIO</channel>
    <channel update="i" site="yourtv.com.au" site_id="FOX8 +2" xmltv_id="FOX8 +2">FOX8 +2</channel>
    <channel update="i" site="yourtv.com.au" site_id="FOX Classics +2" xmltv_id="FOX Classics +2">FOX Classics +2</channel>
    <channel update="i" site="yourtv.com.au" site_id="THE COMEDY CHANNEL+2" xmltv_id="THE COMEDY CHANNEL+2">THE COMEDY CHANNEL+2</channel>
    <channel update="i" site="yourtv.com.au" site_id="ARENA +2" xmltv_id="ARENA +2">ARENA +2</channel>
    <channel update="i" site="yourtv.com.au" site_id="SoHo +2" xmltv_id="SoHo +2">SoHo +2</channel>
    <channel update="i" site="yourtv.com.au" site_id="UKTV +2" xmltv_id="UKTV +2">UKTV +2</channel>
    <channel update="i" site="yourtv.com.au" site_id="LifeStyle Channel +2" xmltv_id="LifeStyle Channel +2">LifeStyle Channel +2</channel>
    <channel update="i" site="yourtv.com.au" site_id="LifeStyle FOOD +2" xmltv_id="LifeStyle FOOD +2">LifeStyle FOOD +2</channel>
    <channel update="i" site="yourtv.com.au" site_id="LifeStyle YOU +2" xmltv_id="LifeStyle YOU +2">LifeStyle YOU +2</channel>
    <channel update="i" site="yourtv.com.au" site_id="111 +2" xmltv_id="111 +2">111 +2</channel>
    <channel update="i" site="yourtv.com.au" site_id="13TH STREET +2" xmltv_id="13TH STREET +2">13TH STREET +2</channel>
    <channel update="i" site="yourtv.com.au" site_id="FX2" xmltv_id="FX2">FX2</channel>
    <channel update="i" site="yourtv.com.au" site_id="TVSN Shopping" xmltv_id="TVSN Shopping">TVSN Shopping</channel>
    <channel update="i" site="yourtv.com.au" site_id="ACC" xmltv_id="ACC">ACC</channel>
    <channel update="i" site="yourtv.com.au" site_id="AURORA" xmltv_id="AURORA">AURORA</channel>
    <channel update="i" site="yourtv.com.au" site_id="FOX8 HD" xmltv_id="FOX8 HD">FOX8 HD</channel>
    <channel update="i" site="yourtv.com.au" site_id="UKTV HD" xmltv_id="UKTV HD">UKTV HD</channel>
    <channel update="i" site="yourtv.com.au" site_id="SoHo HD" xmltv_id="SoHo HD">SoHo HD</channel>
    <channel update="i" site="yourtv.com.au" site_id="Lifestyle HD" xmltv_id="Lifestyle HD">Lifestyle HD</channel>
    <channel update="i" site="yourtv.com.au" site_id="FX HD" xmltv_id="FX HD">FX HD</channel>
    <channel update="i" site="yourtv.com.au" site_id="A&amp;E HD" xmltv_id="A&amp;E HD">A&amp;E HD</channel>
    <channel update="i" site="yourtv.com.au" site_id="A&amp;E" xmltv_id="A&amp;E">A&amp;E</channel>
    <channel update="i" site="yourtv.com.au" site_id="Premiere HD" xmltv_id="Premiere HD">Premiere HD</channel>
    <channel update="i" site="yourtv.com.au" site_id="Showcase HD" xmltv_id="Showcase HD">Showcase HD</channel>
    <channel update="i" site="yourtv.com.au" site_id="Action HD" xmltv_id="Action HD">Action HD</channel>
    <channel update="i" site="yourtv.com.au" site_id="Family HD" xmltv_id="Family HD">Family HD</channel>
    <channel update="i" site="yourtv.com.au" site_id="Comedy HD" xmltv_id="Comedy HD">Comedy HD</channel>
    <channel update="i" site="yourtv.com.au" site_id="Romance HD" xmltv_id="Romance HD">Romance HD</channel>
    <channel update="i" site="yourtv.com.au" site_id="Thriller HD" xmltv_id="Thriller HD">Thriller HD</channel>
    <channel update="i" site="yourtv.com.au" site_id="Masterpiece HD" xmltv_id="Masterpiece HD">Masterpiece HD</channel>
    <channel update="i" site="yourtv.com.au" site_id="Premiere" xmltv_id="Premiere">Premiere</channel>
    <channel update="i" site="yourtv.com.au" site_id="Premiere +2" xmltv_id="Premiere +2">Premiere +2</channel>
    <channel update="i" site="yourtv.com.au" site_id="Showcase" xmltv_id="Showcase">Showcase</channel>
    <channel update="i" site="yourtv.com.au" site_id="Showcase +2" xmltv_id="Showcase +2">Showcase +2</channel>
    <channel update="i" site="yourtv.com.au" site_id="Family" xmltv_id="Family">Family</channel>
    <channel update="i" site="yourtv.com.au" site_id="Action" xmltv_id="Action">Action</channel>
    <channel update="i" site="yourtv.com.au" site_id="Comedy" xmltv_id="Comedy">Comedy</channel>
    <channel update="i" site="yourtv.com.au" site_id="Romance" xmltv_id="Romance">Romance</channel>
    <channel update="i" site="yourtv.com.au" site_id="Thriller" xmltv_id="Thriller">Thriller</channel>
    <channel update="i" site="yourtv.com.au" site_id="Masterpiece" xmltv_id="Masterpiece">Masterpiece</channel>
    <channel update="i" site="yourtv.com.au" site_id="TCM" xmltv_id="TCM">TCM</channel>
    <channel update="i" site="yourtv.com.au" site_id="World Movies" xmltv_id="World Movies">World Movies</channel>
    <channel update="i" site="yourtv.com.au" site_id="FOX SPORTS 1 HD" xmltv_id="FOX SPORTS 1 HD">FOX SPORTS 1 HD</channel>
    <channel update="i" site="yourtv.com.au" site_id="FOX SPORTS 2 HD" xmltv_id="FOX SPORTS 2 HD">FOX SPORTS 2 HD</channel>
    <channel update="i" site="yourtv.com.au" site_id="FOX SPORTS 3 HD" xmltv_id="FOX SPORTS 3 HD">FOX SPORTS 3 HD</channel>
    <channel update="i" site="yourtv.com.au" site_id="SPEED HD" xmltv_id="SPEED HD">SPEED HD</channel>
    <channel update="i" site="yourtv.com.au" site_id="FOX FOOTY HD" xmltv_id="FOX FOOTY HD">FOX FOOTY HD</channel>
    <channel update="i" site="yourtv.com.au" site_id="ESPN HD" xmltv_id="ESPN HD">ESPN HD</channel>
    <channel update="i" site="yourtv.com.au" site_id="ESPN2HD" xmltv_id="ESPN2HD">ESPN2HD</channel>
    <channel update="i" site="yourtv.com.au" site_id="SPEED" xmltv_id="SPEED">SPEED</channel>
    <channel update="i" site="yourtv.com.au" site_id="FOX SPORTS 1" xmltv_id="FOX SPORTS 1">FOX SPORTS 1</channel>
    <channel update="i" site="yourtv.com.au" site_id="FOX SPORTS 2" xmltv_id="FOX SPORTS 2">FOX SPORTS 2</channel>
    <channel update="i" site="yourtv.com.au" site_id="FOX SPORTS 3" xmltv_id="FOX SPORTS 3">FOX SPORTS 3</channel>
    <channel update="i" site="yourtv.com.au" site_id="FOX FOOTY" xmltv_id="FOX FOOTY">FOX FOOTY</channel>
    <channel update="i" site="yourtv.com.au" site_id="FPP" xmltv_id="FPP">FPP</channel>
    <channel update="i" site="yourtv.com.au" site_id="ESPN" xmltv_id="ESPN">ESPN</channel>
    <channel update="i" site="yourtv.com.au" site_id="Eurosport News" xmltv_id="Eurosport News">Eurosport News</channel>
    <channel update="i" site="yourtv.com.au" site_id="ESPN2" xmltv_id="ESPN2">ESPN2</channel>
    <channel update="i" site="yourtv.com.au" site_id="Eurosport" xmltv_id="Eurosport">Eurosport</channel>
    <channel update="i" site="yourtv.com.au" site_id="FOX SPORTS News" xmltv_id="FOX SPORTS News">FOX SPORTS News</channel>
    <channel update="i" site="yourtv.com.au" site_id="Sky Racing 1" xmltv_id="Sky Racing 1">Sky Racing 1</channel>
    <channel update="i" site="yourtv.com.au" site_id="FUEL TV" xmltv_id="FUEL TV">FUEL TV</channel>
    <channel update="i" site="yourtv.com.au" site_id="TVN" xmltv_id="TVN">TVN</channel>
    <channel update="i" site="yourtv.com.au" site_id="Sky Racing 2" xmltv_id="Sky Racing 2">Sky Racing 2</channel>
    <channel update="i" site="yourtv.com.au" site_id="Setanta Sports" xmltv_id="Setanta Sports">Setanta Sports</channel>
    <channel update="i" site="yourtv.com.au" site_id="Discovery Home &amp; Health" xmltv_id="Discovery Home &amp; Health">Discovery Home &amp; Health</channel>
    <channel update="i" site="yourtv.com.au" site_id="Discovery HD" xmltv_id="Discovery HD">Discovery HD</channel>
    <channel update="i" site="yourtv.com.au" site_id="Nat Geo HD" xmltv_id="Nat Geo HD">Nat Geo HD</channel>
    <channel update="i" site="yourtv.com.au" site_id="Nat Geo Wild HD" xmltv_id="Nat Geo Wild HD">Nat Geo Wild HD</channel>
    <channel update="i" site="yourtv.com.au" site_id="BBC Knowledge HD" xmltv_id="BBC Knowledge HD">BBC Knowledge HD</channel>
    <channel update="i" site="yourtv.com.au" site_id="SKY NEWS AUSTRALIA" xmltv_id="SKY NEWS AUSTRALIA">SKY NEWS AUSTRALIA</channel>
    <channel update="i" site="yourtv.com.au" site_id="SKY NEWS BUSINESS" xmltv_id="SKY NEWS BUSINESS">SKY NEWS BUSINESS</channel>
    <channel update="i" site="yourtv.com.au" site_id="FOX NEWS" xmltv_id="FOX NEWS">FOX NEWS</channel>
    <channel update="i" site="yourtv.com.au" site_id="CNN" xmltv_id="CNN">CNN</channel>
    <channel update="i" site="yourtv.com.au" site_id="The History Channel" xmltv_id="The History Channel">The History Channel</channel>
    <channel update="i" site="yourtv.com.au" site_id="Discovery Channel" xmltv_id="Discovery Channel">Discovery Channel</channel>
    <channel update="i" site="yourtv.com.au" site_id="National Geographic" xmltv_id="National Geographic">National Geographic</channel>
    <channel update="i" site="yourtv.com.au" site_id="BBC Knowledge" xmltv_id="BBC Knowledge">BBC Knowledge</channel>
    <channel update="i" site="yourtv.com.au" site_id="Animal Planet" xmltv_id="Animal Planet">Animal Planet</channel>
    <channel update="i" site="yourtv.com.au" site_id="Nat Geo Wild" xmltv_id="Nat Geo Wild">Nat Geo Wild</channel>
    <channel update="i" site="yourtv.com.au" site_id="Crime &amp; Investigation" xmltv_id="Crime &amp; Investigation">Crime &amp; Investigation</channel>
    <channel update="i" site="yourtv.com.au" site_id="Discovery Channel +2" xmltv_id="Discovery Channel +2">Discovery Channel +2</channel>
    <channel update="i" site="yourtv.com.au" site_id="Nat Geo +2" xmltv_id="Nat Geo +2">Nat Geo +2</channel>
    <channel update="i" site="yourtv.com.au" site_id="Nat Geo People" xmltv_id="Nat Geo People">Nat Geo People</channel>
    <channel update="i" site="yourtv.com.au" site_id="Discovery Turbo MAX" xmltv_id="Discovery Turbo MAX">Discovery Turbo MAX</channel>
    <channel update="i" site="yourtv.com.au" site_id="Discovery Turbo MAX +2" xmltv_id="Discovery Turbo MAX +2">Discovery Turbo MAX +2</channel>
    <channel update="i" site="yourtv.com.au" site_id="Discovery Science" xmltv_id="Discovery Science">Discovery Science</channel>
    <channel update="i" site="yourtv.com.au" site_id="TLC" xmltv_id="TLC">TLC</channel>
    <channel update="i" site="yourtv.com.au" site_id="TLC +2" xmltv_id="TLC +2">TLC +2</channel>
    <channel update="i" site="yourtv.com.au" site_id="A-PAC" xmltv_id="A-PAC">A-PAC</channel>
    <channel update="i" site="yourtv.com.au" site_id="BBC World News" xmltv_id="BBC World News">BBC World News</channel>
    <channel update="i" site="yourtv.com.au" site_id="Bloomberg" xmltv_id="Bloomberg">Bloomberg</channel>
    <channel update="i" site="yourtv.com.au" site_id="Al Jazeera English" xmltv_id="Al Jazeera English">Al Jazeera English</channel>
    <channel update="i" site="yourtv.com.au" site_id="CNBC" xmltv_id="CNBC">CNBC</channel>
    <channel update="i" site="yourtv.com.au" site_id="CCTV News" xmltv_id="CCTV News">CCTV News</channel>
    <channel update="i" site="yourtv.com.au" site_id="Nickelodeon" xmltv_id="Nickelodeon">Nickelodeon</channel>
    <channel update="i" site="yourtv.com.au" site_id="Nick Jr" xmltv_id="Nick Jr">Nick Jr</channel>
    <channel update="i" site="yourtv.com.au" site_id="BBC CBeebies" xmltv_id="BBC CBeebies">BBC CBeebies</channel>
    <channel update="i" site="yourtv.com.au" site_id="Disney Channel" xmltv_id="Disney Channel">Disney Channel</channel>
    <channel update="i" site="yourtv.com.au" site_id="Disney Junior" xmltv_id="Disney Junior">Disney Junior</channel>
    <channel update="i" site="yourtv.com.au" site_id="CARTOON NETWORK" xmltv_id="CARTOON NETWORK">CARTOON NETWORK</channel>
    <channel update="i" site="yourtv.com.au" site_id="BOOMERANG" xmltv_id="BOOMERANG">BOOMERANG</channel>
    <channel update="i" site="yourtv.com.au" site_id="Channel [V]" xmltv_id="Channel [V]">Channel [V]</channel>
    <channel update="i" site="yourtv.com.au" site_id="[V] Hits" xmltv_id="[V] Hits">[V] Hits</channel>
    <channel update="i" site="yourtv.com.au" site_id="MAX" xmltv_id="MAX">MAX</channel>
    <channel update="i" site="yourtv.com.au" site_id="MTV Music" xmltv_id="MTV Music">MTV Music</channel>
    <channel update="i" site="yourtv.com.au" site_id="MTV Dance" xmltv_id="MTV Dance">MTV Dance</channel>
    <channel update="i" site="yourtv.com.au" site_id="CMC" xmltv_id="CMC">CMC</channel>
    <channel update="i" site="yourtv.com.au" site_id="EXPO" xmltv_id="EXPO">EXPO</channel>
    <channel update="i" site="yourtv.com.au" site_id="SKY Weather" xmltv_id="SKY Weather">SKY Weather</channel>
    <channel update="i" site="yourtv.com.au" site_id="Antenna" xmltv_id="Antenna">Antenna</channel>
    <channel update="i" site="yourtv.com.au" site_id="RAI" xmltv_id="RAI">RAI</channel>
    <channel update="i" site="yourtv.com.au" site_id="Syfy" xmltv_id="Syfy">Syfy</channel>
    <channel update="i" site="yourtv.com.au" site_id="TVH!ts +2" xmltv_id="TVH!ts +2">TVH!ts +2</channel>
    <channel update="i" site="yourtv.com.au" site_id="UN2" xmltv_id="UN2">UN2</channel>
    <channel update="i" site="yourtv.com.au" site_id="TVH!ts" xmltv_id="TVH!ts">TVH!ts</channel>
    <channel update="i" site="yourtv.com.au" site_id="Syfy HD" xmltv_id="Syfy HD">Syfy HD</channel>
    <channel update="i" site="yourtv.com.au" site_id="Syfy +2" xmltv_id="Syfy +2">Syfy +2</channel>
    <channel update="i" site="yourtv.com.au" site_id="MTF" xmltv_id="MTF">MTF</channel>
    <channel update="i" site="yourtv.com.au" site_id="MTA" xmltv_id="MTA">MTA</channel>
    <channel update="i" site="yourtv.com.au" site_id="CCD" xmltv_id="CCD">CCD</channel>
    <channel update="i" site="yourtv.com.au" site_id="NHK" xmltv_id="NHK">NHK</channel>
    <channel update="i" site="yourtv.com.au" site_id="Smooth" xmltv_id="Smooth">Smooth</channel>
  </channels>
</site>