<?xml version="1.0" encoding="UTF-8" standalone="yes"?>
<addon id="plugin.video.fitnessblender" name="Fitness Blender" version="0.1.0" provider-name="ionizedwarhead">
    <requires>
        <import addon="xbmc.python" version="2.20.0"/>
        <import addon="script.module.beautifulsoup4" version="4.3.1"/>
        <import addon="script.module.requests" version="2.7.0"/>
	<import addon="plugin.video.youtube" version="5.1.8"/>
    </requires>
    <extension point="xbmc.python.pluginsource" library="default.py">
        <provides>video</provides>
    </extension>
    <extension point="xbmc.addon.metadata">
    	<summary lang="en">Provides a Kodi outlet for the fitness blender site</summary>
        <description lang="en">Fitness Videos from Fitness Blender</description>
        <disclaimer lang="en"></disclaimer>
        <language></language>
        <platform>all</platform>
        <license></license>
        <forum></forum>
        <website></website>
        <email></email>
        <source></source>
    </extension>
</addon>
