<streamingInfos>
  <streaminginfo>
    <cname>OSN Ya Hala +2</cname>
    <item>
      <title>OSN Ya Hala +2</title>
      <link>plugin://plugin.video.f4mTester/?streamtype=TSDOWNLOADER&amp;amp;url=http://www.tunisiaiptv.com:8000/live/HasanSabt/HasanSabt/3564.ts</link>
    </item>
  </streaminginfo>
  <streaminginfo>
    <cname>CBC</cname>
    <item>
      <title>CBC</title>
      <link>plugin://plugin.video.youtube/play/?video_id=1yEMLzYzE1g</link>
    </item>
  </streaminginfo>
  <streaminginfo>
    <cname>CBC Drama</cname>
    <item>
      <title>CBC Drama</title>
      <link>plugin://plugin.video.youtube/play/?video_id=uMvhnVugCjo</link>
    </item>
  </streaminginfo>
  <streaminginfo>
    <cname>Aljazeera</cname>
    <item>
      <title>Aljazeera</title>
      <link>plugin://plugin.video.youtube/play/?video_id=elqcDJ3TXUs</link>
    </item>
  </streaminginfo>
  <streaminginfo>
    <cname>France 24 Arabe</cname>
    <item>
      <title>France 24 Arabe</title>
      <link>plugin://plugin.video.youtube/play/?video_id=55IL8QtH0Ao</link>
    </item>
  </streaminginfo>
  <streaminginfo>
    <cname>France 24 Francais</cname>
    <item>
      <title>France 24 Francais</title>
      <link>plugin://plugin.video.youtube/play/?video_id=qKEk1YCOz8Q</link>
    </item>
  </streaminginfo>
  <streaminginfo>
    <cname>Alarabia</cname>
    <item>
      <title>Alarabia</title>
      <link>plugin://plugin.video.youtube/play/?video_id=rlvfffhWo2A</link>
    </item>
  </streaminginfo>
  <streaminginfo>
    <cname>France Inter</cname>
    <item>
      <title>France Inter</title>
      <link>plugin://plugin.video.youtube/play/?video_id=sQ-3evi2ODs</link>
    </item>
  </streaminginfo>
  <streaminginfo>
    <cname>NRJ 12</cname>
    <item>
      <title>NRJ 12</title>
      <link>http://nrj-apple-live.adaptive.level3.net/apple/nrj/nrj/nrj12hi.m3u8</link>
    </item>
  </streaminginfo>
  <streaminginfo>
    <cname>FOX ARABIC</cname>
    <item>
      <title>FOX ARABIC</title>
      <link>http://185.5.222.227:4242/bysid/5603</link>
    </item>
  </streaminginfo>
  <streaminginfo>
    <cname>FOX MOVIES ARABIC</cname>
    <item>
      <title>FOX MOVIES ARABIC</title>
      <link>http://185.5.222.227:4242/bysid/5608</link>
    </item>
  </streaminginfo>
  <streaminginfo>
    <cname>MBC Max</cname>
    <item>
      <title>MBC Max</title>
      <link>http://63.237.48.23/ios/MBC_MAX/MBC_MAX.m3u8</link>
    </item>
  </streaminginfo>
  <streaminginfo>
    <cname>Animaux  UDP  UDP</cname>
    <item>
      <title>Animaux  UDP  UDP</title>
      <link>http://109.87.139.16:1234/udp/238.0.0.86:1234</link>
    </item>
  </streaminginfo>
  <streaminginfo>
    <cname>Alhayat 1</cname>
    <item>
      <title>Alhayat 1</title>
      <link>http://media.islamexplained.com:1935/live/_definst_mp4:ahme.stream_360p/playlist.m3u8</link>
    </item>
  </streaminginfo>
  <streaminginfo>
    <cname>Alhayat2</cname>
    <item>
      <title>Alhayat2</title>
      <link>http://media.islamexplained.com:1935/live/ngrp:ahusa.stream_all/playlist.m3u8</link>
    </item>
  </streaminginfo>
  <streaminginfo>
    <cname>Dubai One</cname>
    <item>
      <title>Dubai One</title>
      <link>http://dmi.mangomolo.com:1935/dubaione/smil:dubaione.smil/gmswf.m3u8</link>
    </item>
  </streaminginfo>
  <streaminginfo>
    <cname>MBC 2</cname>
    <item>
      <title>MBC 2</title>
      <link>http://63.237.48.23/ios/MBC2/MBC2.m3u8</link>
    </item>
  </streaminginfo>
  <streaminginfo>
    <cname>MBC 4</cname>
    <item>
      <title>MBC 4</title>
      <link>http://63.237.48.23/ios/MBC_4/MBC_4.m3u8</link>
    </item>
  </streaminginfo>
  <streaminginfo>
    <cname>MBC Action</cname>
    <item>
      <title>MBC Action</title>
      <link>http://63.237.48.23/ios/MBC_ACTION/MBC_ACTION.m3u8</link>
    </item>
  </streaminginfo>
  <streaminginfo>
    <cname>MBC Bollywood</cname>
    <item>
      <title>MBC Bollywood</title>
      <link>http://63.237.48.23/ios/MBC_BOLLYWOOD/MBC_BOLLYWOOD.m3u8</link>
    </item>
  </streaminginfo>
  <streaminginfo>
    <cname>Syria Drama</cname>
    <item>
      <title>Syria Drama</title>
      <link>http://82.137.248.21:1935/Drama/DramaLive3/playlist.m3u8</link>
    </item>
  </streaminginfo>
  <streaminginfo>
    <cname>Ten</cname>
    <item>
      <title>Ten</title>
      <link>http://63.237.48.23/ios/TEN_TV/TEN_TV.m3u8</link>
    </item>
  </streaminginfo>
  <streaminginfo>
    <cname>Almas</cname>
    <item>
      <title>Almas</title>
      <link>http://63.237.48.23/ios/ALMAS_TV/ALMAS_TV.m3u8</link>
    </item>
  </streaminginfo>
  <streaminginfo>
    <cname>Al Baghdadia 2</cname>
    <item>
      <title>Al Baghdadia 2</title>
      <link>http://albaghdadiahls-i.akamaihd.net/hls/live/221008/albaghdadiaIOS2/master.m3u8</link>
    </item>
  </streaminginfo>
  <streaminginfo>
    <cname>Noor Dubai</cname>
    <item>
      <title>Noor Dubai</title>
      <link>http://dmi.mangomolo.com:1935/noordubaitv/smil:noordubaitv.smil/chunklist_w932561967_b1200000.m3u8</link>
    </item>
  </streaminginfo>
  <streaminginfo>
    <cname>zouzous</cname>
    <item>
      <title>zouzous</title>
      <link>http://ftviflivehdz-f.akamaihd.net/i/zouzous_live@88958/index_832_av-p.m3u8</link>
    </item>
  </streaminginfo>
  <streaminginfo>
    <cname>Alan</cname>
    <item>
      <title>Alan</title>
      <link>http://wpc.C1A9.edgecastcdn.net/hls-live/20C1A9/al_aan/ls_satlink/b_828.m3u8</link>
    </item>
  </streaminginfo>
  <streaminginfo>
    <cname>Alarabiya</cname>
    <item>
      <title>Alarabiya</title>
      <link>http://alarabiya-geo-live.hls.adaptive.level3.net/hls-live/alarabiya-channel01/_definst_/live/stream1.m3u8?v=1096642953</link>
    </item>
  </streaminginfo>
  <streaminginfo>
    <cname>Syria</cname>
    <item>
      <title>Syria</title>
      <link>http://82.137.248.16:1935/Sat/SatLive3/playlist.m3u8</link>
    </item>
  </streaminginfo>
  <streaminginfo>
    <cname>Syria</cname>
    <item>
      <title>Syria</title>
      <link>http://82.137.248.16:1935/Sat/SatLive3/chunklist_w511398413.m3u8</link>
    </item>
  </streaminginfo>
  <streaminginfo>
    <cname>Syria Aloula</cname>
    <item>
      <title>Syria Aloula</title>
      <link>http://82.137.248.21:1935/Aloula/AloulaLive3/playlist.m3u8</link>
    </item>
  </streaminginfo>
  <streaminginfo>
    <cname>alkass</cname>
    <item>
      <title>alkass</title>
      <link>http://137.135.64.32:1935/kas/kas/playlist.m3u8</link>
    </item>
  </streaminginfo>
  <streaminginfo>
    <cname>AAA FAMILY</cname>
    <item>
      <title>AAA FAMILY</title>
      <link>http://63.237.48.3/ios/AAA_FAMILY/AAA_FAMILY.m3u8</link>
    </item>
  </streaminginfo>
  <streaminginfo>
    <cname>AAA Family</cname>
    <item>
      <title>AAA Family</title>
      <link>http://63.237.48.23/ios/AAA_FAMILY/AAA_FAMILY.m3u8</link>
    </item>
  </streaminginfo>
  <streaminginfo>
    <cname>ACi TV OM5 TV</cname>
    <item>
      <title>ACi TV OM5 TV</title>
      <link>http://ec.playmedia.fr/om5-tv/live/playlist.m3u8</link>
    </item>
  </streaminginfo>
  <streaminginfo>
    <cname>AL YAUM</cname>
    <item>
      <title>AL YAUM</title>
      <link>http://live.paltoday.tv:1935/paltv/live/gmswf.m3u8</link>
    </item>
  </streaminginfo>
  <streaminginfo>
    <cname>Chasse et PÃªche  UDP  UDP</cname>
    <item>
      <title>Chasse et PÃªche  UDP  UDP</title>
      <link>http://109.87.139.16:1234/udp/238.0.0.149:1234</link>
    </item>
  </streaminginfo>
  <streaminginfo>
    <cname>Face 2 Face</cname>
    <item>
      <title>Face 2 Face</title>
      <link>http://63.237.48.23/ios/FACE2/FACE2.m3u8</link>
    </item>
  </streaminginfo>
  <streaminginfo>
    <cname>Gem Bollywood</cname>
    <item>
      <title>Gem Bollywood</title>
      <link>http://63.237.48.23/ios/GEM_BOLLYWOOD/GEM_BOLLYWOOD.m3u8</link>
    </item>
  </streaminginfo>
  <streaminginfo>
    <cname>Gem Junior</cname>
    <item>
      <title>Gem Junior</title>
      <link>http://63.237.48.23/ios/GEM_JUNIOR/GEM_JUNIOR.m3u8</link>
    </item>
  </streaminginfo>
  <streaminginfo>
    <cname>Gem Life</cname>
    <item>
      <title>Gem Life</title>
      <link>http://63.237.48.23/ios/GEL_LIFE/GEL_LIFE.m3u8</link>
    </item>
  </streaminginfo>
  <streaminginfo>
    <cname>Gem Mifa</cname>
    <item>
      <title>Gem Mifa</title>
      <link>http://63.237.48.23/ios/GEM_MIFA/GEM_MIFA.m3u8</link>
    </item>
  </streaminginfo>
  <streaminginfo>
    <cname>Gem River</cname>
    <item>
      <title>Gem River</title>
      <link>http://63.237.48.23/ios/GEM_RIVER/GEM_RIVER.m3u8</link>
    </item>
  </streaminginfo>
  <streaminginfo>
    <cname>Gem Rubix</cname>
    <item>
      <title>Gem Rubix</title>
      <link>http://63.237.48.23/ios/GEM_RUBIX/GEM_RUBIX.m3u8</link>
    </item>
  </streaminginfo>
  <streaminginfo>
    <cname>Gem USA</cname>
    <item>
      <title>Gem USA</title>
      <link>http://63.237.48.23/ios/GEM_USA/GEM_USA.m3u8</link>
    </item>
  </streaminginfo>
  <streaminginfo>
    <cname>Merci TV</cname>
    <item>
      <title>Merci TV</title>
      <link>http://63.237.48.23/ios/MERCI_TV/MERCI_TV.m3u8</link>
    </item>
  </streaminginfo>
  <streaminginfo>
    <cname>Motors TV  UDP  UDP</cname>
    <item>
      <title>Motors TV  UDP  UDP</title>
      <link>http://95.188.126.233:1234/udp/233.7.70.206:5000</link>
    </item>
  </streaminginfo>
  <streaminginfo>
    <cname>MyTV</cname>
    <item>
      <title>MyTV</title>
      <link>http://63.237.48.23/ios/4U_CARTOON/4U_CARTOON.m3u8</link>
    </item>
  </streaminginfo>
  <streaminginfo>
    <cname>TM TV</cname>
    <item>
      <title>TM TV</title>
      <link>http://63.237.48.23/ios/MI_TV/MI_TV.m3u8</link>
    </item>
  </streaminginfo>
  <streaminginfo>
    <cname>TV P</cname>
    <item>
      <title>TV P</title>
      <link>http://63.237.48.23/ios/TVP/TVP.m3u8</link>
    </item>
  </streaminginfo>
  <streaminginfo>
    <cname>Rouge</cname>
    <item>
      <title>Rouge</title>
      <link>http://rtmp.infomaniak.ch/livecast/rougetv/playlist.m3u8</link>
    </item>
  </streaminginfo>
  <streaminginfo>
    <cname>KE</cname>
    <item>
      <title>KE</title>
      <link>http://46.245.160.224/mekke/mekke/playlist.m3u8</link>
    </item>
  </streaminginfo>
  <streaminginfo>
    <cname>FRANCE 2</cname>
    <item>
      <title>FRANCE 2</title>
      <link>http://live.francetv.fr/simulcast/France_2/hls_v1/index.m3u8</link>
    </item>
  </streaminginfo>
  <streaminginfo>
    <cname>FRANCE 3</cname>
    <item>
      <title>FRANCE 3</title>
      <link>http://live.francetv.fr/simulcast/France_3/hls_v1/index.m3u8</link>
    </item>
  </streaminginfo>
  <streaminginfo>
    <cname>FRANCE 5</cname>
    <item>
      <title>FRANCE 5</title>
      <link>http://live.francetv.fr/simulcast/France_5/hls_v1/index.m3u8</link>
    </item>
  </streaminginfo>
  <streaminginfo>
    <cname>FRANCE 4</cname>
    <item>
      <title>FRANCE 4</title>
      <link>http://live.francetv.fr/simulcast/France_4/hls_v1/index.m3u8</link>
    </item>
  </streaminginfo>
  <streaminginfo>
    <cname>FRANCE 0</cname>
    <item>
      <title>FRANCE 0</title>
      <link>http://live.francetv.fr/simulcast/France_O/hls_v1/index.m3u8</link>
    </item>
  </streaminginfo>
  <streaminginfo>
    <cname>Tele Russe</cname>
    <item>
      <title>Tele Russe</title>
      <link>http://109.87.226.252:8888/udp/238.0.0.189:1234</link>
    </item>
  </streaminginfo>
  <streaminginfo>
    <cname>1 +1</cname>
    <item>
      <title>1 +1</title>
      <link>http://109.87.226.252:8888/udp/238.0.0.191:1234</link>
    </item>
  </streaminginfo>
  <streaminginfo>
    <cname>Viasat Hockey Grece</cname>
    <item>
      <title>Viasat Hockey Grece</title>
      <link>http://109.87.226.252:8888/udp/238.0.0.196:1234</link>
    </item>
  </streaminginfo>
</streamingInfos>
