<?xml version="1.0" encoding="UTF-8"?>
<window>
    <defaultcontrol always="true">50</defaultcontrol>
    <menucontrol>9000</menucontrol>
    <backgroundcolor>0</backgroundcolor>
    <views>50,500</views>
    <controls>
        <include>CommonItems</include>
        <include>AddonHeader</include>
        <include>AddonViews</include>
        <include>Common-Info</include>       
        <control type="group" id="9000">
            <posx>63</posx>
            <posy>517</posy>
            <include>OptionsAnimations</include>
            <control type="group">
                <include>OptionsPanelAnimations</include>
                <control type="image">
                    <description>shadow image</description>
                    <posx>5</posx>
                    <posy>505</posy>
                    <height>60</height>
                    <width>442</width>
                    <texture>dialogs/shutdown/shadow.png</texture>
                    <aspectratio>stretch</aspectratio>
                </control>
                <control type="image">
                    <description>background image</description>
                    <posx>0</posx>
                    <posy>0</posy>
                    <height>540</height>
                    <width>442</width>
                    <texture>dialogs/shutdown/shutdown.png</texture>
                    <aspectratio>stretch</aspectratio>
                </control>
            </control>
                            
            <control type="grouplist" id="9111">
                <posx>19</posx>
                <posy>47</posy>
                <width>404</width>
                <height>399</height>
                <itemgap>0</itemgap>
                <onleft>50</onleft>
                <onright>50</onright>
                <onup>9111</onup>
                <ondown>9111</ondown>
                <onback>50</onback>
                <include>GeneralOptionsAnimations</include>
                <control type="button" id="2">
                    <description>View</description>
                    <visible>false</visible>
                </control>
                <control type="button" id="100">
                    <description>Label</description>
                    <posy>330</posy>
                    <include>optionsbuttonsdimensions</include>
                    <label>$INFO[Control.GetLabel(2)]</label>
                    <onclick>setfocus(201)</onclick>
                    <texturefocus border="70,2,2,2">dialogs/options/buttons/view-fo.png</texturefocus>
                    <texturenofocus border="70,2,2,2">dialogs/options/buttons/view-nf.png</texturenofocus>
                    <animation effect="fade" start="100" end="50" time="0" condition="!Control.IsEnabled(2)">Conditional</animation>
                </control>
                <control type="button" id="21">
                    <description>Label</description>
                    <posy>330</posy>
                    <include>optionsbuttonsdimensions</include>
                    <label>14018</label>
                    <onclick>setfocus(101)</onclick>
                    <texturefocus border="70,2,2,2">dialogs/options/buttons/custom-fo.png</texturefocus>
                    <texturenofocus border="70,2,2,2">dialogs/options/buttons/custom-nf.png</texturenofocus>
                    <animation effect="fade" start="100" end="50" time="0" condition="!Control.IsEnabled(21)">Conditional</animation>
                    <enable>false</enable>
                </control>
                <control type="button" id="3">
                    <description>sort</description>
                    <include>optionsbuttonsdimensions</include>
                    <texturefocus border="70,2,2,2">dialogs/options/buttons/sort-fo.png</texturefocus>
                    <texturenofocus border="70,2,2,2">dialogs/options/buttons/sort-nf.png</texturenofocus>
                    <animation effect="fade" start="100" end="50" time="0" condition="!Control.IsEnabled(3)">Conditional</animation>
                </control>
                <control type="togglebutton" id="4">
                    <description>Ascending</description>
                    <include>optionsbuttonsdimensions</include>
                    <label>$LOCALIZE[584]</label>
                    <altlabel>$LOCALIZE[585]</altlabel>
                    <texturefocus border="70,2,2,2">dialogs/options/buttons/up-fo.png</texturefocus>
                    <texturenofocus border="70,2,2,2">dialogs/options/buttons/up-nf.png</texturenofocus>
                    <alttexturenofocus border="70,2,2,2">dialogs/options/buttons/down-nf.png</alttexturenofocus>
                    <alttexturefocus border="70,2,2,2">dialogs/options/buttons/down-fo.png</alttexturefocus>
                    <animation effect="fade" start="100" end="50" time="0" condition="!Control.IsEnabled(4)">Conditional</animation>
                </control>
                <control type="button" id="5">
                    <description>Addon updates</description>
                    <label>$LOCALIZE[24063]</label>
                    <include>optionsbuttonsdimensions</include>
                    <texturefocus border="70,2,2,2">dialogs/options/buttons/updates-fo.png</texturefocus>
                    <texturenofocus border="70,2,2,2">dialogs/options/buttons/updates-nf.png</texturenofocus>
                    <animation effect="fade" start="100" end="50" time="0" condition="!Control.IsEnabled(5)">Conditional</animation>
                </control>
                <control type="radiobutton" id="6">
                    <description>Notifications</description>
                    <label>$LOCALIZE[25000]</label>
                    <include>optionsbuttonsdimensions</include>
                    <texturefocus border="2">dialogs/options/buttons/default-fo.png</texturefocus>
                    <textureradioon>buttons/radio/options-radio-button-fo.png</textureradioon>
                    <textureradiooff>buttons/radio/options-radio-button-nf.png</textureradiooff>
                    <radioposx>-19</radioposx>
                    <animation effect="fade" start="100" end="50" time="0" condition="!Control.IsEnabled(6)">Conditional</animation>
                </control>
                <control type="radiobutton" id="7">
                    <description>Hide foreign</description>
                    <label>$LOCALIZE[25001]</label>
                    <include>optionsbuttonsdimensions</include>
                    <texturefocus border="2">dialogs/options/buttons/default-fo.png</texturefocus>
                    <textureradioon>buttons/radio/options-radio-button-fo.png</textureradioon>
                    <textureradiooff>buttons/radio/options-radio-button-nf.png</textureradiooff>
                    <radioposx>-19</radioposx>
                    <animation effect="fade" start="100" end="50" time="0" condition="!Control.IsEnabled(7)">Conditional</animation>
                </control>
                <control type="radiobutton" id="8">
                    <description>Hide broken</description>
                    <label>$LOCALIZE[24999]</label>
                    <include>optionsbuttonsdimensions</include>
                    <texturefocus border="2">dialogs/options/buttons/default-fo.png</texturefocus>
                    <textureradioon>buttons/radio/options-radio-button-fo.png</textureradioon>
                    <textureradiooff>buttons/radio/options-radio-button-nf.png</textureradiooff>
                    <radioposx>-19</radioposx>
                    <animation effect="fade" start="100" end="50" time="0" condition="!Control.IsEnabled(8)">Conditional</animation>
                </control>
                <control type="button" id="9">
                    <description>Update local add-on directories</description>
                    <include>optionsbuttonsdimensions</include>
                    <label>$LOCALIZE[24034]</label>
                    <onclick>UpdateLocalAddons</onclick>
                    <onclick>Notification($LOCALIZE[31003],)</onclick>
                    <texturefocus border="70,2,2,2">dialogs/options/buttons/refresh-fo.png</texturefocus>
                    <texturenofocus border="70,2,2,2">dialogs/options/buttons/refresh-nf.png</texturenofocus>
                </control>
            </control>
            <control type="grouplist" id="9222">
                <description>View Specific Controls</description>
                <posx>19</posx>
                <posy>47</posy>
                <width>404</width>
                <height>399</height>
                <itemgap>0</itemgap>
                <onleft>9111</onleft>
                <onright>9111</onright>
                <onup>9222</onup>
                <ondown>9222</ondown>
                <onback>50</onback>
                <include>SpecificOptionsAnimations</include>
                <control type="button" id="101">
                    <description>Label</description>
                    <posy>330</posy>
                    <include>optionsbuttonsdimensions</include>
                    <label>$LOCALIZE[31926]</label>
                    <onclick>setfocus(9111)</onclick>
                    <texturefocus border="70,2,2,2">dialogs/options/buttons/custom-back-fo.png</texturefocus>
                    <texturenofocus border="70,2,2,2">dialogs/options/buttons/custom-back-nf.png</texturenofocus>
                </control>
            </control>
            <control type="grouplist" id="9223">
                <description>View Controls</description>
                <posx>19</posx>
                <posy>47</posy>
                <width>404</width>
                <height>399</height>
                <itemgap>0</itemgap>
                <onleft>9111</onleft>
                <onright>9111</onright>
                <onup>9223</onup>
                <ondown>9223</ondown>
                <onback>50</onback>
                <include>ViewOptionsAnimations</include>
                <control type="button" id="201">
                    <description>Label</description>
                    <posy>330</posy>
                    <include>optionsbuttonsdimensions</include>
                    <label>$LOCALIZE[31926]</label>
                    <onclick>setfocus(9111)</onclick>
                    <texturefocus border="70,2,2,2">dialogs/options/buttons/custom-back-fo.png</texturefocus>
                    <texturenofocus border="70,2,2,2">dialogs/options/buttons/custom-back-nf.png</texturenofocus>
                </control>
                <control type="radiobutton" id="202">
                    <description>List</description>
                    <include>optionsbuttonsdimensions</include>
                    <label>$LOCALIZE[31961]</label>
                    <texturefocus border="2">dialogs/options/buttons/default-fo.png</texturefocus>
                    <onclick>Container.SetViewMode(50)</onclick>
                    <selected>Control.IsVisible(50)</selected>
                    <textureradioon>buttons/radio/options-radio-button-fo.png</textureradioon>
                    <textureradiooff>buttons/radio/options-radio-button-nf.png</textureradiooff>
                    <radioposx>-19</radioposx>
                </control>
                <control type="radiobutton" id="207">
                    <description>Thumbnail</description>
                    <include>optionsbuttonsdimensions</include>
                    <label>$LOCALIZE[21371]</label>
                    <texturefocus border="2">dialogs/options/buttons/default-fo.png</texturefocus>
                    <onclick>Container.SetViewMode(500)</onclick>
                    <selected>Control.IsVisible(500)</selected>
                    <textureradioon>buttons/radio/options-radio-button-fo.png</textureradioon>
                    <textureradiooff>buttons/radio/options-radio-button-nf.png</textureradiooff>
                    <radioposx>-19</radioposx>
                    <visible>Container.HasFiles</visible>
                </control>
            </control>
            
            <control type="group">
                <include>GeneralOptionsAnimations</include>
                <control type="image">
                    <posx>9</posx>
                    <posy>433</posy>
                    <width>100</width>
                    <height>100</height>
                    <texture>buttons/options_nofo.png</texture>
                </control>
                <control type="label">
                    <posx>94</posx>
                    <posy>433</posy>
                    <width>300</width>
                    <height>100</height>
                    <label>$LOCALIZE[31600]</label>
                    <font>Font-Condensed-S34-B</font>
                    <textcolor>eewhite</textcolor>
                    <shadowcolor>22000000</shadowcolor>
                </control>
            </control>
            
            <control type="group">
                <include>SpecificOptionsAnimations</include>
                <control type="image">
                    <posx>9</posx>
                    <posy>433</posy>
                    <width>100</width>
                    <height>100</height>
                    <texture>buttons/options_nofo.png</texture>
                </control>
                <control type="label">
                    <posx>94</posx>
                    <posy>433</posy>
                    <width>300</width>
                    <height>100</height>
                    <label>$LOCALIZE[31924]</label>
                    <font>Font-Condensed-S34-B</font>
                    <textcolor>eewhite</textcolor>
                    <shadowcolor>22000000</shadowcolor>
                </control>
            </control>
            
            <control type="group">
                <include>ViewOptionsAnimations</include>
                <control type="image">
                    <posx>9</posx>
                    <posy>433</posy>
                    <width>100</width>
                    <height>100</height>
                    <texture>buttons/options_nofo.png</texture>
                </control>
                <control type="label">
                    <posx>94</posx> 
                    <posy>433</posy>
                    <width>300</width>
                    <height>100</height>
                    <label>$LOCALIZE[31930]</label>
                    <font>Font-Condensed-S34-B</font>
                    <textcolor>eewhite</textcolor>
                    <shadowcolor>22000000</shadowcolor>
                </control>
            </control>
        </control>
        <!-- Scrollbar visibility controls -->
        <control type="image" id="9773">
            <animation effect="fade" start="100" end="0" time="0" delay="1500">WindowOpen</animation>
        </control>
        <control type="image" id="9772">
            <animation effect="fade" start="0" end="100" time="0">Visible</animation>
            <animation effect="fade" start="100" end="0" time="0">Hidden</animation>
            <visible>Control.HasFocus(70) | !Control.IsVisible(9773)</visible>
        </control>
        <control type="image" id="9772">
            <animation effect="fade" start="0" end="100" time="0">Visible</animation>
            <animation effect="fade" start="100" end="0" time="0" delay="1500">Hidden</animation>
            <visible>!Control.HasFocus(70) + [Container.Scrolling | Container.OnScrollNext | Container.OnScrollPrevious]</visible>
        </control>
    </controls>
</window>
