<?xml version="1.0" encoding="UTF-8"?>
<window>
    <defaultcontrol>525</defaultcontrol>
    <backgroundcolor>0</backgroundcolor>
    <onload condition="!Skin.HasSetting(Skin.Initialization)">SetProperty(Skin.Initialization,1,startup)</onload>
    <onload condition="!Skin.HasSetting(Skin.Initialization) | String.IsEmpty(Window(startup).Property(Started))">ReplaceWindow(startup)</onload>
    <include condition="!String.IsEmpty(Window.Property(CategoryChanged))">FocusSettingsCategory</include>

    <onunload>SetProperty(HomeCategory,$INFO[Container(20).CurrentItem])</onunload>

    <controls>
        <!-- Backgrounds -->
        <include>CommonItemsHome</include>
        <!-- Home screen -->
        <include>HomeCategoryLabels</include>
        <include>HomeItems</include>
        <include>HomeProfileInfo</include>
        <!-- Bottom buttons -->
        <include condition="!Skin.HasSetting(HideHomeButtons)">HomeShutdownFavouritesButtons</include>
        <!-- Common/profile info -->
        <include>Common-Home-Info</include>
    </controls>
</window>