<?xml version="1.0" encoding="UTF-8"?>
<includes>
	<!-- Advanced Launcher or Advanced Emulator Launcher -->
	<expression name="IsPluginAdvancedLauncher">String.StartsWith(Container.FolderPath,plugin://plugin.program.advanced.launcher/) | String.StartsWith(Container.FolderPath,plugin://plugin.program.advanced.emulator.launcher/)</expression>

	<include file="ViewtypesVideos.xml"/>
	<include file="ViewtypesMusic.xml"/>
	<include file="ViewtypesPictures.xml"/>
	<include file="ViewtypesPrograms.xml"/>
	<include file="ViewtypesAddons.xml"/>
	<include file="ViewtypesPVRGuide.xml"/>
	<include name="VideoViews">
		<include>Viewtype-List</include>
		<include>Viewtype-InfoList</include>
		<include>Viewtype-Panel</include>
		<include>Viewtype-Landscape</include>
		<include>Viewtype-Poster</include>
		<include>Viewtype-Thumbnail</include>
		<include>Viewtype-ThumbnailVideo</include>
		<include>Viewtype-Banner</include>
		<include>Viewtype-Fanart</include>
		<include condition="Skin.HasSetting(NextAired.Enabled)">NextAiredInfo</include>
	</include>
	<include name="MusicViews">
		<include>Viewtype-MusicList</include>
		<include>Viewtype-MusicInfoList</include>
		<include>Viewtype-MusicPanel</include>
		<include>Viewtype-CoverView</include>
		<include>Viewtype-Thumbnail</include>
		<include>Viewtype-MusicThumbnail</include>
		<include>Viewtype-CoverList</include>
	</include>
	<include name="MusicFileViews">
		<include>Viewtype-MusicList</include>
	</include>
	<include name="PictureViews">
		<include>Viewtype-PictureList</include>
		<include>Viewtype-PictureListLargeThumb</include>
		<include>Viewtype-PictureView</include>
		<include>Viewtype-AddonThumbnail</include>
	</include>
	<include name="ProgramViews">
		<include>Viewtype-ProgramList</include>
		<include>Viewtype-AddonThumbnail</include>
		<!-- Advanced Launcher specific views -->
		<include>Viewtype-ProgramInfoList</include>
		<include>Viewtype-ProgramInfoListSquare</include>
		<include>Viewtype-ProgramPanel</include>
		<include>Viewtype-ProgramPanelSquare</include>
		<include>Viewtype-ProgramLandscape</include>
		<include>Viewtype-ProgramPoster</include>
		<include>Viewtype-ProgramPosterSquare</include>
		<include>Viewtype-ProgramThumbnail</include>
		<include>Viewtype-ProgramThumbnailSquare</include>
		<include>Viewtype-ProgramBanner</include>
		<include>Viewtype-ProgramBannerSquare</include>
	</include>
	<include name="AddonViews">
		<include>Viewtype-AddonThumbnail</include>
		<include>Viewtype-AddonList</include>
	</include>
	<include name="VideoPlaylistViews">
		<include>Viewtype-List</include>
	</include>
	<include name="MusicPlaylistViews">
		<include>Viewtype-MusicList</include>
		<include>Viewtype-MusicInfoList</include>
		<include>Viewtype-CoverList</include>
		<include>Viewtype-CoverView</include>
	</include>

	<include name="MusicPlaylistViewIds">
		<views>50,52,55,60</views>
	</include>
	<include name="VideoPlaylistViewIds">
		<views>50</views>
	</include>

	<!-- ========= -->
	<!-- Variables -->
	<!-- ========= -->

	<!-- HD/SD/3D/4K flag -->
	<variable name="ListHDSDFlag">
		<value condition="String.Contains(ListItem.FileNameAndPath,.3D.) | String.Contains(ListItem.FileNameAndPath,-3D.)">flags/other/3d-default.png</value>
		<value condition="String.IsEqual(ListItem.VideoResolution,1080)">flags/defs/hd.png</value>
		<value condition="String.IsEqual(ListItem.VideoResolution,720)">flags/defs/hd.png</value>
		<value condition="String.IsEqual(ListItem.VideoResolution,4K)">flags/defs/4k.png</value>
		<value condition="!String.IsEmpty(ListItem.VideoResolution)">flags/defs/sd.png</value>
	</variable>
	<variable name="ListHDSDFlagSmall">
		<value condition="String.Contains(ListItem.FileNameAndPath,.3D.) | String.Contains(ListItem.FileNameAndPath,-3D.)">flags/other/3d-ilist.png</value>
		<value condition="String.IsEqual(ListItem.VideoResolution,1080)">flags/defs/hd-ilist.png</value>
		<value condition="String.IsEqual(ListItem.VideoResolution,720)">flags/defs/hd-ilist.png</value>
		<value condition="String.IsEqual(ListItem.VideoResolution,4K)">flags/defs/4k-ilist.png</value>
		<value condition="!String.IsEmpty(ListItem.VideoResolution)">flags/defs/sd-ilist.png</value>
	</variable>
	<variable name="BannerListHDSDFlag">
		<value condition="String.Contains(ListItem.FileNameAndPath,.3D.) | String.Contains(ListItem.FileNameAndPath,-3D.)">flags/other/3d-banner.png</value>
		<value condition="String.IsEqual(ListItem.VideoResolution,1080)">flags/defs/hd-banner.png</value>
		<value condition="String.IsEqual(ListItem.VideoResolution,720)">flags/defs/hd-banner.png</value>
		<value condition="String.IsEqual(ListItem.VideoResolution,4K)">flags/defs/4k-banner.png</value>
		<value condition="!String.IsEmpty(ListItem.VideoResolution)">flags/defs/sd-banner.png</value>
	</variable>
	<variable name="LandscapeHDSD3DLabel">
		<value condition="String.Contains(ListItem.FileNameAndPath,.3D.) | String.Contains(ListItem.FileNameAndPath,-3D.)">[COLOR=44FFFFFF]/[/COLOR] 3D</value>
		<value condition="String.IsEqual(ListItem.VideoResolution,1080)">[COLOR=44FFFFFF]/[/COLOR] HD</value>
		<value condition="String.IsEqual(ListItem.VideoResolution,720)">[COLOR=44FFFFFF]/[/COLOR] HD</value>
		<value condition="String.IsEqual(ListItem.VideoResolution,4K)">[COLOR=44FFFFFF]/[/COLOR] 4K</value>
		<value condition="!String.IsEmpty(ListItem.VideoResolution)">[COLOR=44FFFFFF]/[/COLOR] SD</value>
	</variable>
	<variable name="LandscapeHDSD3DLabel0">
		<value condition="String.Contains(Container(54).ListItem(0).FileNameAndPath,.3D.) | String.Contains(Container(54).ListItem(0).FileNameAndPath,-3D.)">[COLOR=44FFFFFF]/[/COLOR] 3D</value>
		<value condition="String.IsEqual(Container(54).ListItem(0).VideoResolution,1080)">[COLOR=44FFFFFF]/[/COLOR] HD</value>
		<value condition="String.IsEqual(Container(54).ListItem(0).VideoResolution,720)">[COLOR=44FFFFFF]/[/COLOR] HD</value>
		<value condition="String.IsEqual(Container(54).ListItem(0).VideoResolution,4K)">[COLOR=44FFFFFF]/[/COLOR] 4K</value>
		<value condition="!String.IsEmpty(Container(54).ListItem(0).VideoResolution)">[COLOR=44FFFFFF]/[/COLOR] SD</value>
	</variable>
	<variable name="LandscapeHDSD3DLabel1">
		<value condition="String.Contains(Container(54).ListItem(1).FileNameAndPath,.3D.) | String.Contains(Container(54).ListItem(1).FileNameAndPath,-3D.)">[COLOR=44FFFFFF]/[/COLOR] 3D</value>
		<value condition="String.IsEqual(Container(54).ListItem(1).VideoResolution,1080)">[COLOR=44FFFFFF]/[/COLOR] HD</value>
		<value condition="String.IsEqual(Container(54).ListItem(1).VideoResolution,720)">[COLOR=44FFFFFF]/[/COLOR] HD</value>
		<value condition="String.IsEqual(Container(54).ListItem(1).VideoResolution,4K)">[COLOR=44FFFFFF]/[/COLOR] 4K</value>
		<value condition="!String.IsEmpty(Container(54).ListItem(1).VideoResolution)">[COLOR=44FFFFFF]/[/COLOR] SD</value>
	</variable>
	<variable name="LandscapeHDSD3DLabel2">
		<value condition="String.Contains(Container(54).ListItem(2).FileNameAndPath,.3D.) | String.Contains(Container(54).ListItem(2).FileNameAndPath,-3D.)">[COLOR=44FFFFFF]/[/COLOR] 3D</value>
		<value condition="String.IsEqual(Container(54).ListItem(2).VideoResolution,1080)">[COLOR=44FFFFFF]/[/COLOR] HD</value>
		<value condition="String.IsEqual(Container(54).ListItem(2).VideoResolution,720)">[COLOR=44FFFFFF]/[/COLOR] HD</value>
		<value condition="String.IsEqual(Container(54).ListItem(2).VideoResolution,4K)">[COLOR=44FFFFFF]/[/COLOR] 4K</value>
		<value condition="!String.IsEmpty(Container(54).ListItem(2).VideoResolution)">[COLOR=44FFFFFF]/[/COLOR] SD</value>
	</variable>
	<variable name="LandscapeHDSD3DLabel3">
		<value condition="String.Contains(Container(54).ListItem(3).FileNameAndPath,.3D.) | String.Contains(Container(54).ListItem(3).FileNameAndPath,-3D.)">[COLOR=44FFFFFF]/[/COLOR] 3D</value>
		<value condition="String.IsEqual(Container(54).ListItem(3).VideoResolution,1080)">[COLOR=44FFFFFF]/[/COLOR] HD</value>
		<value condition="String.IsEqual(Container(54).ListItem(3).VideoResolution,720)">[COLOR=44FFFFFF]/[/COLOR] HD</value>
		<value condition="String.IsEqual(Container(54).ListItem(3).VideoResolution,4K)">[COLOR=44FFFFFF]/[/COLOR] 4K</value>
		<value condition="!String.IsEmpty(Container(54).ListItem(3).VideoResolution)">[COLOR=44FFFFFF]/[/COLOR] SD</value>
	</variable>
	<variable name="LandscapeHDSD3DLabel-1">
		<value condition="String.Contains(Container(54).ListItem(-1).FileNameAndPath,.3D.) | String.Contains(Container(54).ListItem(-1).FileNameAndPath,-3D.)">[COLOR=44FFFFFF]/[/COLOR] 3D</value>
		<value condition="String.IsEqual(Container(54).ListItem(-1).VideoResolution,1080)">[COLOR=44FFFFFF]/[/COLOR] HD</value>
		<value condition="String.IsEqual(Container(54).ListItem(-1).VideoResolution,720)">[COLOR=44FFFFFF]/[/COLOR] HD</value>
		<value condition="String.IsEqual(Container(54).ListItem(-1).VideoResolution,4K)">[COLOR=44FFFFFF]/[/COLOR] 4K</value>
		<value condition="!String.IsEmpty(Container(54).ListItem(-1).VideoResolution)">[COLOR=44FFFFFF]/[/COLOR] SD</value>
	</variable>

	<!-- Overlays -->
	<variable name="InfoListOverlay">
		<value condition="ListItem.IsResumable">$INFO[ListItem.Overlay,overlays/,/list-p.png]</value>
		<value condition="Integer.IsEqual(ListItem.PlayCount,0)">$INFO[ListItem.Overlay,overlays/,/list-w.png]</value>
	</variable>
	<variable name="InfoPanelOverlay">
		<value condition="ListItem.IsResumable">$INFO[ListItem.Overlay,overlays/,/panel-p.png]</value>
		<value condition="Integer.IsEqual(ListItem.PlayCount,0)">$INFO[ListItem.Overlay,overlays/,/panel-w.png]</value>
	</variable>
	<variable name="DefaultListOverlay">
		<value condition="Container.ListItem.IsResumable">$INFO[ListItem.Overlay,overlays/,/default-p.png]</value>
		<value condition="Integer.IsEqual(ListItem.PlayCount,0)">$INFO[ListItem.Overlay,overlays/,/default-w.png]</value>
	</variable>
	<variable name="ExtendedOverlay">
		<value condition="Container.ListItem.IsResumable">$INFO[ListItem.Overlay,overlays/,/extended-p.png]</value>
		<value condition="Integer.IsEqual(ListItem.PlayCount,0)">$INFO[ListItem.Overlay,overlays/,/extended-w.png]</value>
	</variable>
	<variable name="ExtendedOverlay0">
		<value condition="Container.ListItem(0).IsResumable">$INFO[Container.ListItem(0).Overlay,overlays/,/extended-p.png]</value>
		<value condition="Integer.IsEqual(Container.ListItem(0).PlayCount,0)">$INFO[Container.ListItem(0).Overlay,overlays/,/extended-w.png]</value>
	</variable>
	<variable name="ExtendedOverlay1">
		<value condition="Container.ListItem(1).IsResumable">$INFO[Container.ListItem(1).Overlay,overlays/,/extended-p.png]</value>
		<value condition="Integer.IsEqual(Container.ListItem(1).PlayCount,0)">$INFO[Container.ListItem(1).Overlay,overlays/,/extended-w.png]</value>
	</variable>
	<variable name="ExtendedOverlay2">
		<value condition="Container.ListItem(2).IsResumable">$INFO[Container.ListItem(2).Overlay,overlays/,/extended-p.png]</value>
		<value condition="Integer.IsEqual(Container.ListItem(2).PlayCount,0)">$INFO[Container.ListItem(2).Overlay,overlays/,/extended-w.png]</value>
	</variable>
	<variable name="ExtendedOverlay3">
		<value condition="Container.ListItem(3).IsResumable">$INFO[Container.ListItem(3).Overlay,overlays/,/extended-p.png]</value>
		<value condition="Integer.IsEqual(Container.ListItem(3).PlayCount,0)">$INFO[Container.ListItem(3).Overlay,overlays/,/extended-w.png]</value>
	</variable>
	<variable name="ExtendedOverlay4">
		<value condition="Container.ListItem(4).IsResumable">$INFO[Container.ListItem(4).Overlay,overlays/,/extended-p.png]</value>
		<value condition="Integer.IsEqual(Container.ListItem(4).PlayCount,0)">$INFO[Container.ListItem(4).Overlay,overlays/,/extended-w.png]</value>
	</variable>
	<variable name="ExtendedOverlay-1">
		<value condition="Container.ListItem(-1).IsResumable">$INFO[Container.ListItem(-1).Overlay,overlays/,/extended-p.png]</value>
		<value condition="Integer.IsEqual(Container.ListItem(-1).PlayCount,0)">$INFO[Container.ListItem(-1).Overlay,overlays/,/extended-w.png]</value>
	</variable>
	<variable name="VideoInfoOverlay">
		<value condition="Integer.IsGreater(ListItem.PercentPlayed,0) + Integer.IsLessOrEqual(ListItem.PercentPlayed,99)">$INFO[ListItem.Overlay,overlays/,/extended-p.png]</value>
		<value condition="Integer.IsEqual(ListItem.PlayCount,0)">$INFO[ListItem.Overlay,overlays/,/extended-w.png]</value>
	</variable>
	<variable name="ActorsVideoInfoOverlay">
		<value condition="!String.IsEmpty(ListItem.Property(isResumable))">$INFO[ListItem.Overlay,overlays/,/extended-p.png]</value>
		<value condition="Integer.IsEqual(ListItem.PlayCount,0)">$INFO[ListItem.Overlay,overlays/,/extended-w.png]</value>
	</variable>
	<variable name="BannerOverlayFo">
		<value condition="ListItem.IsPlaying">views/banner/other/playing-top.png</value>
		<value condition="ListItem.IsResumable">$INFO[ListItem.Overlay,overlays/,/banner-p-fo.png]</value>
		<value condition="Integer.IsEqual(ListItem.PlayCount,0)">$INFO[ListItem.Overlay,overlays/,/banner-w-fo.png]</value>
	</variable>
	<variable name="BannerOverlayNF">
		<value condition="Container.ListItem.IsResumable">$INFO[ListItem.Overlay,overlays/,/banner-p-nf.png]</value>
		<value condition="Integer.IsEqual(ListItem.PlayCount,0)">$INFO[ListItem.Overlay,overlays/,/banner-w-nf.png]</value>
	</variable>
	<variable name="AddonOverlay">
		<value condition="String.IsEqual(ListItem.Label2,$LOCALIZE[24098])">overlays/addons/broken.png</value>
		<value condition="String.IsEqual(ListItem.Label2,$LOCALIZE[305])">overlays/addons/enabled.png</value>
		<value condition="String.IsEqual(ListItem.Label2,$LOCALIZE[24068])">overlays/addons/update.png</value>
	</variable>

	<!-- Thumbnails -->
	<variable name="DefaultListPoster">
		<value condition="!String.IsEmpty(ListItem.Art(poster))">$INFO[ListItem.Art(poster)]</value>
		<value condition="!String.StartsWith(Container.FolderPath,videodb://) + !String.IsEmpty(ListItem.Art(thumb))">$INFO[ListItem.Art(thumb)]</value>
		<value condition="Container.Content(Seasons) + !String.IsEmpty(ListItem.Art(tvshow.poster))">$INFO[ListItem.Art(tvshow.poster)]</value>
		<value>$INFO[ListItem.ActualIcon,views/fallbacks/,/small.png]</value>
	</variable>
	<variable name="DefaultListBanner">
		<value condition="!String.IsEmpty(ListItem.Art(banner))">$INFO[ListItem.Art(banner)]</value>
		<value>$INFO[ListItem.ActualIcon,views/fallbacks/,/banner-small.png]</value>
	</variable>
	<variable name="DefaultListLandscape">
		<value condition="!String.IsEmpty(ListItem.Art(thumb))">$INFO[ListItem.Art(thumb)]</value>
		<value>$INFO[ListItem.ActualIcon,views/fallbacks/,/landscape-small.png]</value>
	</variable>
	<variable name="DefaultBanner">
		<value condition="!String.IsEmpty(ListItem.Art(banner))">$INFO[ListItem.Art(banner)]</value>
		<value>$INFO[ListItem.ActualIcon,views/fallbacks/,/banner.png]</value>
	</variable>
	<variable name="FanArtLandscape">
		<value condition="Container.Content(episodes)">$INFO[ListItem.Thumb]</value>
		<value condition="!String.IsEmpty(ListItem.Art(landscape)) + Skin.HasSetting(PreferLandscapeArt)">$INFO[ListItem.Art(landscape)]</value>
		<value condition="!String.IsEmpty(ListItem.Property(medium_fanartimage))">$INFO[ListItem.Property(medium_fanartimage)]</value>
		<value condition="!String.IsEmpty(ListItem.Property(medium_landscape))">$INFO[ListItem.Property(medium_landscape)]</value>
		<value condition="!String.IsEmpty(ListItem.Art(fanart))">$INFO[ListItem.Art(fanart)]</value>
		<value condition="String.IsEmpty(ListItem.Thumb)">$INFO[ListItem.ActualIcon,views/fallbacks/,/large.png]</value>
		<value>$INFO[ListItem.Thumb]</value>
	</variable>
	<variable name="ListFanart">
		<value condition="[Container.Content(Seasons) | Container.Content(Episodes)] + !String.IsEmpty(ListItem.Art(season.fanart))">$INFO[ListItem.Art(season.fanart)]</value>
		<value condition="!String.IsEmpty(ListItem.Art(fanart))">$INFO[ListItem.Art(fanart)]</value>
		<value>$INFO[ListItem.ActualIcon,views/fallbacks/,/large.png]</value>
	</variable>
	<variable name="InfoListPoster">
		<value condition="Container.Content(Episodes) + !String.IsEmpty(ListItem.Art(tvshow.poster))">$INFO[ListItem.Art(tvshow.poster)]</value>
		<value condition="!String.IsEmpty(ListItem.Art(poster))">$INFO[ListItem.Art(poster)]</value>
		<value condition="!String.StartsWith(Container.FolderPath,videodb://) + !String.IsEmpty(ListItem.Art(thumb))">$INFO[ListItem.Art(thumb)]</value>
		<value condition="Container.Content(Seasons) + !String.IsEmpty(ListItem.Art(tvshow.poster))">$INFO[ListItem.Art(tvshow.poster)]</value>
		<value>$INFO[ListItem.ActualIcon,views/fallbacks/,/large.png]</value>
	</variable>
	<variable name="PosterViewPoster">
		<value condition="!String.IsEmpty(ListItem.Art(poster))">$INFO[ListItem.Art(poster)]</value>
		<value condition="[!String.StartsWith(Container.FolderPath,videodb://) | Container.Content(actors)] + !String.IsEmpty(ListItem.Art(thumb))">$INFO[ListItem.Art(thumb)]</value>
		<value condition="Container.Content(Seasons) + !String.IsEmpty(ListItem.Art(tvshow.poster))">$INFO[ListItem.Art(tvshow.poster)]</value>
		<value>$INFO[ListItem.ActualIcon,views/fallbacks/,/large.png]</value>
	</variable>
	<variable name="PosterViewPoster-1">
		<value condition="!String.IsEmpty(Container(55).ListItem(-1).Art(poster))">$INFO[Container(55).ListItem(-1).Art(poster)]</value>
		<value condition="[!String.StartsWith(Container.FolderPath,videodb://) | Container.Content(actors)] + !String.IsEmpty(Container(55).ListItem(-1).Art(thumb))">$INFO[Container(55).ListItem(-1).Art(thumb)]</value>
		<value condition="Container.Content(Seasons) + !String.IsEmpty(Container(55).ListItem(-1).Art(tvshow.poster))">$INFO[Container(55).ListItem(-1).Art(tvshow.poster)]</value>
		<value>$INFO[Container(55).ListItem(-1).ActualIcon,views/fallbacks/,/large.png]</value>
	</variable>
	<variable name="PosterViewPoster0">
		<value condition="!String.IsEmpty(Container(55).ListItem(0).Art(poster))">$INFO[Container(55).ListItem(0).Art(poster)]</value>
		<value condition="[!String.StartsWith(Container.FolderPath,videodb://) | Container.Content(actors)] + !String.IsEmpty(Container(55).ListItem(0).Art(thumb))">$INFO[Container(55).ListItem(0).Art(thumb)]</value>
		<value condition="Container.Content(Seasons) + !String.IsEmpty(Container(55).ListItem(0).Art(tvshow.poster))">$INFO[Container(55).ListItem(0).Art(tvshow.poster)]</value>
		<value>$INFO[Container(55).ListItem(0).ActualIcon,views/fallbacks/,/large.png]</value>
	</variable>
	<variable name="PosterViewPoster1">
		<value condition="!String.IsEmpty(Container(55).ListItem(1).Art(poster))">$INFO[Container(55).ListItem(1).Art(poster)]</value>
		<value condition="[!String.StartsWith(Container.FolderPath,videodb://) | Container.Content(actors)] + !String.IsEmpty(Container(55).ListItem(1).Art(thumb))">$INFO[Container(55).ListItem(1).Art(thumb)]</value>
		<value condition="Container.Content(Seasons) + !String.IsEmpty(Container(55).ListItem(1).Art(tvshow.poster))">$INFO[Container(55).ListItem(1).Art(tvshow.poster)]</value>
		<value>$INFO[Container(55).ListItem(1).ActualIcon,views/fallbacks/,/large.png]</value>
	</variable>
	<variable name="PosterViewPoster2">
		<value condition="!String.IsEmpty(Container(55).ListItem(2).Art(poster))">$INFO[Container(55).ListItem(2).Art(poster)]</value>
		<value condition="[!String.StartsWith(Container.FolderPath,videodb://) | Container.Content(actors)] + !String.IsEmpty(Container(55).ListItem(2).Art(thumb))">$INFO[Container(55).ListItem(2).Art(thumb)]</value>
		<value condition="Container.Content(Seasons) + !String.IsEmpty(Container(55).ListItem(2).Art(tvshow.poster))">$INFO[Container(55).ListItem(2).Art(tvshow.poster)]</value>
		<value>$INFO[Container(55).ListItem(2).ActualIcon,views/fallbacks/,/large.png]</value>
	</variable>
	<variable name="PosterViewPoster3">
		<value condition="!String.IsEmpty(Container(55).ListItem(3).Art(poster))">$INFO[Container(55).ListItem(3).Art(poster)]</value>
		<value condition="[!String.StartsWith(Container.FolderPath,videodb://) | Container.Content(actors)] + !String.IsEmpty(Container(55).ListItem(3).Art(thumb))">$INFO[Container(55).ListItem(3).Art(thumb)]</value>
		<value condition="Container.Content(Seasons) + !String.IsEmpty(Container(55).ListItem(3).Art(tvshow.poster))">$INFO[Container(55).ListItem(3).Art(tvshow.poster)]</value>
		<value>$INFO[Container(55).ListItem(3).ActualIcon,views/fallbacks/,/large.png]</value>
	</variable>
	<variable name="PosterViewPoster4">
		<value condition="!String.IsEmpty(Container(55).ListItem(4).Art(poster))">$INFO[Container(55).ListItem(4).Art(poster)]</value>
		<value condition="[!String.StartsWith(Container.FolderPath,videodb://) | Container.Content(actors)] + !String.IsEmpty(Container(55).ListItem(4).Art(thumb))">$INFO[Container(55).ListItem(4).Art(thumb)]</value>
		<value condition="Container.Content(Seasons) + !String.IsEmpty(Container(55).ListItem(4).Art(tvshow.poster))">$INFO[Container(55).ListItem(4).Art(tvshow.poster)]</value>
		<value>$INFO[Container(55).ListItem(4).ActualIcon,views/fallbacks/,/large.png]</value>
	</variable>
	<variable name="PosterViewPoster5">
		<value condition="!String.IsEmpty(Container(55).ListItem(5).Art(poster))">$INFO[Container(55).ListItem(5).Art(poster)]</value>
		<value condition="[!String.StartsWith(Container.FolderPath,videodb://) | Container.Content(actors)] + !String.IsEmpty(Container(55).ListItem(5).Art(thumb))">$INFO[Container(55).ListItem(5).Art(thumb)]</value>
		<value condition="Container.Content(Seasons) + !String.IsEmpty(Container(55).ListItem(5).Art(tvshow.poster))">$INFO[Container(55).ListItem(5).Art(tvshow.poster)]</value>
		<value>$INFO[Container(55).ListItem(5).ActualIcon,views/fallbacks/,/large.png]</value>
	</variable>
	<variable name="ExtendedViewThumb">
		<value condition="Container.Content(episodes)">$INFO[ListItem.Art(thumb)]</value>
		<value condition="!String.IsEmpty(ListItem.Art(landscape)) + [[Container.Content(TVShows) + [Skin.HasSetting(ExtendedUseLandscape) | Skin.HasSetting(ExtendedUseClearArt) | Skin.HasSetting(ExtendedUseClearLogo)]] | [Container.Content(Movies) + [Skin.HasSetting(ExtendedUseMovieLandscape) | Skin.HasSetting(ExtendedUseMovieClearArt) | Skin.HasSetting(ExtendedUseClearMovieLogo)]]]">$INFO[ListItem.Art(landscape)]</value>
		<value condition="!String.IsEmpty(ListItem.Art(fanart))">$INFO[ListItem.Art(fanart)]</value>
		<value>$INFO[ListItem.ActualIcon,views/fallbacks/,/landscape.png]</value>
	</variable>
	<variable name="ExtendedViewThumb0">
		<value condition="Container.Content(episodes)">$INFO[Container(54).ListItem(0).Art(thumb)]</value>
		<value condition="!String.IsEmpty(Container(54).ListItem(0).Art(landscape)) + [[Container.Content(TVShows) + [Skin.HasSetting(ExtendedUseLandscape) | Skin.HasSetting(ExtendedUseClearArt) | Skin.HasSetting(ExtendedUseClearLogo)]] | [Container.Content(Movies) + [Skin.HasSetting(ExtendedUseMovieLandscape) | Skin.HasSetting(ExtendedUseMovieClearArt) | Skin.HasSetting(ExtendedUseClearMovieLogo)]]]">$INFO[Container(54).ListItem(0).Art(landscape)]</value>
		<value condition="!String.IsEmpty(Container(54).ListItem(0).Art(fanart))">$INFO[Container(54).ListItem(0).Art(fanart)]</value>
		<value>$INFO[Container(54).ListItem(0).ActualIcon,views/fallbacks/,/landscape.png]</value>
	</variable>
	<variable name="ExtendedViewThumb1">
		<value condition="Container.Content(episodes)">$INFO[Container(54).ListItem(1).Art(thumb)]</value>
		<value condition="!String.IsEmpty(Container(54).ListItem(1).Art(landscape)) + [[Container.Content(TVShows) + [Skin.HasSetting(ExtendedUseLandscape) | Skin.HasSetting(ExtendedUseClearArt) | Skin.HasSetting(ExtendedUseClearLogo)]] | [Container.Content(Movies) + [Skin.HasSetting(ExtendedUseMovieLandscape) | Skin.HasSetting(ExtendedUseMovieClearArt) | Skin.HasSetting(ExtendedUseClearMovieLogo)]]]">$INFO[Container(54).ListItem(1).Art(landscape)]</value>
		<value condition="!String.IsEmpty(Container(54).ListItem(1).Art(fanart))">$INFO[Container(54).ListItem(1).Art(fanart)]</value>
		<value>$INFO[Container(54).ListItem(1).ActualIcon,views/fallbacks/,/landscape.png]</value>
	</variable>
	<variable name="ExtendedViewThumb2">
		<value condition="Container.Content(episodes)">$INFO[Container(54).ListItem(2).Art(thumb)]</value>
		<value condition="!String.IsEmpty(Container(54).ListItem(2).Art(landscape)) + [[Container.Content(TVShows) + [Skin.HasSetting(ExtendedUseLandscape) | Skin.HasSetting(ExtendedUseClearArt) | Skin.HasSetting(ExtendedUseClearLogo)]] | [Container.Content(Movies) + [Skin.HasSetting(ExtendedUseMovieLandscape) | Skin.HasSetting(ExtendedUseMovieClearArt) | Skin.HasSetting(ExtendedUseClearMovieLogo)]]]">$INFO[Container(54).ListItem(2).Art(landscape)]</value>
		<value condition="!String.IsEmpty(Container(54).ListItem(2).Art(fanart))">$INFO[Container(54).ListItem(2).Art(fanart)]</value>
		<value>$INFO[Container(54).ListItem(2).ActualIcon,views/fallbacks/,/landscape.png]</value>
	</variable>
	<variable name="ExtendedViewThumb3">
		<value condition="Container.Content(episodes)">$INFO[Container(54).ListItem(3).Art(thumb)]</value>
		<value condition="!String.IsEmpty(Container(54).ListItem(3).Art(landscape)) + [[Container.Content(TVShows) + [Skin.HasSetting(ExtendedUseLandscape) | Skin.HasSetting(ExtendedUseClearArt) | Skin.HasSetting(ExtendedUseClearLogo)]] | [Container.Content(Movies) + [Skin.HasSetting(ExtendedUseMovieLandscape) | Skin.HasSetting(ExtendedUseMovieClearArt) | Skin.HasSetting(ExtendedUseClearMovieLogo)]]]">$INFO[Container(54).ListItem(3).Art(landscape)]</value>
		<value condition="!String.IsEmpty(Container(54).ListItem(3).Art(fanart))">$INFO[Container(54).ListItem(3).Art(fanart)]</value>
		<value>$INFO[Container(54).ListItem(3).ActualIcon,views/fallbacks/,/landscape.png]</value>
	</variable>
	<variable name="ExtendedViewThumb-1">
		<value condition="Container.Content(episodes)">$INFO[Container(54).ListItem(-1).Art(thumb)]</value>
		<value condition="!String.IsEmpty(Container(54).ListItem(-1).Art(landscape)) + [[Container.Content(TVShows) + [Skin.HasSetting(ExtendedUseLandscape) | Skin.HasSetting(ExtendedUseClearArt) | Skin.HasSetting(ExtendedUseClearLogo)]] | [Container.Content(Movies) + [Skin.HasSetting(ExtendedUseMovieLandscape) | Skin.HasSetting(ExtendedUseMovieClearArt) | Skin.HasSetting(ExtendedUseClearMovieLogo)]]]">$INFO[Container(54).ListItem(-1).Art(landscape)]</value>
		<value condition="!String.IsEmpty(Container(54).ListItem(-1).Art(fanart))">$INFO[Container(54).ListItem(-1).Art(fanart)]</value>
		<value>$INFO[Container(54).ListItem(-1).ActualIcon,views/fallbacks/,/landscape.png]</value>
	</variable>
	<variable name="ExtendedViewLogo">
		<value condition="[!String.IsEmpty(ListItem.Art(clearlogo)) + [[Container.Content(TVShows) + Skin.HasSetting(ExtendedUseClearLogo)] | [Container.Content(Movies) + Skin.HasSetting(ExtendedUseClearMovieLogo)]]] | [String.IsEmpty(ListItem.Art(clearart)) + [[Container.Content(TVShows) + Skin.HasSetting(ExtendedUseClearArt)] | [Container.Content(Movies) + Skin.HasSetting(ExtendedUseClearMovieArt)]]]">$INFO[ListItem.Art(clearlogo)]</value>
		<value>$INFO[ListItem.Art(clearart)]</value>
	</variable>
	<variable name="ExtendedViewLogo0">
		<value condition="[!String.IsEmpty(Container(54).ListItem(0).Art(clearlogo)) + [[Container.Content(TVShows) + Skin.HasSetting(ExtendedUseClearLogo)] | [Container.Content(Movies) + Skin.HasSetting(ExtendedUseClearMovieLogo)]]] | [String.IsEmpty(Container(54).ListItem(0).Art(clearart)) + [[Container.Content(TVShows) + Skin.HasSetting(ExtendedUseClearArt)] | [Container.Content(Movies) + Skin.HasSetting(ExtendedUseClearMovieArt)]]]">$INFO[Container(54).ListItem(0).Art(clearlogo)]</value>
		<value>$INFO[Container(54).ListItem(0).Art(clearart)]</value>
	</variable>
	<variable name="ExtendedViewLogo1">
		<value condition="[!String.IsEmpty(Container(54).ListItem(1).Art(clearlogo)) + [[Container.Content(TVShows) + Skin.HasSetting(ExtendedUseClearLogo)] | [Container.Content(Movies) + Skin.HasSetting(ExtendedUseClearMovieLogo)]]] | [String.IsEmpty(Container(54).ListItem(1).Art(clearart)) + [[Container.Content(TVShows) + Skin.HasSetting(ExtendedUseClearArt)] | [Container.Content(Movies) + Skin.HasSetting(ExtendedUseClearMovieArt)]]]">$INFO[Container(54).ListItem(1).Art(clearlogo)]</value>
		<value>$INFO[Container(54).ListItem(1).Art(clearart)]</value>
	</variable>
	<variable name="ExtendedViewLogo2">
		<value condition="[!String.IsEmpty(Container(54).ListItem(2).Art(clearlogo)) + [[Container.Content(TVShows) + Skin.HasSetting(ExtendedUseClearLogo)] | [Container.Content(Movies) + Skin.HasSetting(ExtendedUseClearMovieLogo)]]] | [String.IsEmpty(Container(54).ListItem(2).Art(clearart)) + [[Container.Content(TVShows) + Skin.HasSetting(ExtendedUseClearArt)] | [Container.Content(Movies) + Skin.HasSetting(ExtendedUseClearMovieArt)]]]">$INFO[Container(54).ListItem(2).Art(clearlogo)]</value>
		<value>$INFO[Container(54).ListItem(2).Art(clearart)]</value>
	</variable>
	<variable name="ExtendedViewLogo3">
		<value condition="[!String.IsEmpty(Container(54).ListItem(3).Art(clearlogo)) + [[Container.Content(TVShows) + Skin.HasSetting(ExtendedUseClearLogo)] | [Container.Content(Movies) + Skin.HasSetting(ExtendedUseClearMovieLogo)]]] | [String.IsEmpty(Container(54).ListItem(3).Art(clearart)) + [[Container.Content(TVShows) + Skin.HasSetting(ExtendedUseClearArt)] | [Container.Content(Movies) + Skin.HasSetting(ExtendedUseClearMovieArt)]]]">$INFO[Container(54).ListItem(3).Art(clearlogo)]</value>
		<value>$INFO[Container(54).ListItem(3).Art(clearart)]</value>
	</variable>
	<variable name="ExtendedViewLogo-1">
		<value condition="[!String.IsEmpty(Container(54).ListItem(-1).Art(clearlogo)) + [[Container.Content(TVShows) + Skin.HasSetting(ExtendedUseClearLogo)] | [Container.Content(Movies) + Skin.HasSetting(ExtendedUseClearMovieLogo)]]] | [String.IsEmpty(Container(54).ListItem(-1).Art(clearart)) + [[Container.Content(TVShows) + Skin.HasSetting(ExtendedUseClearArt)] | [Container.Content(Movies) + Skin.HasSetting(ExtendedUseClearMovieArt)]]]">$INFO[Container(54).ListItem(-1).Art(clearlogo)]</value>
		<value>$INFO[Container(54).ListItem(-1).Art(clearart)]</value>
	</variable>
	<variable name="WallPoster">
		<value condition="!String.IsEmpty(ListItem.Art(poster))">$INFO[ListItem.Art(poster)]</value>
		<value condition="[!String.StartsWith(Container.FolderPath,videodb://) | Container.Content(actors)] + !String.IsEmpty(ListItem.Art(thumb))">$INFO[ListItem.Art(thumb)]</value>
		<value condition="Container.Content(Seasons) + !String.IsEmpty(ListItem.Art(tvshow.poster))">$INFO[ListItem.Art(tvshow.poster)]</value>
		<value>$INFO[ListItem.ActualIcon,views/fallbacks/,/medium.png]</value>
	</variable>
	<variable name="VideoInfoThumb">
		<value condition="Container.Content(Episodes) + !String.IsEmpty(ListItem.Art(season.poster))">$INFO[ListItem.Art(season.poster)]</value>
		<value condition="!String.IsEmpty(ListItem.Art(poster))">$INFO[ListItem.Art(poster)]</value>
		<value condition="Container.Content(tvshows)">views/fallbacks/DefaultFolder.png/large.png</value>
		<value>views/fallbacks/DefaultVideo.png/large.png</value>
	</variable>
	<variable name="VideoInfoArt">
		<value condition="!String.IsEmpty(ListItem.Art(season.fanart)) + !Container.Content(episodes)">$INFO[ListItem.Art(season.fanart)]</value>
		<value condition="!String.IsEmpty(ListItem.Art(fanart)) + !Container.Content(episodes)">$INFO[ListItem.Art(fanart)]</value>
		<value condition="[Container.Content(episodes) | [String.IsEmpty(ListItem.Art(season.fanart)) + String.IsEmpty(ListItem.Art(fanart))]] + !String.IsEmpty(ListItem.Art(thumb))">$INFO[ListItem.Art(thumb)]</value>
		<value condition="Container.Content(tvshows)">views/fallbacks/DefaultFolder.png/landscape.png</value>
		<value>views/fallbacks/DefaultVideo.png/landscape.png</value>
	</variable>
	<variable name="BannerLandscape">
		<value condition="!String.IsEmpty(ListItem.Art(thumb))">$INFO[ListItem.Art(thumb)]</value>
		<value>$INFO[ListItem.ActualIcon,views/fallbacks/,/landscape.png]</value>
	</variable>
	<variable name="ThumbIcon">
		<value condition="!String.IsEmpty(ListItem.Art(thumb))">$INFO[ListItem.Art(thumb)]</value>
		<value>$INFO[ListItem.ActualIcon,views/fallbacks/,/square-medium.png]</value>
	</variable>
	<variable name="SquareThumbSmall">
		<value condition="!String.IsEmpty(ListItem.Art(thumb))">$INFO[ListItem.Art(thumb)]</value>
		<value>$INFO[ListItem.ActualIcon,views/fallbacks/,/square-small.png]</value>
	</variable>
	<variable name="SquareThumbLarge">
		<value condition="!String.IsEmpty(ListItem.Art(thumb))">$INFO[ListItem.Art(thumb)]</value>
		<value>$INFO[ListItem.ActualIcon,views/fallbacks/,/square-large.png]</value>
	</variable>
	<variable name="SquareThumbLarge-1">
		<value condition="!String.IsEmpty(Container(55).ListItem(-1).Art(thumb))">$INFO[Container(55).ListItem(-1).Art(thumb)]</value>
		<value>$INFO[Container(55).ListItem(-1).ActualIcon,views/fallbacks/,/square-large.png]</value>
	</variable>
	<variable name="SquareThumbLarge0">
		<value condition="!String.IsEmpty(Container(55).ListItem(0).Art(thumb))">$INFO[Container(55).ListItem(0).Art(thumb)]</value>
		<value>$INFO[Container(55).ListItem(0).ActualIcon,views/fallbacks/,/square-large.png]</value>
	</variable>
	<variable name="SquareThumbLarge1">
		<value condition="!String.IsEmpty(Container(55).ListItem(1).Art(thumb))">$INFO[Container(55).ListItem(1).Art(thumb)]</value>
		<value>$INFO[Container(55).ListItem(1).ActualIcon,views/fallbacks/,/square-large.png]</value>
	</variable>
	<variable name="SquareThumbLarge2">
		<value condition="!String.IsEmpty(Container(55).ListItem(2).Art(thumb))">$INFO[Container(55).ListItem(2).Art(thumb)]</value>
		<value>$INFO[Container(55).ListItem(2).ActualIcon,views/fallbacks/,/square-large.png]</value>
	</variable>
	<variable name="SquareThumbLarge3">
		<value condition="!String.IsEmpty(Container(55).ListItem(3).Art(thumb))">$INFO[Container(55).ListItem(3).Art(thumb)]</value>
		<value>$INFO[Container(55).ListItem(3).ActualIcon,views/fallbacks/,/square-large.png]</value>
	</variable>
	<variable name="SquareThumbLarge4">
		<value condition="!String.IsEmpty(Container(55).ListItem(4).Art(thumb))">$INFO[Container(55).ListItem(4).Art(thumb)]</value>
		<value>$INFO[Container(55).ListItem(4).ActualIcon,views/fallbacks/,/square-large.png]</value>
	</variable>
	<variable name="SquareThumbLarge5">
		<value condition="!String.IsEmpty(Container(55).ListItem(5).Art(thumb))">$INFO[Container(55).ListItem(5).Art(thumb)]</value>
		<value>$INFO[Container(55).ListItem(5).ActualIcon,views/fallbacks/,/square-large.png]</value>
	</variable>
	<variable name="AlbumInfoThumb">
		<value condition="!String.IsEmpty(ListItem.Thumb)">$INFO[ListItem.Thumb]</value>
		<value condition="Container.Content(Artists)">views/fallbacks/DefaultArtist.png/square-large.png</value>
		<value>views/fallbacks/DefaultAlbumCover.png/square-large.png</value>
	</variable>
	<variable name="AddonInfoThumb">
		<value condition="!String.IsEmpty(ListItem.Thumb)">$INFO[ListItem.Thumb]</value>
		<value>views/fallbacks/DefaultAddon.png/square-large.png</value>
	</variable>
	<variable name="PvrListIcon">
		<value condition="ListItem.IsEncrypted + String.IsEmpty(ListItem.Thumb)">windows/pvr/encrypted.png</value>
		<value>$INFO[ListItem.Thumb]</value>
	</variable>

	<!-- Home Widgets -->
	<variable name="WidgetPoster">
		<value condition="!String.IsEmpty(ListItem.Art(tvshow.poster))">$INFO[ListItem.Art(tvshow.poster)]</value>
		<value condition="!String.IsEmpty(ListItem.Art(poster))">$INFO[ListItem.Art(poster)]</value>
		<value>$INFO[ListItem.Icon]</value>
	</variable>
	<variable name="WidgetFanart">
		<value condition="!String.IsEmpty(ListItem.Art(fanart))">$INFO[ListItem.Art(fanart)]</value>
		<value condition="!String.IsEmpty(ListItem.Art(landscape))">$INFO[ListItem.Art(landscape)]</value>
		<value condition="!String.IsEmpty(ListItem.Art(tvshow.landscape))">$INFO[ListItem.Art(tvshow.landscape)]</value>
		<value>$INFO[ListItem.Icon]</value>
	</variable>

	<!-- Info -->
	<variable name="AddonLabel2">
		<value condition="String.IsEqual(ListItem.Label2,$LOCALIZE[24098])">[COLOR=SelectedRed]$INFO[ListItem.Label2, ,][/COLOR]</value>
		<value condition="String.IsEqual(ListItem.Label2,$LOCALIZE[305])">[COLOR=SelectedColor]$INFO[ListItem.Label2, ,][/COLOR]</value>
		<value condition="String.IsEqual(ListItem.Label2,$LOCALIZE[24068])">[COLOR=SelectedBlue]$INFO[ListItem.Label2, ,][/COLOR]</value>
		<value>$INFO[ListItem.Label2, ,]</value>
	</variable>
	<variable name="ListItem.Label">
		<value condition="ListItem.IsPlaying | [String.IsEqual(ListItem.Title,VideoPlayer.Title) + String.IsEqual(ListItem.ChannelNumberLabel,VideoPlayer.ChannelNumberLabel) + String.IsEqual(ListItem.EndTime,VideoPlayer.EndTime)]">[COLOR=SelectedColor]$INFO[ListItem.Label][/COLOR]</value>
		<value>$INFO[ListItem.Label]</value>
	</variable>
	<variable name="ListItem.Label2">
		<value condition="String.IsEqual(Container.SortMethod,$LOCALIZE[570])">$INFO[ListItem.DateAdded, ,]</value>
		<value condition="String.IsEqual(Container.SortMethod,$LOCALIZE[556]) | String.IsEqual(Container.SortMethod,$LOCALIZE[562]) | String.IsEqual(Container.SortMethod,$LOCALIZE[563]) | String.IsEqual(Container.SortMethod,$LOCALIZE[551]) | String.IsEqual(Container.SortMethod,$LOCALIZE[20359])">$INFO[ListItem.Rating, ★ ,]</value>
		<value>$INFO[ListItem.Label2, ,]</value>
	</variable>
	<variable name="ListItem.Label2.Year">
		<value condition="String.IsEqual(Container.SortMethod,$LOCALIZE[556]) | String.IsEqual(Container.SortMethod,$LOCALIZE[562]) | String.IsEqual(Container.SortMethod,$LOCALIZE[563]) | String.IsEqual(Container.SortMethod,$LOCALIZE[551]) | String.IsEqual(Container.SortMethod,$LOCALIZE[20359])">$INFO[ListItem.Year]$INFO[ListItem.Rating,  ★  ,]</value>
		<value>$INFO[ListItem.Label2, ,]</value>
	</variable>
	<variable name="ListItem.Label.Offset">
		<value condition="!String.IsEmpty(ListItem.VideoResolution) | String.StartsWith(ListItem.Path,videodb://1/7)">$INFO[ListItem.Label,        ,]</value>
		<value>$INFO[ListItem.Label]</value>
	</variable>
	<variable name="ListItem.Label.Offset.Focus">
		<value condition="!String.IsEmpty(ListItem.VideoResolution) | String.StartsWith(ListItem.Path,videodb://1/7)">$VAR[ListItem.Label,        ,]</value>
		<value>$VAR[ListItem.Label]</value>
	</variable>
	<variable name="ListItem.Label2.Focus">
		<value condition="ListItem.IsPlaying">[COLOR=SelectedColor]$VAR[ListItem.Label2][/COLOR]</value>
		<value>$VAR[ListItem.Label2]</value>
	</variable>
	<variable name="ListItem.Year">
		<value condition="ListItem.IsPlaying">[COLOR=SelectedColor]$INFO[ListItem.Year][/COLOR]</value>
		<value>$INFO[ListItem.Year]</value>
	</variable>
	<variable name="ListItem.Title">
		<value condition="!String.IsEmpty(ListItem.Title) + [ListItem.IsPlaying | [String.IsEqual(ListItem.Title,VideoPlayer.Title) + String.IsEqual(ListItem.ChannelNumberLabel,VideoPlayer.ChannelNumberLabel) + String.IsEqual(ListItem.EndTime,VideoPlayer.EndTime)]]">[COLOR=SelectedColor]$INFO[ListItem.Title][/COLOR]</value>
		<value condition="!String.IsEmpty(ListItem.Title)">$INFO[ListItem.Title]</value>
		<value>$INFO[ListItem.Label]</value>
	</variable>
	<variable name="ListItem.Title.Focus">
		<value condition="ListItem.IsPlaying">[COLOR=SelectedColor]$VAR[ListItem.Title][/COLOR]</value>
		<value>$VAR[ListItem.Title]</value>
	</variable>
	<variable name="ListItem.Property(NumEpisodes)">
		<value condition="Integer.IsEqual(ListItem.Property(NumEpisodes),0)">$INFO[ListItem.Property(NumEpisodes),, $LOCALIZE[20452]]</value>
		<value>$INFO[ListItem.Property(NumEpisodes),, $LOCALIZE[20453]]</value>
	</variable>
	<variable name="ListItem.ChannelNumberLabel">
		<value condition="ListItem.IsPlaying">[COLOR=SelectedColor]$INFO[ListItem.ChannelNumberLabel][/COLOR]</value>
		<value>$INFO[ListItem.ChannelNumberLabel]</value>
	</variable>
	<variable name="ListItem.StartDate">
		<value condition="ListItem.IsPlaying">[COLOR=SelectedColor]$INFO[ListItem.StartDate][/COLOR]</value>
		<value>$INFO[ListItem.StartDate]</value>
	</variable>
	<variable name="ListItem.Season">
		<value condition="ListItem.IsPlaying">[COLOR=SelectedColor]$VAR[ListItem.S][/COLOR]</value>
		<value>$VAR[ListItem.S]</value>
	</variable>
	<variable name="ListItem.S">
		<value condition="Integer.IsGreater(ListItem.Episode,0)">$INFO[ListItem.Season]</value>
		<value></value>
	</variable>
	<variable name="ListItem.Episode">
		<value condition="ListItem.IsPlaying">[COLOR=SelectedColor]$VAR[ListItem.E][/COLOR]</value>
		<value>$VAR[ListItem.E]</value>
	</variable>
	<variable name="ListItem.E">
		<value condition="Integer.IsLessOrEqual(ListItem.Episode,9) + Integer.IsEqual(ListItem.Season,0)">$INFO[ListItem.Episode]</value>
		<value condition="Integer.IsLessOrEqual(ListItem.Episode,9) + Integer.IsGreater(ListItem.Season,0)">$INFO[ListItem.Episode,x0,]</value>
		<value>$INFO[ListItem.Episode,x,]</value>
	</variable>
	<variable name="VideoMovieBannerGenre">
		<value condition="!String.IsEmpty(ListItem.Title) + Player.Playing">$VAR[BannerSelectedColorSecondary.Open]$INFO[ListItem.Genre]$VAR[BannerSelectedColorSecondary.Close]</value>
		<value condition="!String.IsEmpty(ListItem.Title) + Integer.IsLessOrEqual(ListItem.TrackNumber,9)">$INFO[ListItem.Genre]</value>
		<value condition="!String.IsEmpty(ListItem.Title)">$INFO[ListItem.Genre]</value>
		<value>$INFO[ListItem.Genre]</value>
	</variable>
	<variable name="VideoMovieBannerRatingDuration">
		<value condition="!String.IsEmpty(ListItem.Title) + Player.Playing">$VAR[BannerSelectedColorSecondary.Open]$INFO[ListItem.Rating,★ ,]$INFO[ListItem.Duration, [COLOR=77484848]/[/COLOR] , $LOCALIZE[12391]]$VAR[BannerSelectedColorSecondary.Close]</value>
		<value condition="!String.IsEmpty(ListItem.Title) + Integer.IsLessOrEqual(ListItem.TrackNumber,9)">$INFO[ListItem.Rating,★ ,]$INFO[ListItem.Duration, [COLOR=77484848]/[/COLOR] , $LOCALIZE[12391]]</value>
		<value condition="!String.IsEmpty(ListItem.Title)">$INFO[ListItem.Rating,★ ,]$INFO[ListItem.Duration, [COLOR=77484848]/[/COLOR] , $LOCALIZE[12391]]</value>
		<value>$INFO[ListItem.Rating,★ ,]$INFO[ListItem.Duration, [COLOR=77484848]/[/COLOR] , $LOCALIZE[12391]]</value>
	</variable>
	<variable name="VideoMovieBannerTitle">
		<value condition="!String.IsEmpty(ListItem.Title) + Player.Playing">$VAR[BannerSelectedColor.Open]$INFO[ListItem.Label]$VAR[BannerSelectedColor.Close]</value>
		<value condition="!String.IsEmpty(ListItem.Title) + Integer.IsLessOrEqual(ListItem.TrackNumber,9)">$INFO[ListItem.Label]</value>
		<value condition="!String.IsEmpty(ListItem.Title)">$INFO[ListItem.Label]</value>
		<value>$INFO[ListItem.Label]</value>
	</variable>
	<variable name="VideoMovieBannerYear">
		<value condition="!String.IsEmpty(ListItem.Title) + Player.Playing">$VAR[BannerSelectedColor.Open]$INFO[ListItem.Year]$VAR[BannerSelectedColor.Close]</value>
		<value condition="!String.IsEmpty(ListItem.Title) + Integer.IsLessOrEqual(ListItem.TrackNumber,9)">$INFO[ListItem.Year]</value>
		<value condition="!String.IsEmpty(ListItem.Title)">$INFO[ListItem.Year]</value>
		<value>$INFO[ListItem.Year]</value>
	</variable>
	<variable name="VideoTVBannerDate">
		<value condition="!String.IsEmpty(ListItem.Title) + Player.Playing">$VAR[BannerSelectedColorSecondary.Open]$INFO[ListItem.Date]$VAR[BannerSelectedColorSecondary.Close]</value>
		<value condition="!String.IsEmpty(ListItem.Title) + Integer.IsLessOrEqual(ListItem.TrackNumber,9)">$INFO[ListItem.Date]</value>
		<value condition="!String.IsEmpty(ListItem.Title)">$INFO[ListItem.Date]</value>
		<value>$INFO[ListItem.Date]</value>
	</variable>
	<variable name="VideoTVBannerRating">
		<value condition="!String.IsEmpty(ListItem.Title) + Player.Playing">$VAR[BannerSelectedColorSecondary.Open]$INFO[ListItem.Rating,★ ,]$VAR[BannerSelectedColorSecondary.Close]</value>
		<value condition="!String.IsEmpty(ListItem.Title) + Integer.IsLessOrEqual(ListItem.TrackNumber,9)">$INFO[ListItem.Rating,★ ,]</value>
		<value condition="!String.IsEmpty(ListItem.Title)">$INFO[ListItem.Rating,★ ,]</value>
		<value>$INFO[ListItem.Rating,★ ,]</value>
	</variable>
	<variable name="ListItem.EpgInfo">
		<value condition="ListItem.IsPlaying | [String.IsEqual(ListItem.Title,VideoPlayer.Title) + String.IsEqual(ListItem.ChannelNumberLabel,VideoPlayer.ChannelNumberLabel) + String.IsEqual(ListItem.EndTime,VideoPlayer.EndTime)]">[COLOR=SelectedColor]$INFO[ListItem.StartTime,, - ]$INFO[ListItem.EndTime]$INFO[ListItem.Genre, • ,][/COLOR]</value>
		<value>$INFO[ListItem.StartTime,, - ]$INFO[ListItem.EndTime]$INFO[ListItem.Genre, • ,]</value>
	</variable>
	<variable name="Colordiffuse.Color">
		<value condition="ListItem.IsPlaying">D4FFFFFF</value>
		<value>99FFFFFF</value>
	</variable>
	<variable name="Colordiffuse.Color.2">
		<value condition="ListItem.IsPlaying">D4FFFFFF</value>
		<value>77white</value>
	</variable>
	<variable name="Colordiffuse.Color.3">
		<value condition="ListItem.IsPlaying">FFFFFFFF</value>
		<value>7FFFFFFF</value>
	</variable>
	<variable name="SelectedColor.Open">
		<value condition="ListItem.IsPlaying">[COLOR=SelectedColor]</value>
	</variable>
	<variable name="SelectedColor.Close">
		<value condition="ListItem.IsPlaying">[/COLOR]</value>
	</variable>
	<variable name="BannerSelectedColor.Open">
		<value condition="ListItem.IsPlaying">[COLOR=SelectedColor]</value>
	</variable>
	<variable name="BannerSelectedColor.Close">
		<value condition="ListItem.IsPlaying">[/COLOR]</value>
	</variable>
	<variable name="BannerSelectedColorSecondary.Open">
		<value condition="ListItem.IsPlaying">[COLOR=FF484848]</value>
	</variable>
	<variable name="BannerSelectedColorSecondary.Close">
		<value condition="ListItem.IsPlaying">[/COLOR]</value>
	</variable>
	<variable name="CoverViewBottomInfo">
		<value condition="Container.Content(Artists)">$INFO[Container(55).ListItem.Artist]</value>
		<value condition="Container.Content(Songs) | Window.IsVisible(MusicPlaylist)">$INFO[Container(55).ListItem.Title]$INFO[ListItem.Duration, (,)]</value>
		<value>$INFO[Container(55).ListItem.Label]</value>
	</variable>
	<variable name="CoverViewBottomInfo2">
		<value condition="Container.Content(Albums)">$INFO[Container(55).ListItem.Year]$INFO[Container(55).ListItem.Genre, • ,]</value>
		<value condition="Container.Content(Songs) | Window.IsVisible(MusicPlaylist)">$INFO[Container(55).ListItem.Artist]</value>
		<value>$INFO[Container(55).ListItem.Label2]</value>
	</variable>
	<variable name="BannerListInfoGenreTotalSeasons">
		<value condition="Container.Content(Seasons)">$INFO[ListItem.Property(TotalEpisodes),, $LOCALIZE[20360]]</value>
		<value>$INFO[ListItem.Genre]</value>
	</variable>
	<variable name="AlbumInfoTracks">
		<value condition="Integer.IsLessOrEqual(ListItem.TrackNumber,9)">$INFO[ListItem.TrackNumber,0,. ]$INFO[ListItem.Label]$INFO[ListItem.Duration, (,)]</value>
		<value>$INFO[ListItem.TrackNumber,,. ]$INFO[ListItem.Label]$INFO[ListItem.Duration, (,)]</value>
	</variable>
	<variable name="ArtistInfoDiscography">
		<value condition="!String.IsEmpty(ListItem.Label2)">$INFO[ListItem.Label2,, ]$INFO[ListItem.Label]</value>
		<value>$INFO[ListItem.Label]</value>
	</variable>
	<variable name="MusicListLabel">
		<value condition="!String.IsEmpty(ListItem.Title) + !ListItem.IsFolder">$VAR[SelectedColor.Open]$INFO[ListItem.Title]$VAR[SelectedColor.Close]</value>
		<value>$VAR[SelectedColor.Open]$INFO[ListItem.Label]$VAR[SelectedColor.Close]</value>
	</variable>
	<variable name="MusicListStar">
		<value condition="ListItem.IsPlaying">views/thumb/other/star_pl.png</value>
		<value>views/thumb/other/star_nofo.png</value>
	</variable>
	<variable name="MusicListStarFo">
		<value condition="ListItem.IsPlaying">views/thumb/other/star_pl.png</value>
		<value>views/thumb/other/star_fo.png</value>
	</variable>
	<variable name="MusicListSongLabel">
		<value condition="String.IsEqual(Container.FolderPath,musicdb://5/1/)">$VAR[SelectedColor.Open]$INFO[ListItem.Title]$VAR[SelectedColor.Close]</value>
		<value condition="!String.IsEmpty(ListItem.Title) + Integer.IsLessOrEqual(ListItem.TrackNumber,9)">$VAR[SelectedColor.Open]$INFO[ListItem.TrackNumber,0,. ]$INFO[ListItem.Title]$VAR[SelectedColor.Close]</value>
		<value condition="!String.IsEmpty(ListItem.Title)">$VAR[SelectedColor.Open]$INFO[ListItem.TrackNumber,,. ]$INFO[ListItem.Title]$VAR[SelectedColor.Close]</value>
		<value>$VAR[SelectedColor.Open]$INFO[ListItem.Label]$VAR[SelectedColor.Close]</value>
	</variable>
	<variable name="MusicListSongLabel2">
		<value condition="String.IsEqual(Container.SortMethod,$LOCALIZE[567]) | String.IsEqual(Container.SortMethod,$LOCALIZE[576])">$INFO[ListItem.PlayCount, »,«   ]$INFO[ListItem.Duration]</value>
		<value condition="String.IsEqual(Container.SortMethod,$LOCALIZE[562])">$INFO[ListItem.Year, »,«   ]$INFO[ListItem.Duration]</value>
		<!--<value condiiton="!String.IsEmpty(ListItem.Duration)">$INFO[ListItem.Duration, ,]</value>-->
	</variable>
	<variable name="MusicInfoListDescriptionHeader">
		<value condition="Container.Content(artists)">$LOCALIZE[21887]</value>
		<value>$LOCALIZE[183]</value>
	</variable>
	<variable name="MusicInfoListDescription">
		<value condition="Container.Content(artists)">$INFO[ListItem.Property(Artist_Description)]</value>
		<value>$INFO[ListItem.Property(Album_Description)]</value>
	</variable>
	<variable name="MusicInfoListInfo">
		<value condition="Container.Content(Artists)">$INFO[ListItem.Property(Artist_Genre)]</value>
		<value>$INFO[ListItem.Artist]</value>
	</variable>
	<variable name="MusicInfoListSubInfo">
		<value condition="Container.Content(Artists)">$INFO[ListItem.Property(Artist_Style)]</value>
		<value>$INFO[ListItem.Genre]</value>
	</variable>
	<variable name="MusicBannerDuration">
		<value condition="!String.IsEmpty(ListItem.Title) + Player.Playing">$VAR[BannerSelectedColorSecondary.Open]$INFO[ListItem.Duration,[B]$LOCALIZE[180]: [/B]]$VAR[BannerSelectedColorSecondary.Close]</value>
		<value condition="!String.IsEmpty(ListItem.Title) + Integer.IsLessOrEqual(ListItem.TrackNumber,9)">$INFO[ListItem.Duration,[B]$LOCALIZE[180]: [/B]]</value>
		<value condition="!String.IsEmpty(ListItem.Title)">$INFO[ListItem.Duration,[B]$LOCALIZE[180]: [/B]]</value>
		<value>$INFO[ListItem.Duration,[B]$LOCALIZE[180]: [/B]]</value>
	</variable>
	<variable name="MusicBannerGenre">
		<value condition="!String.IsEmpty(ListItem.Title) + Player.Playing">$VAR[BannerSelectedColorSecondary.Open]$INFO[ListItem.Genre,[B]$LOCALIZE[515]: [/B]]$VAR[BannerSelectedColorSecondary.Close]</value>
		<value condition="!String.IsEmpty(ListItem.Title) + Integer.IsLessOrEqual(ListItem.TrackNumber,9)">$INFO[ListItem.Genre,[B]$LOCALIZE[515]: [/B]]</value>
		<value condition="!String.IsEmpty(ListItem.Title)">$INFO[ListItem.Genre,[B]$LOCALIZE[515]: [/B]]</value>
		<value>$INFO[ListItem.Genre,[B]$LOCALIZE[515]: [/B]]</value>
	</variable>
	<variable name="MusicInfoListArtist">
		<value condition="!String.IsEmpty(ListItem.Title) + Player.Playing">$VAR[BannerSelectedColorSecondary.Open]$INFO[ListItem.Artist]$VAR[BannerSelectedColorSecondary.Close]</value>
		<value condition="!String.IsEmpty(ListItem.Title) + Integer.IsLessOrEqual(ListItem.TrackNumber,9)">$INFO[ListItem.Artist]</value>
		<value condition="!String.IsEmpty(ListItem.Title)">$INFO[ListItem.Artist]</value>
		<value>$INFO[ListItem.Artist]</value>
	</variable>
	<variable name="MusicInfoListSongLabel">
		<value condition="!String.IsEmpty(ListItem.Title) + Player.Playing">$VAR[BannerSelectedColor.Open]$INFO[ListItem.TrackNumber,,. ]$INFO[ListItem.Title]$VAR[BannerSelectedColor.Close]</value>
		<value condition="!String.IsEmpty(ListItem.Title) + Integer.IsLessOrEqual(ListItem.TrackNumber,9)">$INFO[ListItem.TrackNumber,0,. ]$INFO[ListItem.Title]</value>
		<value condition="!String.IsEmpty(ListItem.Title)">$INFO[ListItem.TrackNumber,,. ]$INFO[ListItem.Title]</value>
		<value>$INFO[ListItem.Label]</value>
	</variable>
	<variable name="MusicInfoListSongLabel2">
		<value condition="String.IsEqual(Container.SortMethod,$LOCALIZE[567]) | String.IsEqual(Container.SortMethod,$LOCALIZE[576])">$INFO[ListItem.PlayCount, [,] ]$INFO[ListItem.Duration]</value>
		<value condition="String.IsEqual(Container.SortMethod,$LOCALIZE[562])">$INFO[ListItem.Year, [,] ]$INFO[ListItem.Duration]</value>
		<value condition="String.IsEqual(Container.SortMethod,$LOCALIZE[563])">$INFO[ListItem.Rating, [,★] ]$INFO[ListItem.Duration]</value>
		<!--<value condiiton="!String.IsEmpty(ListItem.Duration)">$INFO[ListItem.Duration, ,]</value>-->
	</variable>
	<variable name="MusicPanelInfo">
		<value condition="Container.Content(Artists)">$INFO[ListItem.Artist]</value>
		<value>$INFO[ListItem.Album]</value>
	</variable>
	<variable name="MusicPanelSubInfo">
		<value condition="Container.Content(Artists)">$INFO[ListItem.Property(Artist_Genre)]</value>
		<value>$INFO[ListItem.Year]$INFO[ListItem.Genre, • ,]</value>
	</variable>
	<variable name="MusicThumbnailInfo">
		<value condition="Container.Content(Artists)">$INFO[ListItem.Artist]</value>
		<value>$INFO[ListItem.Artist]</value>
	</variable>
	<variable name="VideoPanelThumbInfo">
		<value condition="Container.Content(movies)">$INFO[ListItem.Rating,★ , [COLOR=44FFFFFF]/[/COLOR] ]$INFO[ListItem.Year]$INFO[ListItem.Duration, [COLOR=44FFFFFF]/[/COLOR] , $LOCALIZE[12391] ]$VAR[LandscapeHDSD3DLabel]</value>
		<value>$INFO[ListItem.Property(UnWatchedEpisodes),$LOCALIZE[31311],]</value>
	</variable>
	<variable name="ThumbnailViewDetailInfo">
		<value condition="Container.Content(episodes) + !String.IsEmpty(ListItem.Overlay)">$INFO[ListItem.Premiered]$INFO[ListItem.Rating, ★ ,]      </value>
		<value condition="Container.Content(episodes) + String.IsEmpty(ListItem.Overlay)">$INFO[ListItem.Premiered]$INFO[ListItem.Rating, ★ ,]</value>
		<value condition="!Container.Content(episodes) + !String.IsEmpty(ListItem.Overlay)">$INFO[ListItem.Label2]$INFO[ListItem.Rating, ★ ,]      </value>
		<value>$INFO[ListItem.Label2]$INFO[ListItem.Rating, ★ ,]</value>
	</variable>
	<variable name="InfoListInfo">
		<value condition="Container.Content(Movies)">$INFO[Container(52).ListItem.Duration,, $LOCALIZE[12391]]</value>
		<value>$INFO[Container(52).ListItem.Studio]</value>
	</variable>
	<variable name="InfoListSubInfo">
		<value condition="Container.Content(Episodes)">$INFO[Container(52).ListItem.Date,$LOCALIZE[31805]: , • ]$INFO[Container(52).ListItem.Duration,, $LOCALIZE[12391]]</value>
		<value>$INFO[Container(52).ListItem.Genre]</value>
	</variable>
	<variable name="CastLabel">
		<value condition="Container.Content(musicvideos)">$LOCALIZE[133]</value>
		<value>$LOCALIZE[31316]</value>
	</variable>
	<variable name="VideoInfoTitleLabel">
		<value condition="!String.IsEmpty(ListItem.TagLine)">$INFO[ListItem.TagLine]</value>
		<value>$INFO[ListItem.Title]</value>
	</variable>

	<!-- Other -->
	<variable name="TVTimerRadioButtonTexture">
		<value condition="!String.IsEqual(ListItem.Comment,$LOCALIZE[305]) + !String.IsEmpty(ListItem.ChannelName)">buttons/radio/radio-button-nf.png</value>
		<value condition="String.IsEqual(ListItem.Comment,$LOCALIZE[305]) + !String.IsEmpty(ListItem.ChannelName)">buttons/radio/radio-button-fo.png</value>
	</variable>
	<variable name="TVNumItemsLabel">
		<value condition="Integer.IsEqual(Container.NumItems,1)">$INFO[Container.NumItems,, $LOCALIZE[31822]]</value>
		<value condition="Integer.IsGreater(Container.NumItems,0)">$INFO[Container.NumItems,, $LOCALIZE[31817]]</value>
	</variable>
</includes>
