<window>
    <allowoverlay>no</allowoverlay>
    <onload>ActivateWindow(9506)</onload>
    <onunload>ActivateWindow(12005)</onunload>
    <coordinates>
        <system>1</system>
        <posx>0</posx>
        <posy>0</posy>
    </coordinates>
    <animation effect="fade" time="700">WindowOpen</animation>
    <animation effect="fade" time="700">WindowClose</animation>
    <controls>
        <control type="button" id="99">
            <visible>false</visible>			
            <label>0xFFFFFFFF</label><!--focused text color-->
        </control>
        <control type="button" id="100">
            <visible>false</visible>			
            <label>0xFFFFFFFF</label><!--text color-->
        </control>
        <control type="button" id="105">
            <visible>false</visible>			
            <label>font14</label><!--text font-->
        </control>
<!--    <control type="button" id="106">
            <visible>false</visible>			
            <label></label><!--EPG row count, 6 default-->
        <!-- </control> -->
        <!--EPG Background-->
        <control type="image">
            <description>Info Background</description>
            <posx>0</posx>
            <posy>0</posy>
            <width>1280</width>
            <height>720</height>
            <texture>pstvlBackground.png</texture>
            <colordiffuse>FFFFFFFF</colordiffuse>
        </control>        
        <!--TEXT Now Playing-->
        <control type="label" id="522">
            <description>Now watching Label</description>
            <posx>950</posx>
            <posy>525</posy>
            <width>300</width>
            <height>30</height>
            <label>Now Playing</label>
            <font>Font_Bold34</font>
            <align>center</align>
            <textcolor>C0C0C0C0</textcolor>
        </control>   
        <!--NowPlaying.Window-->
        <control type="group">            
            <posx>960</posx>
            <posy>570</posy>
            <!--Movie.landscape Now Playing-->
            <control type="image" id="513">
                <description>landscape</description>
                <colordiffuse>FFFFFFFF</colordiffuse>
                <width>285</width>
                <height>125</height>
                <align>center</align>
                <aspectratio>keep</aspectratio>
                <texture fallback="landscape.png">$INFO[Player.Art(landscape)]</texture>
            <!--TV.landscape Now Playing-->
            <control type="image">
                <description>landscape</description>
                <colordiffuse>FFFFFFFF</colordiffuse>
                <width>285</width>
                <height>125</height>
                <align>center</align>
                <aspectratio>keep</aspectratio>
                <texture>$INFO[Player.Art(tvshow.landscape)]</texture>
            </control>        
            </control>    
            <control type="button" id="507">
                <description>Dynamic art</description>
                <label>landscape</label>
                <visible>false</visible>
            </control><!-- 
            <control type="image">
                <description>Logo</description>
                <colordiffuse>FFFFFFFF</colordiffuse>
                <width>285</width>
                <height>125</height>
                <align>center</align>
                <aspectratio>keep</aspectratio>
                <texture>logo.png</texture>
                <visible>!Control.IsVisible(508)|!Control.IsVisible(510)</visible>
            </control> -->
            <control type="image" id="508">
                <description>Dynamic art</description>
                <colordiffuse>FFFFFFFF</colordiffuse>
                <width>285</width>
                <height>125</height>
                <align>center</align>
                <aspectratio>keep</aspectratio>
            </control>
            <control type="button" id="509">
                <description>Dynamic art</description>
                <label>landscape</label>
                <visible>false</visible>
            </control>
            <control type="image" id="510">
                <description>Dynamic art</description>
                <colordiffuse>FFFFFFFF</colordiffuse>
                <width>285</width>
                <height>125</height>
                <align>center</align>
                <aspectratio>keep</aspectratio>
            </control>
            <!-- #### Skinners Include Everything for videowindow patch to work #### -->
            <!-- PATCH START --> <!--
            <control type="videowindow">
                <description>video</description>
                <width>285</width>
                <height>125</height>
                <aspectratio>stretch</aspectratio>
            </control>
            --> <!-- PATCH END -->
            <!-- ################################################################## -->
        </control>
        <control type="image" id="512">
            <description>Unaired NEW Icon</description>            
            <posx>989</posx>
            <posy>568</posy>
            <width>100</width>
            <height>100</height>
            <aspectratio>keep</aspectratio>
        </control>
<!--LEFT/RIGHT art-->
        <control type="image">
            <description>left</description>
            <posx>375</posx>
            <posy>155</posy>
            <width>10</width>
            <height>18</height>
            <colordiffuse>FFFFFFFF</colordiffuse>
            <texture>left.png</texture>
        </control>
        <control type="image">
            <description>right</description>
            <posx>1230</posx>
            <posy>155</posy>
            <width>10</width>
            <height>18</height>
            <colordiffuse>FFFFFFFF</colordiffuse>
            <texture>right.png</texture>
        </control>
<!--Dark Column-->
        <control type="image">
            <description>Channel Overlay</description>
            <posx>77</posx>
            <posy>185</posy>
            <width>284</width>
            <height>51</height>
            <colordiffuse>FFFFFFFF</colordiffuse>
            <texture>pstvButtonNoFocus.png</texture>
        </control>
        <control type="image">
            <description>Channel Overlay</description>
            <posx>77</posx>
            <posy>240</posy>
            <width>284</width>
            <height>51</height>
            <colordiffuse>FFFFFFFF</colordiffuse>
            <texture>pstvButtonNoFocus.png</texture>
        </control>
        <control type="image">
            <description>Channel Overlay</description>
            <posx>77</posx>
            <posy>295</posy>
            <width>284</width>
            <height>51</height>
            <colordiffuse>FFFFFFFF</colordiffuse>
            <texture>pstvButtonNoFocus.png</texture>
        </control>    
        <control type="image">
            <description>Channel Overlay</description>
            <posx>77</posx>
            <posy>350</posy>
            <width>284</width>
            <height>51</height>
            <colordiffuse>FFFFFFFF</colordiffuse>
            <texture>pstvButtonNoFocus.png</texture>
        </control>
        <control type="image">
            <description>Channel Overlay</description>
            <posx>77</posx>
            <posy>405</posy>
            <width>284</width>
            <height>51</height>
            <colordiffuse>FFFFFFFF</colordiffuse>
            <texture>pstvButtonNoFocus.png</texture>
        </control>
        <control type="image">
            <description>Channel Overlay</description>
            <posx>77</posx>
            <posy>460</posy>
            <width>284</width>
            <height>51</height>
            <colordiffuse>FFFFFFFF</colordiffuse>
            <texture>pstvButtonNoFocus.png</texture>
        </control>
        <!--Time/Weather-->    
        <control type="label">
            <description>Time</description>
            <posx>62</posx>
            <posy>60</posy>
            <width min="40" max="100">auto</width>
            <height>30</height>
            <label>$INFO[System.Time]</label>
            <font>font25</font>
            <align>center</align>
            <textcolor>FFFFFFFF</textcolor>
        </control>
        <!--Weather-->
        <control type="image" id="800">
            <posx>180</posx>
            <posy>46</posy>
            <width>60</width>
            <height>60</height>
            <aspectratio align="center">keep</aspectratio>
            <info>Window(weather).Property(Current.ConditionIcon)</info>
        </control>
        <control type="label">
            <description>Weather</description>
            <posx>180</posx>
            <posy>60</posy>
            <width min="40" max="100">auto</width>
            <height>10</height>
            <label>$INFO[Window(weather).Property(Current.Temperature)] $INFO[System.TemperatureUnits]</label>
            <font>Font_Reg10</font>
            <align>center</align>
            <textcolor>FFFFFFFF</textcolor>
			<visible>!Control.IsVisible(800)</visible>
        </control>
        <control type="grouplist">
            <posx>68</posx>
            <posy>525</posy>
            <width>1000</width>
            <height>40</height>
            <align>left</align>
            <aligny>center</aligny>
            <orientation>horizontal</orientation>
            <itemgap>5</itemgap>
            <control type="label" id="500">
                <description>Show Name Label</description>
                <width min="5" max="840">auto</width>
                <height>40</height>
                <label>Show Name</label>
                <font>Font_Bold34</font>
                <align>left</align>
                <aligny>center</aligny>
                <textcolor>FF00b4db</textcolor>
            </control>
            <control type="label">
                <description>Show Name Label</description>
                <width>10</width>
                <height>40</height>
                <label>�</label>
                <font>font12</font>
                <align>left</align>
                <aligny>center</aligny>
                <textcolor>FF00b4db</textcolor>
            </control>
            <control type="label" id="501">
                <description>Show Title Label</description>
                <width>740</width>
                <height>40</height>
                <label></label>
                <font>font12</font>
                <align>left</align>
                <aligny>center</aligny>
                <textcolor>FFFFFFFF</textcolor>
            </control>        
        </control>
        <control type="image" id="511">
            <description>Sickbeard/Couchpotato Icon</description>            
            <posx>880</posx>
            <posy>525</posy>
            <width>20</width>
            <height>20</height>
            <aspectratio>keep</aspectratio>
        </control>
        <control type="label" id="502">
            <description>Show Description Label</description>
            <posx>68</posx>
            <posy>567</posy>
            <width>835</width>
            <height>100</height>
            <label></label>
            <font>font12</font>
            <align>left</align>
            <aligny>top</aligny>
            <textcolor>FFFFFFFF</textcolor>
            <wrapmultiline>true</wrapmultiline>
        </control>
        <control type="image" id="503">
            <description>Show Channel Icon</description>
            <posx>1310</posx>
            <posy>605</posy>
            <width>1</width>
            <height>1</height>
            <aspectratio>keep</aspectratio>
            <aligny>top</aligny>
        </control>                 
        <control type="button" id="100">  
            <label>FFFFFFFF</label><!--textcolor-->
            <label2>FFFFFFFF</label2><!--focusedcolor-->
            <visible>false</visible>
        </control>
        <control type="label" id="101">  
            <description>Time Left Label</description>
            <posx>400</posx>
            <posy>152</posy>
            <width>270</width>
            <height>26</height>
            <label>Time 1</label>
            <font>font12</font>
            <align>left</align>
            <aligny>center</aligny>
            <textcolor>FFFFFFFF</textcolor>
        </control>
		<control type="label" id="102">
            <description>Time Middle Label</description>
            <posx>645</posx>
            <posy>152</posy>
            <width>270</width>
            <height>26</height>
            <label>Time 2</label>
            <font>font12</font>
            <align>left</align>
            <aligny>center</aligny>
            <textcolor>FFFFFFFF</textcolor>
        </control>
		<control type="label" id="103">
            <description>Time Right Label</description>
            <posx>915</posx>
            <posy>152</posy>
            <width>270</width>
            <height>26</height>
            <label>Time 2</label>
            <font>font12</font>
            <align>left</align>
            <aligny>center</aligny>
            <textcolor>FFFFFFFF</textcolor>
        </control>
        <!--Date-->
        <control type="label" id="104">
            <description>Date Label</description>
            <posx>135</posx>
            <posy>152</posy>
            <width>270</width>
            <height>26</height>
            <label>Current Date</label>
            <font>font12</font>
            <align>left</align>
            <aligny>center</aligny>
            <textcolor>FFFFFFFF</textcolor>
        </control>            
        <!--SHOW LISTINGS-->
    <control type="group" id="111">
            <posx>365</posx>
            <posy>185</posy>
            <width>880</width>
            <height>51</height>
        </control>
        <control type="group" id="112">
            <posx>365</posx>
            <posy>240</posy>
            <width>880</width>
            <height>51</height>
        </control>
        <control type="group" id="113">
            <posx>365</posx>
            <posy>295</posy>
            <width>880</width>
            <height>51</height>
        </control>
        <control type="group" id="114">
            <posx>365</posx>
            <posy>350</posy>
            <width>880</width>
            <height>51</height>
        </control>
        <control type="group" id="115">
            <posx>365</posx>
            <posy>405</posy>
            <width>880</width>
            <height>51</height>
        </control>
        <control type="group" id="116">
            <posx>365</posx>
            <posy>460</posy>
            <width>880</width>
            <height>51</height>
        </control>
        <control type="group" id="120">
            <posx>360</posx>
            <posy>180</posy>
            <width>20</width>
            <height>330</height>
        </control>
        <!--CHANNEL BUTTONS AND LABELS-->
        <control type="label" id="301">
            <description>Channel 1 Name</description>
            <posx>110</posx>
            <posy>190</posy>
            <width>200</width>
            <height>42</height>
            <label></label>
            <font>font13</font>
            <align>left</align>
            <aligny>center</aligny>
            <textcolor>FF00b4db</textcolor>
            <visible>StringCompare(Control.GetLabel(321),)</visible>
        </control>
        <control type="label" id="311">
            <description>Channel 1 Number</description>
            <posx>75</posx>
            <posy>190</posy>
            <width>40</width>
            <height>42</height>
            <label></label>
            <font>font13</font>
            <align>right</align>
            <aligny>center</aligny>
            <textcolor>FFFFFFFF</textcolor>
        </control>
        <control type="image" id="321">
            <description>Channel 1 Icon</description>
            <posx>105</posx>
            <posy>185</posy>
            <width>225</width>
            <height>50</height>
            <align>center</align>
            <aligny>center</aligny>
            <aspectratio>keep</aspectratio>
            <visible>!StringCompare(Control.GetLabel(321),)</visible>
        </control>
        <control type="label" id="302">
            <description>Channel 2 Name</description>
            <posx>110</posx>
            <posy>243</posy>
            <width>200</width>
            <height>42</height>
            <label></label>
            <font>font13</font>
            <align>left</align>
            <aligny>center</aligny>
            <textcolor>FF00b4db</textcolor>
            <visible>StringCompare(Control.GetLabel(322),)</visible>
        </control>
        <control type="label" id="312">
            <description>Channel 2 Number</description>
            <posx>75</posx>
            <posy>243</posy>
            <width>40</width>
            <height>42</height>
            <label></label>
            <font>font13</font>
            <align>right</align>
            <aligny>center</aligny>
            <textcolor>FFFFFFFF</textcolor>
        </control>
        <control type="image" id="322">
            <description>Channel 2 Icon</description>
            <posx>105</posx>
            <posy>243</posy>
            <width>225</width>
            <height>50</height>
            <align>center</align>
            <aligny>center</aligny>
            <aspectratio>keep</aspectratio>
            <visible>!StringCompare(Control.GetLabel(322),)</visible>
        </control>
        <control type="label" id="303">
            <description>Channel 3 Name</description>
            <posx>110</posx>
            <posy>298</posy>
            <width>200</width>
            <height>42</height>
            <label></label>
            <font>font13</font>
            <align>left</align>
            <aligny>center</aligny>
            <textcolor>FF00b4db</textcolor>
            <visible>StringCompare(Control.GetLabel(323),)</visible>
        </control>
        <control type="label" id="313">
            <description>Channel 3 Number</description>
            <posx>75</posx>
            <posy>298</posy>
            <width>40</width>
            <height>42</height>
            <label></label>
            <font>font13</font>
            <align>right</align>
            <aligny>center</aligny>
            <textcolor>FFFFFFFF</textcolor>
        </control>
        <control type="image" id="323">
            <description>Channel 3 Icon</description>
            <posx>105</posx>
            <posy>298</posy>
            <width>225</width>
            <height>50</height>
            <align>center</align>
            <aligny>center</aligny>
            <aspectratio>keep</aspectratio>
            <visible>!StringCompare(Control.GetLabel(323),)</visible>
        </control>
        <control type="label" id="304">
            <description>Channel 4 Name</description>
            <posx>110</posx>
            <posy>352</posy>
            <width>200</width>
            <height>42</height>
            <label></label>
            <font>font13</font>
            <align>left</align>
            <aligny>center</aligny>
            <textcolor>FF00b4db</textcolor>
            <visible>StringCompare(Control.GetLabel(324),)</visible>
        </control>
        <control type="label" id="314">
            <description>Channel 4 Number</description>
            <posx>75</posx>
            <posy>352</posy>
            <width>40</width>
            <height>42</height>
            <label></label>
            <font>font13</font>
            <align>right</align>
            <aligny>center</aligny>
            <textcolor>FFFFFFFF</textcolor>
        </control>
        <control type="image" id="324">
            <description>Channel 4 Icon</description>
            <posx>105</posx>
            <posy>352</posy>
            <width>225</width>
            <height>50</height>
            <align>center</align>
            <aligny>center</aligny>
            <aspectratio>keep</aspectratio>
            <visible>!StringCompare(Control.GetLabel(324),)</visible>
        </control>
        <control type="label" id="305">
            <description>Channel 5 Name</description>
            <posx>110</posx>
            <posy>407</posy>
            <width>200</width>
            <height>42</height>
            <label></label>
            <font>font13</font>
            <align>left</align>
            <aligny>center</aligny>
            <textcolor>FF00b4db</textcolor>
            <visible>StringCompare(Control.GetLabel(325),)</visible>
        </control>
        <control type="label" id="315">
            <description>Channel 5 Number</description>
            <posx>75</posx>
            <posy>407</posy>
            <width>40</width>
            <height>42</height>
            <label></label>
            <font>font13</font>
            <align>right</align>
            <aligny>center</aligny>
            <textcolor>FFFFFFFF</textcolor>
        </control>
        <control type="image" id="325">
            <description>Channel 5 Icon</description>
            <posx>105</posx>
            <posy>407</posy>
            <width>225</width>
            <height>50</height>
            <align>center</align>
            <aligny>center</aligny>
            <aspectratio>keep</aspectratio>
            <visible>!StringCompare(Control.GetLabel(325),)</visible>
        </control>        
        <control type="label" id="306">
            <description>Channel 6 Name</description>
            <posx>110</posx>
            <posy>461</posy>
            <width>200</width>
            <height>42</height>
            <label></label>
            <font>font13</font>
            <align>left</align>
            <aligny>center</aligny>
            <textcolor>FF00b4db</textcolor>
            <visible>StringCompare(Control.GetLabel(326),)</visible>
        </control>
        <control type="label" id="316">
            <description>Channel 6 Number</description>
            <posx>75</posx>
            <posy>461</posy>
            <width>40</width>
            <height>42</height>
            <label></label>
            <font>font13</font>
            <align>right</align>
            <aligny>center</aligny>
            <textcolor>FFFFFFFF</textcolor>
        </control>
        <control type="image" id="326">
            <description>Channel 6 Icon</description>
            <posx>105</posx>
            <posy>461</posy>
            <width>225</width>
            <height>50</height>
            <align>center</align>
            <aligny>center</aligny>
            <aspectratio>keep</aspectratio>
            <visible>!StringCompare(Control.GetLabel(326),)</visible>
        </control>                
</controls>
</window>
