<?xml version="1.0" encoding="UTF-8" standalone="yes"?>
<addon id="repository.arabic.xbmc-addons" name="Arabic XBMC Add-on Repository" version="2.0.0" provider-name="hadynz">
    <extension point="xbmc.addon.repository" name="Arabic XBMC Add-on Repository">
        <info compressed="false">https://raw.github.com/hadynz/repository.arabic.xbmc-addons/master/addons.xml</info>
        <checksum>https://raw.github.com/hadynz/repository.arabic.xbmc-addons/master/addons.xml.md5</checksum>
        <datadir zip="true">https://raw.github.com/hadynz/repository.arabic.xbmc-addons/master/repo</datadir>
    </extension>
    <extension point="xbmc.addon.metadata">
        <summary>Install Hadynz's Addons</summary>
        <description>Download and install addons by Hadynz</description>
        <platform>all</platform>
    </extension>
</addon>