<window>
    <allowoverlay>no</allowoverlay>
    <coordinates>
        <system>1</system>
        <posx>0</posx>
        <posy>0</posy>
    </coordinates>
    <controls>     
        <control type="image" id="101">
            <description>Background</description>
            <posx>0</posx>
            <posy>0</posy>
            <width>1920</width>
            <height>1080</height>
            <texture>pstvlSolid.png</texture>
            <colordiffuse>FF000000</colordiffuse>
        </control>
        <control type="image" id="103">
            <description>Channel Bug</description>
            <posx>150r</posx>
            <posy>125r</posy>
            <width>100</width>
            <height>100</height>
            <aspectratio>keep</aspectratio>
            <texture></texture>
            <animation effect="fade" start="40" end="40" condition="True">Conditional</animation>
        </control> 
        <control type="button" id="520">
            <description>Channel num color</description>
            <label>0xFF00b4db</label>
            <visible>false</visible>
        </control>
        <control type="group" id="102">
            <animation effect="fade" time="500">VisibleChange</animation> 
            <control type="image">
                <description>Info Background Image</description>
                <posx>0</posx>
                <posy>0</posy>
                <width>1280</width>
                <height>720</height>
                <texture>pstvlBackground2.png</texture>
            </control>       
            <control type="group" id="513">  
                <posx>160</posx>
                <posy>555</posy>
                <visible></visible>       
                <control type="image" id="506">
                    <description>Show Channel Icon</description>
                    <width>125</width>
                    <height>125</height>
                    <align>center</align>
                    <aspectratio>keep</aspectratio>
                </control> 
            </control>  
            <control type="group">
                <posx>160</posx>
                <posy>555</posy>
                <control type="button" id="507">
                    <description>Dynamic art</description>
                    <label>logo</label>
                    <visible>false</visible>
                </control>
                <control type="image" id="508">
                    <description>Dynamic art</description>
                    <width>125</width>
                    <height>125</height>
                    <align>center</align>
                    <aspectratio>keep</aspectratio>
                </control> 
            </control>            
            <control type="image" id="511">
                <description>Sickbeard/Couchpotato Icon</description>   
                <posx>221</posx>
                <posy>630</posy>         
                <width>20</width>
                <height>20</height>
                <aspectratio>scale</aspectratio>
            </control> 
            <control type="image" id="512">
                <description>Unaired NEW Icon</description>         
                <posx>20</posx>
                <posy>528</posy>  
                <width>100</width>
                <height>100</height>
                <aspectratio>keep</aspectratio>
            </control>  
            <!--line 1 -->
            <control type="grouplist">
                <posx>385</posx>
                <posy>575</posy>
                <width>950</width>
                <height>45</height>
                <align>left</align>
                <aligny>bottom</aligny>
                <orientation>horizontal</orientation>
                <itemgap>5</itemgap>
                <control type="label" id="503">
                    <description>Show Name Label</description>
                    <width min="55" max="600">auto</width>
                    <height>45</height>
                    <label>Show Name</label>
                    <font>font18</font>
                    <textcolor>FF0297eb</textcolor>
                    <scroll>true</scroll>
                    <wrapmultiline>false</wrapmultiline>
                    <scrollspeed>50</scrollspeed>
                    <scrollsuffix> - </scrollsuffix>
                </control>
                <control type="label">
                    <description>Showtitle Sep Label</description>
                    <width>10</width>
                    <height>45</height>
                    <label>�</label>
                    <font>font18</font>
                    <textcolor>FF0297eb</textcolor>
                    <visible>!VideoPlayer.Content(movie)</visible>
                </control>
                <control type="label" id="504">
                    <description>Show Title Label</description>
                    <width min="55" max="600">auto</width>
                    <height>45</height>
                    <label>Show Title</label>
                    <font>font18</font>
                    <textcolor>FFFFFFFF</textcolor>
                    <scroll>true</scroll>
                    <wrapmultiline>false</wrapmultiline>
                    <scrollspeed>50</scrollspeed>
                    <scrollsuffix> - </scrollsuffix>
                </control>
            </control>
            <control type="label" id="300">                
                <posx>285</posx>
                <posy>575</posy>
                <description>Channel Name</description>
                <width>45</width>
                <height>45</height>
                <label>Channel Name</label>
                <font>font18</font>
                <align>left</align>
                <aligny>center</aligny>
                <textcolor>FFFFFFFF</textcolor>
                <visible>true</visible>
            </control> 
            <control type="label" id="505">
                <description>Show Description</description>
                <posx>285</posx>
                <posy>570</posy>
                <width>950</width>
                <height>100</height>
                <align>left</align>
                <aligny>top</aligny>
                <label>Show Description</label>
                <textcolor>FFFFFFFF</textcolor>
                <font>font12</font>
                <wrapmultiline>true</wrapmultiline>
                <visible>false</visible>
                <autoscroll time="1000" delay="1000" repeat="2000">Skin.HasSetting(AutoScroll)</autoscroll>
            </control>
            <control type="image">
                <description>Description Line</description>
                <posx>285</posx>
                <posy>560</posy>
                <width>100</width>
                <height>10</height>
                <texture>pstvlButtonFocus.png</texture>
            </control>
            <control type="group" id="515">  
                <visible></visible>
                <control type="progress">
                    <posx>285</posx>
                    <posy>560</posy>
                    <width>100</width>
                    <height>10</height>
                    <texturebg>seek/progress_back.png</texturebg>
                    <lefttexture border="0">seek/progresscache_left.png</lefttexture>
                    <midtexture border="0">seek/progresscache_mid.png</midtexture>
                    <righttexture border="0">seek/progresscache_right.png</righttexture>
                    <info>Player.ProgressCache</info>
                </control>
                <control type="progress">
                    <posx>285</posx>
                    <posy>560</posy>
                    <width>100</width>
                    <height>10</height>
                    <texturebg>seek/progresscache_back.png</texturebg>
                    <lefttexture border="0">seek/progress_left.png</lefttexture>
                    <midtexture border="0">seek/progress_mid.png</midtexture>
                    <righttexture border="0">seek/progress_right.png</righttexture>
                    <info>Player.Progress</info>
                </control> 
            </control>    
        </control>  
    </controls>      
</window>
