<?xml version="1.0" encoding="UTF-8" standalone="yes"?>
<addon id="plugin.video.catchuptvandmore"
       name="Catch-up TV &amp; More"
       version="0.1.8"
       provider-name="SylvainCecchetto">
  <requires>
    <import addon="xbmc.python" version="2.25.0"/>
    <import addon="script.module.beautifulsoup4" version="4.3.1"/>
    <import addon="script.module.requests" version="2.9.1"/>
    <import addon="script.module.youtube.dl" version="17.518.2"/>
  </requires>
  <extension point="xbmc.python.pluginsource" library="addon.py">
    <provides>video</provides>
  </extension>
  <extension point="xbmc.addon.metadata">
    <summary lang="fr_fr">Catch-Up TV &amp; More : Replay TV et bien plus encore.</summary>
    <description lang="fr_fr">Catch-Up TV &amp; More regroupe dans un même plugin Kodi l'ensemble des vidéos des différents services et chaînes de Replay TV (rattrapage TV). De plus, cette extension vous permet d'accéder rapidement aux vidéos et contenus proposés par certains sites internet.</description>
    <disclaimer lang="fr_fr">Retours de bugs, propositions d'améliorations ou d'ajout de contenus sont les bienvenue ! GitHub ou e-mail.</disclaimer>
    <summary lang="en_gb">Catch-Up TV &amp; More: It's all in the title.</summary>
    <description lang="en_gb">Catch-Up TV &amp; More brings together in one Kodi plugin all the videos of the various services and channels of catch-up TV. Furthermore, this addon allows you to quickly access the videos and content offered by certain websites.</description>
    <disclaimer lang="en_gb">Bug reports, suggestions for improvements or content additions are welcome! GitHub or e-mail.</disclaimer>
    <description lang="he_il">ההרחבה מאפשרת לך להתעדכן בתוכן השידורים תוסף אחד של קודי מרכז את כל קטעי וידאו של שירותים שונים וערוצי תוכן משודר. בנוסף, תוספת זו מאפשרת לך לגשת במהירות לסרטונים ולתכנים המוצעים על ידי אתרים מסוימים.</description>
    <disclaimer lang="he_il">דוחות שגיאה, הצעות לשיפור או תוספות תוכן יתקבלו בברכה! ל-GitHub או אימייל.</disclaimer>
 
    <language>fr</language>
    <platform>all</platform>
    <license>GNU GENERAL PUBLIC LICENSE. Version 2, June 1991</license>
    <forum></forum>
    <website></website>
    <email>catch.up.tv.and.more [AT] gmail [DOT] com</email>
    <source>https://github.com/Catch-up-TV-and-More/plugin.video.catchuptvandmore</source>
    <news>
[Version 0.1.8]
[Add Channel - Live TV] Rouge TV (CH) (wwark)
[Add Channel] Histoire (wwark)
[Add Channel] TV Breizh (wwark)
[Add Channel] Ushuaïa TV (wwark)
[Add Channel - Live TV] Sky News (UK) (wwark)
[Add WebTV] Sky sports (UK) (wwark)
[Change] Move youtube code to resoler.py for Allociné, Noob TV, Taratata and Teteaclaques (wwark)
[Add Website] Notrehistoire.ch (CH) (wwark)
[Add WebTV] Studio 4 (francetv) (wwark)
[Add WebTV] IRL (francetv) (wwark)
[Add Channel - Live TV] VRT NU (BE) (wwark)
[Improvement] Send a notification when authentication failed - NRJ12 and Cherie25 Live TV (wwark)
[Remove] Authentication - UKTVPlay channels (UK) (wwark)
[Add Website] 30 Millions d'Amis (wwark)
[Fix] Change json api - Channels RTS, SRF, ... (CH) (wwark)
[Fix] __gettext__.pcl without 'hash' value - simpleplugin.py (wwark)
[Add Channel] Add replay TV5 (CA) (wwark)
[Add Channel] Add replay UNIS (CA) (wwark)
[Fix/Improvement] Fix image videos and Add First Video - Website Autoplus (wwark)
[Fix] Show image - Website Culturepub (wwark)
[Fix] Playing some youtube videos - Website Allocine (wwark)
[Fix/Refactoring] Live TV BFMTV and move brightcove code to resolver.py - channel BFMTV (wwark)
[Remove] Live TV (not working) - Channel Canal+, c8, cstar (wwark)
[Move] Cnews code to cnews.py - Replay and Live TV Cnews (wwark)
[Rework] Replay - Channel Canal+, C8, Cstar (wwark)
[Add Channel] Seasons (wwark)
[Add Channel] Comédie + (wwark)
[Add Channel] Les chaînes planètes + (wwark)
[Add Channel] Golf + (wwark)
[Add Channel] Ciné + (wwark)
[Add Channel] INFOSPORT+ (wwark)
    </news>
    <assets>
      <icon>icon.png</icon>
      <fanart>fanart.jpg</fanart>
      <screenshot>resources/screenshots/screenshot-01.jpg</screenshot>
      <screenshot>resources/screenshots/screenshot-02.jpg</screenshot>
      <screenshot>resources/screenshots/screenshot-03.jpg</screenshot>
      <screenshot>resources/screenshots/screenshot-04.jpg</screenshot>
      <screenshot>resources/screenshots/screenshot-05.jpg</screenshot>
    </assets>
  </extension>
</addon>
