<?xml version="1.0" encoding="UTF-8"?>
<window>
    <allowoverlay>no</allowoverlay>
    <coordinates>
        <system>1</system>
        <left>0</left>
        <top>0</top>
    </coordinates>
	<include>transition_Dialog</include>  
    <controls>
		<include>global_Background</include>
		<include>clock</include>
		<control type="label">
            <left>32</left>
            <top>15</top>
            <width>950</width>
            <aligny>center</aligny>
            <font>light_Window</font>
            <textcolor>Color1</textcolor>
            <include>transition_WindowTitle</include>
            <label>pseudo[COLOR=Color2]tv[/COLOR]</label>
            <visible>!Player.Paused</visible>
        </control>

        <!--CHANNEL LISTINGS BACKGROUND-->
        <control type="image">
            <description>Channel 1 Background</description>
            <left>35</left>
            <top>200</top>
            <width>283</width>
            <height>46</height>
            <bordersize>1</bordersize>
            <texture>white.png</texture>
			<colordiffuse>column3</colordiffuse>
        </control>        
        <control type="image">
            <description>Channel 2 Background</description>
            <left>35</left>
            <top>246</top>
            <width>283</width>
            <height>46</height>
            <bordersize>1</bordersize>
            <texture>white.png</texture>
			<colordiffuse>column3</colordiffuse>
        </control>        
        <control type="image">
            <description>Channel 3 Background</description>
            <left>35</left>
            <top>292</top>
            <width>283</width>
            <height>46</height>
            <bordersize>1</bordersize>
            <texture>white.png</texture>
			<colordiffuse>column3</colordiffuse>
        </control>       
        <control type="image">
            <description>Channel 4 Background</description>
            <left>35</left>
            <top>338</top>
            <width>283</width>
            <height>46</height>
            <bordersize>1</bordersize>
            <texture>white.png</texture>
			<colordiffuse>column3</colordiffuse>
        </control>       
        <control type="image">
            <description>Channel 5 Background</description>
            <left>35</left>
            <top>384</top>
            <width>283</width>
            <height>46</height>
            <bordersize>1</bordersize>
            <texture>white.png</texture>
			<colordiffuse>column3</colordiffuse>
        </control>
		<control type="image">
            <description>Channel 6 Background</description>
            <left>35</left>
            <top>430</top>
            <width>283</width>
            <height>46</height>
            <bordersize>1</bordersize>
            <texture>white.png</texture>
			<colordiffuse>column3</colordiffuse>
        </control>
        <!--CHANNEL 1-->
        <control type="label" id="301">
            <description>Channel 1 Label</description>
            <left>85</left>
            <top>200</top>
            <width>230</width>
            <height>44</height>
            <font>regular</font>
            <textcolor>Color1</textcolor>
            <align>left</align>
            <aligny>center</aligny>
        </control>
		<control type="label" id="311">
            <description>Channel 1 Number</description>
            <left>40</left>
            <top>200</top>
            <width>35</width>
            <height>44</height>
            <font>semibold</font>
            <textcolor>Color1</textcolor>
            <align>right</align>
            <aligny>center</aligny>
        </control>
        <control type="image" id="321">
            <description>Channel 1 Icon</description>
            <left>85</left>
            <top>200</top>
            <width>45</width>
            <height>44</height>
            <aspectratio>keep</aspectratio>
            <visible>false</visible>
        </control>
        <!--CHANNEL 2-->
        <control type="label" id="302">
            <description>Channel 2 Label</description>
            <left>85</left>
            <top>246</top>
            <width>230</width>
            <height>44</height>
            <font>regular</font>
            <textcolor>Color1</textcolor>
            <align>left</align>
            <aligny>center</aligny>
        </control>
		<control type="label" id="312">
            <description>Channel 2 Number</description>
            <left>40</left>
            <top>246</top>
            <width>35</width>
            <height>44</height>
            <font>semibold</font>
            <textcolor>Color1</textcolor>
            <align>right</align>
            <aligny>center</aligny>
        </control>
        <control type="image" id="322">
            <description>Channel 2 Icon</description>
            <left>85</left>
            <top>246</top>
            <width>45</width>
            <height>44</height>
            <aspectratio>keep</aspectratio>
            <visible>false</visible>
        </control>
        <!--CHANNEL 3-->
        <control type="label" id="303">
            <description>Channel 3 Label</description>
            <left>85</left>
            <top>292</top>
            <width>230</width>
            <height>44</height>
            <font>regular</font>
            <textcolor>Color1</textcolor>
            <align>left</align>
            <aligny>center</aligny>
        </control>
		<control type="label" id="313">
            <description>Channel 3 Number</description>
            <left>40</left>
            <top>292</top>
            <width>35</width>
            <height>44</height>
            <font>semibold</font>
            <textcolor>Color1</textcolor>
            <align>right</align>
            <aligny>center</aligny>
        </control>
        <control type="image" id="323">
            <description>Channel 3 Icon</description>
            <left>85</left>
            <top>292</top>
            <width>45</width>
            <height>44</height>
            <aspectratio>keep</aspectratio>
            <visible>false</visible>
        </control>
        <!--CHANNEL 4-->
        <control type="label" id="304">
            <description>Channel 4 Label</description>
            <left>85</left>
            <top>338</top>
            <width>230</width>
            <height>44</height>
            <font>regular</font>
            <textcolor>Color1</textcolor>
            <align>left</align>
            <aligny>center</aligny>
        </control>
		<control type="label" id="314">
            <description>Channel 4 Number</description>
            <left>40</left>
            <top>338</top>
            <width>35</width>
            <height>44</height>
            <font>semibold</font>
            <textcolor>Color1</textcolor>
            <align>right</align>
            <aligny>center</aligny>
        </control>
        <control type="image" id="324">
            <description>Channel 4 Icon</description>
            <left>85</left>
            <top>338</top>
            <width>45</width>
            <height>44</height>
            <aspectratio>keep</aspectratio>
            <visible>false</visible>
        </control>
        <!--CHANNEL 5-->
        <control type="label" id="305">
            <description>Channel 5 Label</description>
            <left>85</left>
            <top>384</top>
            <width>230</width>
            <height>44</height>
            <font>regular</font>
            <textcolor>Color1</textcolor>
            <align>left</align>
            <aligny>center</aligny>
        </control>
		<control type="label" id="315">
            <description>Channel 5 Number</description>
            <left>40</left>
            <top>384</top>
            <width>35</width>
            <height>44</height>
            <font>semibold</font>
            <textcolor>Color1</textcolor>
            <align>right</align>
            <aligny>center</aligny>
        </control>
        <control type="image" id="325">
            <description>Channel 5 Icon</description>
            <left>85</left>
            <top>384</top>
            <width>45</width>
            <height>44</height>
            <aspectratio>keep</aspectratio>
            <visible>false</visible>
        </control>
        <!--CHANNEL 6-->
		<control type="label" id="306">
            <description>Channel 6 Label</description>
            <left>85</left>
            <top>430</top>
            <width>230</width>
            <height>44</height>
            <font>regular</font>
            <textcolor>Color1</textcolor>
            <align>left</align>
            <aligny>center</aligny>
        </control>
		<control type="label" id="316">
            <description>Channel 6 Number</description>
            <left>40</left>
            <top>430</top>
            <width>35</width>
            <height>44</height>
            <font>semibold</font>
            <textcolor>Color1</textcolor>
            <align>right</align>
            <aligny>center</aligny>
        </control>
        <control type="image" id="326">
            <description>Channel 6 Icon</description>
            <left>85</left>
            <top>430</top>
            <width>45</width>
            <height>44</height>
            <aspectratio>keep</aspectratio>
            <visible>false</visible>
        </control>
    
        <!--DATE LABEL-->       
        <control type="label" id="104">
            <description>Date Label</description>
            <left>60</left>
            <top>170</top>
            <width>312</width>
            <height>20</height>
            <font>regular</font>
            <textcolor>Color2</textcolor>
            <align>left</align>
        </control>
        <!--TIME LABELS-->       
        <control type="label" id="101">
            <description>Time 1 Label</description>
            <left>325</left>
            <top>170</top>
            <width>312</width>
            <height>20</height>
            <font>regular</font>
            <textcolor>Color2</textcolor>
            <align>left</align>
        </control>
        <control type="label" id="102">
            <description>Time 2 Label</description>
            <left>651.5</left>
            <top>170</top>
            <width>312</width>
            <height>20</height>
            <font>regular</font>
            <textcolor>Color2</textcolor>
            <align>left</align>
        </control>
        <control type="label" id="103">
            <description>Time 3 Label</description>
            <left>978</left>
            <top>170</top>
            <width>312</width>
            <height>20</height>
            <font>regular</font>
            <textcolor>Color2</textcolor>
            <align>left</align>
        </control>

        <!--HIGHLIGHTED SHOW INFORMATION-->       
        <control type="group">
            <left>320</left>
            <top>530</top>
            <control type="label">
                <description>Show Name Label</description>
                <width>900</width>
                <include>detail_Title</include>
                <label>$INFO[Control.GetLabel(500)]$INFO[Control.GetLabel(501),: ,]</label>
            </control>
            <control type="textbox">
                <label>Show Description</label>
                <top>35</top>
                <width>900</width>
                <height>90</height>
                <info>Control.GetLabel(502)</info>
                <include>detail_Text</include>
            </control>  
        </control>
		<!--CHANNEL LOGO-->        
        <control type="image" id="503">
            <description>Channel Logo</description>
            <left>35</left>
            <top>540</top>
            <width>283</width>
            <height>110</height>
            <aspectratio align="center">keep</aspectratio>
        </control>
        
        <!--SHOW LISTINGS FONT AND FONT COLOUR-->
        <control type="button" id="100">
			<visible>false</visible>
			<label>0xFFFFFFFF</label><!--un-focused text color-->
			<label2>0xFF000000</label2><!--focused text color-->
		</control>
		<control type="button" id="105">
			<visible>false</visible>
			<label>regular</label><!--text font-->
		</control>
        
        <!--SHOW LISTINGS-->        
        <control type="group" id="111">
            <description>Show Listings - Channel 1</description>
            <left>320</left>
            <top>201</top>
            <width>980</width>
            <height>45</height>
        </control>        
        <control type="group" id="112">
            <description>Show Listings - Channel 2</description>
            <left>320</left>
            <top>247</top>
            <width>980</width>
            <height>45</height>
        </control>
        <control type="group" id="113">
            <description>Show Listings - Channel 3</description>
            <left>320</left>
            <top>293</top>
            <width>980</width>
            <height>45</height>
        </control>
        <control type="group" id="114">
            <description>Show Listings - Channel 4</description>
            <left>320</left>
            <top>339</top>
            <width>980</width>
            <height>45</height>
        </control>
        <control type="group" id="115">
            <description>Show Listings - Channel 5</description>
            <left>320</left>
            <top>385</top>
            <width>980</width>
            <height>45</height>
        </control>
		<control type="group" id="116">
            <description>Show Listings - Channel 6</description>
            <left>320</left>
            <top>431</top>
            <width>980</width>
            <height>45</height>
        </control>
		
		<!--TIME BAR-->
		<control type="image" id="120">
            <description>Time Bar</description>
            <left>320</left>
            <top>200</top>
            <width>20</width>
            <height>276</height>
        </control>

        <control type="group">
            <visible>false</visible>
            <control type="label" id="500">
                <description>Show Name Label</description>            
            </control>
            <control type="label" id="501">
                <description>Show Title Label</description>
            </control>
            <control type="label" id="502">
                <label>Show Description</label>
            </control>
        </control>

    </controls>
</window>
