<?xml version="1.0" encoding="UTF-8"?>
<window id="605">
    <defaultcontrol always="true">20</defaultcontrol>
    <onunload>ClearProperty(Focus)</onunload>
    <controls>
        <control type="group">
            <include>KeyboardAnimations</include>
            <visible>!Window.IsVisible(virtualkeyboard) + !Window.IsVisible(pvrgroupmanager) + !Window.IsVisible(filebrowser) + !Window.IsVisible(yesnodialog) + !Window.IsVisible(okdialog) + !Window.IsVisible(progressdialog)</visible>
            <control type="image">
                <posx>920</posx>
                <posy>151</posy>
                <width>80</width>
                <height>60</height>
                <texture>dialogs/default/arrow.png</texture>
            </control>
            <control type="image">
                <posx>319</posx>
                <posy>171</posy>
                <width>1282</width>
                <height>738</height>
                <texture border="39">dialogs/default/bg.png</texture>
            </control>       
            <control type="label">
                <description>Heading</description>
                <posx>353</posx>
                <posy>123</posy>
                <width>1214</width>
                <label>$LOCALIZE[19199] • $LOCALIZE[19023]</label>
                <font>Font-Condensed-S34</font>
                <textcolor>ddwhite</textcolor>
                <align>center</align>
            </control>
            <control type="group" id="8000">
                <posx>353</posx>
                <posy>205</posy>                
                <control type="group" id="8001">
                    <control type="label">
                        <description>Items / page label</description>
                        <posx>0</posx>
                        <posy>0</posy>
                        <width>600</width>
                        <height>34</height>
                        <align>left</align>
                        <textoffsetx>20</textoffsetx>
                        <label>$VAR[PVRChannelManagerItemsPageLabel]</label>
                        <textcolor>FF585858</textcolor>
                        <shadowcolor>20FFFFFF</shadowcolor>
                        <font>Font-Condensed-S30</font>
                    </control>
                    <control type="image">
                        <posx>0</posx>
                        <posy>40</posy>
                        <width>600</width>
                        <height>631</height>
                        <texture border="5">dialogs/default/inner.png</texture>
                    </control>
                    <control type="list" id="20">
                        <posx>0</posx>
                        <posy>40</posy>
                        <width>600</width>
                        <height>630</height>
                        <onup>20</onup>
                        <ondown>20</ondown>
                        <onleft>60</onleft>
                        <onright>8002</onright>
                        <pagecontrol>60</pagecontrol>
                        <scrolltime>0</scrolltime>
                        <visible>!Window.IsActive(contextmenu)</visible>
                        <include>visiblehidefadeinfo</include>
                        <itemlayout height="60">
                            <control type="image">
                                <posx>0</posx>
                                <posy>1</posy>
                                <width>600</width>
                                <height>60</height>
                                <texture>dialogs/default/separator.png</texture>
                            </control>
                            <control type="group">
                                <animation effect="fade" start="100" end="50" time="300" tween="sine" easing="inout" condition="!ListItem.Property(ActiveChannel)">Conditional</animation>
                                <control type="image">
                                    <posx>20</posx>
                                    <posy>10</posy>
                                    <width>40</width>
                                    <height>40</height>
                                    <bordertexture border="1">windows/common/darkgrey.png</bordertexture>
                                    <texture background="true" fallback="windows/pvr/defaultchannel.png">$VAR[PvrListIcon]</texture>
                                </control>
                                <control type="label">
                                    <posx>70</posx>
                                    <posy>0</posy>
                                    <width>510</width>
                                    <height>60</height>
                                    <label>$INFO[ListItem.Property(Number),(,) ]$INFO[ListItem.Property(Name)]</label>
                                    <textcolor>FF585858</textcolor>
                                    <selectedcolor>FF585858</selectedcolor>
                                    <scroll>false</scroll>
                                    <visible>!ListItem.Property(Changed)</visible>
                                </control>
                                <control type="label">
                                    <posx>70</posx>
                                    <posy>0</posy>
                                    <width>460</width>
                                    <height>60</height>
                                    <label>$INFO[ListItem.Property(Number),(,) ]$INFO[ListItem.Property(Name)]</label>
                                    <textcolor>FF585858</textcolor>
                                    <selectedcolor>FF585858</selectedcolor>
                                    <scroll>false</scroll>
                                    <visible>ListItem.Property(Changed)</visible>
                                </control>
                            </control>
                            <control type="image">
                                <posx>535</posx>
                                <posy>0</posy>
                                <width>60</width>
                                <height>60</height>
                                <texture>dialogs/select/selected.png</texture>
                                <visible>ListItem.Property(Changed)</visible>
                            </control>
                        </itemlayout>
                        <focusedlayout height="90">
                            <control type="group">
                                <visible>!Control.HasFocus(20)</visible>
                                <control type="image">
                                    <posx>0</posx>
                                    <posy>1</posy>
                                    <width>600</width>
                                    <height>90</height>
                                    <texture>dialogs/default/separator.png</texture>
                                </control>
                                <control type="group">
                                    <animation effect="fade" start="100" end="50" time="300" tween="sine" easing="inout" condition="!ListItem.Property(ActiveChannel)">Conditional</animation>
                                    <control type="group">
                                        <visible>!ListItem.Property(Changed)</visible>
                                        <control type="label">
                                            <posx>100</posx>
                                            <posy>0</posy>
                                            <width>480</width>
                                            <height>56</height>
                                            <label>$INFO[ListItem.Property(Number),(,) ]$INFO[ListItem.Property(Name)]</label>
                                            <textcolor>FF585858</textcolor>
                                            <selectedcolor>FF585858</selectedcolor>
                                            <scroll>false</scroll>
                                        </control>
                                        <control type="label">
                                            <posx>100</posx>
                                            <posy>35</posy>
                                            <width>480</width>
                                            <height>56</height>
                                            <label>$INFO[ListItem.Property(ClientName),$LOCALIZE[19210]: ,]</label>
                                            <font>Font-Condensed-S28</font>
                                            <textcolor>FF787878</textcolor>
                                            <selectedcolor>FF787878</selectedcolor>
                                            <scroll>false</scroll>
                                        </control>
                                    </control>
                                    <control type="group">
                                        <visible>ListItem.Property(Changed)</visible>
                                        <control type="label">
                                            <posx>100</posx>
                                            <posy>0</posy>
                                            <width>430</width>
                                            <height>56</height>
                                            <label>$INFO[ListItem.Property(Number),(,) ]$INFO[ListItem.Property(Name)]</label>
                                            <textcolor>FF585858</textcolor>
                                            <selectedcolor>FF585858</selectedcolor>
                                            <scroll>false</scroll>
                                        </control>
                                        <control type="label">
                                            <posx>100</posx>
                                            <posy>35</posy>
                                            <width>430</width>
                                            <height>56</height>
                                            <label>$INFO[ListItem.Property(ClientName),$LOCALIZE[19210]: ,]</label>
                                            <font>Font-Condensed-S28</font>
                                            <textcolor>FF787878</textcolor>
                                            <selectedcolor>FF787878</selectedcolor>
                                            <scroll>false</scroll>
                                        </control>
                                    </control>
                                </control>
                            </control>
                            <control type="group">
                                <visible>Control.HasFocus(20)</visible>
                                <control type="image">
                                    <posx>0</posx>
                                    <posy>0</posy>
                                    <width>600</width>
                                    <height>90</height>
                                    <texture border="2">dialogs/default/highlight.png</texture>
                                    <visible>!ListItem.IsSelected</visible>
                                </control>
                                <control type="image">
                                    <posx>0</posx>
                                    <posy>0</posy>
                                    <width>600</width>
                                    <height>90</height>
                                    <texture border="2">dialogs/default/highlight-selected.png</texture>
                                    <visible>ListItem.IsSelected</visible>
                                </control>
                                <control type="group">
                                    <animation effect="fade" start="100" end="50" time="300" tween="sine" easing="inout" condition="!ListItem.Property(ActiveChannel)">Conditional</animation>
                                    <control type="group">
                                        <visible>!ListItem.Property(Changed)</visible>
                                        <control type="label">
                                            <posx>100</posx>
                                            <posy>0</posy>
                                            <width>480</width>
                                            <height>56</height>
                                            <label>$INFO[ListItem.Property(Number),(,) ]$INFO[ListItem.Property(Name)]</label>
                                            <textcolor>eewhite</textcolor>
                                            <selectedcolor>eewhite</selectedcolor>
                                            <scroll>false</scroll>
                                        </control>
                                        <control type="label">
                                            <posx>100</posx>
                                            <posy>35</posy>
                                            <width>480</width>
                                            <height>56</height>
                                            <label>$INFO[ListItem.Property(ClientName),$LOCALIZE[19210]: ,]</label>
                                            <font>Font-Condensed-S28</font>
                                            <textcolor>bbwhite</textcolor>
                                            <selectedcolor>bbwhite</selectedcolor>
                                            <scroll>false</scroll>
                                        </control>
                                    </control>
                                    <control type="group">
                                        <visible>ListItem.Property(Changed)</visible>
                                        <control type="label">
                                            <posx>100</posx>
                                            <posy>0</posy>
                                            <width>430</width>
                                            <height>56</height>
                                            <label>$INFO[ListItem.Property(Number),(,) ]$INFO[ListItem.Property(Name)]</label>
                                            <textcolor>eewhite</textcolor>
                                            <selectedcolor>eewhite</selectedcolor>
                                            <scroll>false</scroll>
                                        </control>
                                        <control type="label">
                                            <posx>100</posx>
                                            <posy>35</posy>
                                            <width>430</width>
                                            <height>56</height>
                                            <label>$INFO[ListItem.Property(ClientName),$LOCALIZE[19210]: ,]</label>
                                            <font>Font-Condensed-S28</font>
                                            <textcolor>bbwhite</textcolor>
                                            <selectedcolor>bbwhite</selectedcolor>
                                            <scroll>false</scroll>
                                        </control>
                                    </control>
                                </control>
                            </control>
                            <control type="image">
                                <posx>535</posx>
                                <posy>15</posy>
                                <width>60</width>
                                <height>60</height>
                                <texture>dialogs/select/selected.png</texture>
                                <visible>ListItem.Property(Changed)</visible>
                            </control>
                            <control type="image">
                                <posx>20</posx>
                                <posy>10</posy>
                                <width>70</width>
                                <height>70</height>
                                <bordertexture border="1">windows/common/darkgrey.png</bordertexture>
                                <texture background="true" fallback="windows/pvr/defaultchannel.png">$VAR[PvrListIcon]</texture>
                                <animation effect="fade" start="100" end="50" time="300" tween="sine" easing="inout" condition="!ListItem.Property(ActiveChannel)">Conditional</animation>
                            </control>
                        </focusedlayout>
                    </control>
                    <control type="image" id="62">
                        <animation effect="fade" start="100" end="0" time="0" delay="1500">WindowOpen</animation>
                    </control>
                    <control type="image" id="61">
                        <animation effect="fade" start="0" end="100" time="0">Visible</animation>
                        <animation effect="fade" start="100" end="0" time="0">Hidden</animation>
                        <visible>Control.HasFocus(60) | !Control.IsVisible(62)</visible>
                    </control>
                    <control type="image" id="61">
                        <animation effect="fade" start="0" end="100" time="0">Visible</animation>
                        <animation effect="fade" start="100" end="0" time="0" delay="1500">Hidden</animation>
                        <visible>!Control.HasFocus(60) + [Container(20).Scrolling | Container(20).OnScrollNext | Container(20).OnScrollPrevious]</visible>
                    </control>
                    <control type="scrollbar" id="60">
                        <posx>3</posx>
                        <posy>43</posy>
                        <width>11</width>
                        <height>624</height>
                        <texturesliderbackground>-</texturesliderbackground>
                        <texturesliderbar border="0,6,0,6">dialogs/default/scrollbar.png</texturesliderbar>
                        <texturesliderbarfocus border="0,6,0,6">dialogs/default/scrollbar.png</texturesliderbarfocus>
                        <textureslidernib>-</textureslidernib>
                        <textureslidernibfocus>-</textureslidernibfocus>
                        <onleft>8003</onleft>
                        <onright>20</onright>
                        <ondown>60</ondown>
                        <onup>60</onup>
                        <showonepage>false</showonepage>
                        <orientation>vertical</orientation>
                        <animation effect="fade" start="75" end="0" time="300" tween="sine" easing="inout" condition="!Control.IsVisible(61)">Conditional</animation>
                    </control>
                </control>
                <control type="group" id="8002">
                    <control type="group" id="80021">
                        <posx>614</posx>
                        <posy>0</posy>
                        <control type="label">
                            <description>Channel Options Header</description>
                            <posx>0</posx>
                            <posy>0</posy>
                            <width>600</width>
                            <height>34</height>
                            <align>left</align>
                            <textoffsetx>20</textoffsetx>
                            <label>$LOCALIZE[31949]</label>
                            <textcolor>FF585858</textcolor>
                            <shadowcolor>20FFFFFF</shadowcolor>
                            <font>Font-Condensed-S30</font>
                        </control>
                        <control type="image">
                            <posx>0</posx>
                            <posy>40</posy>
                            <width>600</width>
                            <height>356</height>
                            <texture border="5">dialogs/default/inner.png</texture>
                        </control>
                        <control type="radiobutton" id="7">
                            <description>Channel activated</description>
                            <posx>0</posx>
                            <posy>40</posy>
                            <width>600</width>
                            <height>60</height>
                            <align>left</align>
                            <textoffsetx>20</textoffsetx>
                            <textwidth>484</textwidth>
                            <radioposx>492</radioposx>
                            <textcolor>FF585858</textcolor>
                            <focusedcolor>eewhite</focusedcolor>
                            <disabledcolor>77585858</disabledcolor>
                            <shadowcolor>20FFFFFF</shadowcolor>
                            <textureradioon>buttons/radio/radio-light-fo.png</textureradioon>
                            <textureradiooff>buttons/radio/radio-light-nf.png</textureradiooff>
                            <texturefocus border="2">dialogs/default/highlight.png</texturefocus>
                            <texturenofocus>dialogs/default/separator.png</texturenofocus>
                            <label>19074</label>
                            <onleft>20</onleft>
                            <onright>8003</onright>
                            <onup>SetProperty(Focus,1)</onup>
                            <onup>8003</onup>
                            <ondown>8</ondown>
                        </control>
                        <control type="edit" id="8">
                            <description>Channel name</description>
                            <posx>0</posx>
                            <posy>99</posy>
                            <width>600</width>
                            <height>60</height>
                            <align>left</align>
                            <aligny>center</aligny>
                            <textoffsetx>20</textoffsetx>
                            <textcolor>FF585858</textcolor>
                            <focusedcolor>eewhite</focusedcolor>
                            <disabledcolor>FF585858</disabledcolor>
                            <shadowcolor>20FFFFFF</shadowcolor>
                            <font>Font-Condensed-S32</font>
                            <pulseonselect>false</pulseonselect>
                            <texturefocus border="2">dialogs/default/highlight.png</texturefocus>
                            <texturenofocus>dialogs/default/separator.png</texturenofocus>
                            <label>19201</label>
                            <onright>8003</onright>
                            <onleft>20</onleft>
                            <onup>7</onup>
                            <ondown>9</ondown>
                        </control>
                        <control type="button" id="9">
                            <description>Channel logo Button</description>
                            <posx>0</posx>
                            <posy>158</posy>
                            <width>600</width>
                            <height>60</height>
                            <align>left</align>
                            <textoffsetx>20</textoffsetx>
                            <textwidth>540</textwidth>
                            <font>Font-Condensed-S32</font>
                            <textcolor>FF585858</textcolor>
                            <focusedcolor>eewhite</focusedcolor>
                            <disabledcolor>77585858</disabledcolor>
                            <shadowcolor>20FFFFFF</shadowcolor>
                            <texturefocus border="2">dialogs/default/highlight.png</texturefocus>
                            <texturenofocus>dialogs/default/separator.png</texturenofocus>
                            <label>19202</label>
                            <onleft>20</onleft>
                            <onright>8003</onright>
                            <onup>8</onup>
                            <ondown>12</ondown>
                        </control>
                        <control type="image" id="10">
                            <description>Current Channel Icon</description>
                            <posx>540</posx>
                            <posy>168</posy>
                            <width>40</width>
                            <height>40</height>
                            <aspectratio>scale</aspectratio>
                            <bordertexture border="1">windows/common/darkgrey.png</bordertexture>
                            <texture background="true" fallback="windows/pvr/defaultchannel.png">$VAR[PvrListIcon]</texture>
                        </control>
                        <control type="radiobutton" id="12">
                            <description>EPG activated</description>
                            <posx>0</posx>
                            <posy>217</posy>
                            <width>600</width>
                            <height>60</height>
                            <align>left</align>
                            <textoffsetx>20</textoffsetx>
                            <textwidth>484</textwidth>
                            <radioposx>492</radioposx>
                            <textcolor>FF585858</textcolor>
                            <focusedcolor>eewhite</focusedcolor>
                            <disabledcolor>77585858</disabledcolor>
                            <shadowcolor>20FFFFFF</shadowcolor>
                            <textureradioon>buttons/radio/radio-light-fo.png</textureradioon>
                            <textureradiooff>buttons/radio/radio-light-nf.png</textureradiooff>
                            <texturefocus border="2">dialogs/default/highlight.png</texturefocus>
                            <texturenofocus>dialogs/default/separator.png</texturenofocus>
                            <label>19206</label>
                            <onleft>20</onleft>
                            <onright>8003</onright>
                            <onup>9</onup>
                            <ondown>13</ondown>
                        </control>
                        <control type="spincontrolex" id="13">
                            <description>EPG source</description>
                            <posx>0</posx>
                            <posy>276</posy>
                            <width>600</width>
                            <height>60</height>
                            <textureup>buttons/spinctrl/arrow-light-up-nf.png</textureup>
                            <texturedown>buttons/spinctrl/arrow-light-down-nf.png</texturedown>
                            <textureupfocus>buttons/spinctrl/arrow-light-up-fo.png</textureupfocus>
                            <texturedownfocus>buttons/spinctrl/arrow-light-down-fo.png</texturedownfocus>
                            <texturefocus border="2">dialogs/default/highlight.png</texturefocus>
                            <texturenofocus>dialogs/default/separator.png</texturenofocus>
                            <textcolor>FF585858</textcolor>
                            <focusedcolor>eewhite</focusedcolor>
                            <disabledcolor>77585858</disabledcolor>
                            <shadowcolor>20FFFFFF</shadowcolor>
                            <textoffsetx>20</textoffsetx>
                            <spinposx>16</spinposx>
                            <label>19200</label>
                            <onright>8003</onright>
                            <onleft>20</onleft>
                            <onup>12</onup>
                            <ondown>14</ondown>
                        </control>
                        <control type="radiobutton" id="14">
                            <description>Parental locked</description>
                            <posx>0</posx>
                            <posy>335</posy>
                            <width>600</width>
                            <height>60</height>
                            <align>left</align>
                            <textoffsetx>20</textoffsetx>
                            <textwidth>484</textwidth>
                            <radioposx>492</radioposx>
                            <textcolor>FF585858</textcolor>
                            <focusedcolor>eewhite</focusedcolor>
                            <disabledcolor>77585858</disabledcolor>
                            <shadowcolor>20FFFFFF</shadowcolor>
                            <textureradioon>buttons/radio/radio-light-fo.png</textureradioon>
                            <textureradiooff>buttons/radio/radio-light-nf.png</textureradiooff>
                            <texturefocus border="2">dialogs/default/highlight.png</texturefocus>
                            <label>19267</label>
                            <onleft>20</onleft>
                            <onright>8003</onright>
                            <onup>13</onup>
                            <ondown>30</ondown>
                        </control>
                    </control>
                    <control type="group" id="80022">
                        <posx>614</posx>
                        <posy>418</posy>
                        <control type="label">
                            <description>Misc Options Header</description>
                            <posx>0</posx>
                            <posy>0</posy>
                            <width>600</width>
                            <height>34</height>
                            <align>left</align>
                            <textoffsetx>20</textoffsetx>
                            <label>$LOCALIZE[31950]</label>
                            <textcolor>FF585858</textcolor>
                            <shadowcolor>20FFFFFF</shadowcolor>
                            <font>Font-Condensed-S30</font>
                        </control>
                        <control type="image">
                            <posx>0</posx>
                            <posy>40</posy>
                            <width>293</width>
                            <height>51</height>
                            <texture border="5">dialogs/default/inner.png</texture>
                        </control>
                        <control type="image">
                            <posx>307</posx>
                            <posy>40</posy>
                            <width>293</width>
                            <height>51</height>
                            <texture border="5">dialogs/default/inner.png</texture>
                        </control>
                        <control type="image">
                            <posx>0</posx>
                            <posy>104</posy>
                            <width>600</width>
                            <height>149</height>
                            <texture border="5">dialogs/default/inner.png</texture>
                        </control>
                        <control type="button" id="30">
                            <description>Group Manager Button</description>
                            <posx>0</posx>
                            <posy>40</posy>
                            <width>293</width>
                            <height>50</height>
                            <align>left</align>
                            <textoffsetx>20</textoffsetx>
                            <textwidth>540</textwidth>
                            <textcolor>FF585858</textcolor>
                            <focusedcolor>eewhite</focusedcolor>
                            <disabledcolor>77585858</disabledcolor>
                            <shadowcolor>20FFFFFF</shadowcolor>
                            <texturefocus border="2">dialogs/default/highlight.png</texturefocus>
                            <label>19205</label>
                            <onleft>20</onleft>
                            <onright>34</onright>
                            <onup>14</onup>
                            <ondown>31</ondown>
                        </control>
                        <control type="button" id="34">
                            <description>TV/Radio Button</description>
                            <posx>307</posx>
                            <posy>40</posy>
                            <width>293</width>
                            <height>50</height>
                            <align>left</align>
                            <textoffsetx>20</textoffsetx>
                            <textwidth>540</textwidth>
                            <textcolor>FF585858</textcolor>
                            <focusedcolor>eewhite</focusedcolor>
                            <disabledcolor>77585858</disabledcolor>
                            <shadowcolor>20FFFFFF</shadowcolor>
                            <texturefocus border="2">dialogs/default/highlight.png</texturefocus>
                            <label>19024</label>
                            <onleft>30</onleft>
                            <onright>8003</onright>
                            <onup>14</onup>
                            <ondown>31</ondown>
                            <visible>String.IsEmpty(Window.Property(IsRadio))</visible>
                        </control>
                        <control type="button" id="34">
                            <description>TV/Radio Button</description>
                            <posx>307</posx>
                            <posy>40</posy>
                            <width>293</width>
                            <height>50</height>
                            <align>left</align>
                            <textoffsetx>20</textoffsetx>
                            <textwidth>540</textwidth>
                            <textcolor>FF585858</textcolor>
                            <focusedcolor>eewhite</focusedcolor>
                            <disabledcolor>77585858</disabledcolor>
                            <shadowcolor>20FFFFFF</shadowcolor>
                            <texturefocus border="2">dialogs/default/highlight.png</texturefocus>
                            <label>19023</label>
                            <onleft>30</onleft>
                            <onright>8003</onright>
                            <onup>14</onup>
                            <ondown>31</ondown>
                            <visible>!String.IsEmpty(Window.Property(IsRadio))</visible>
                        </control>
                    </control>
                </control>
            </control>
            <control type="group" id="8003">
                <posx>343</posx>
                <posy>872</posy>
                <control type="button" id="4">
                    <description>Select</description>
                    <texturefocus>buttons/select-fo.png</texturefocus>
                    <texturenofocus>buttons/select-nf.png</texturenofocus>
                    <include>DialogButtonDimensions</include>
                    <label>$LOCALIZE[31921]</label>
                    <onleft>5</onleft>
                    <onright>6</onright>
                    <onup condition="!String.IsEmpty(Window.Property(Focus))">33</onup>
                    <onup condition="String.IsEmpty(Window.Property(Focus))">8000</onup>
                    <onup>ClearProperty(Focus)</onup>
                    <ondown condition="!String.IsEmpty(Window.Property(Focus))">7</ondown>
                    <ondown condition="String.IsEmpty(Window.Property(Focus))">8000</ondown>
                    <ondown>ClearProperty(Focus)</ondown>
                </control>
                <control type="button" id="6">
                    <posx>200</posx>
                    <description>Close</description>
                    <label>$LOCALIZE[31922]</label>
                    <texturefocus>buttons/cancel-fo.png</texturefocus>
                    <texturenofocus>buttons/cancel-nf.png</texturenofocus>
                    <include>DialogButtonDimensions</include>
                    <onleft>4</onleft>
                    <onright>5</onright>
                    <onup condition="!String.IsEmpty(Window.Property(Focus))">33</onup>
                    <onup condition="String.IsEmpty(Window.Property(Focus))">8000</onup>
                    <onup>ClearProperty(Focus)</onup>
                    <ondown condition="!String.IsEmpty(Window.Property(Focus))">7</ondown>
                    <ondown condition="String.IsEmpty(Window.Property(Focus))">8000</ondown>
                    <ondown>ClearProperty(Focus)</ondown>
                </control>
                <control type="button" id="5">
                    <posx>733</posx>
                    <description>Apply changes</description>
                    <label>$LOCALIZE[14070]</label>
                    <width>500</width>
                    <include>DialogButtonDimensionsRightAlign</include>
                    <texturefocus border="0,0,100,0">buttons/options-right-fo.png</texturefocus>
                    <texturenofocus border="0,0,100,0">buttons/options-right-nf.png</texturenofocus>
                    <onleft>6</onleft>
                    <onright>4</onright>
                    <onup condition="!String.IsEmpty(Window.Property(Focus))">33</onup>
                    <onup condition="String.IsEmpty(Window.Property(Focus))">8000</onup>
                    <onup>ClearProperty(Focus)</onup>
                    <ondown condition="!String.IsEmpty(Window.Property(Focus))">7</ondown>
                    <ondown condition="String.IsEmpty(Window.Property(Focus))">8000</ondown>
                    <ondown>ClearProperty(Focus)</ondown>
                </control>
            </control>
        </control>
    </controls>
</window>
