<?xml version="1.0" encoding="UTF-8"?>
<window>
    <defaultcontrol>23</defaultcontrol>
    <visible>[Window.IsActive(fullscreenvideo) | Window.IsActive(visualisation)] + [Player.ShowInfo | Player.Seeking | Player.DisplayAfterSeek | Player.Paused | Player.Forwarding | Player.Rewinding | Window.IsActive(videoosd) | Window.IsActive(musicosd) | Window.IsVisible(fullscreeninfo)] + !Window.IsVisible(sliderdialog) + ![!Window.IsActive(videoosd) + !Window.IsActive(musicosd) + [Window.IsActive(SubtitleSearch) | Window.IsActive(pvrguideinfo) | Window.IsActive(pvrosdchannels) | Window.IsActive(pvrosdguide) | Window.IsActive(yesnodialog) | Window.IsActive(okdialog) | Window.IsActive(progressdialog) | Window.IsActive(virtualkeyboard) | Window.IsActive(numericinput) | Window.IsActive(shutdownmenu) | Window.IsActive(osdvideosettings) | Window.IsActive(osdaudiosettings) | Window.IsActive(videobookmarks)]]</visible>
    <controls>
        <include>FadeBackgroundPVRInfo</include>
        <include>OSDWeatherClock</include>
        <include>OSDChapterInfo</include>
        <control type="group">
            <animation type="WindowOpen">
                <effect easing="inout" end="100" start="0" time="200" tween="sine" type="fade"/>
                <effect easing="out" end="0,0" start="0,85" time="300" tween="cubic" type="slide"/>
            </animation>
            <animation type="WindowClose">
                <effect easing="in" end="0" start="100" time="200" tween="sine" type="fade"/>
                <effect easing="in" end="0,85" start="0,0" time="300" tween="sine" type="slide"/>
            </animation>
            <animation type="Visible">
                <effect easing="inout" end="100" start="0" time="200" tween="sine" type="fade"/>
                <effect easing="out" end="0,0" start="0,85" time="300" tween="cubic" type="slide"/>
            </animation>
            <animation type="Hidden">
                <effect easing="in" end="0" start="100" time="200" tween="sine" type="fade"/>
                <effect easing="in" end="0,85" start="0,0" time="300" tween="sine" type="slide"/>
            </animation>
            <control type="group">
                <visible>!Window.IsVisible(DialogPVRInfo.xml)</visible>
                <visible>!Window.IsVisible(script-nextup-notification-NextUpInfo.xml)</visible>
                <visible>!Window.IsVisible(script-nextup-notification-StillWatchingInfo.xml)</visible>
                <animation condition="[Player.ShowInfo | Window.IsVisible(fullscreeninfo)] + [!Window.IsActive(videoosd) + !Window.IsActive(musicosd)]" easing="inout" effect="slide" end="0,-275" start="0,0" time="300" tween="cubic">Conditional</animation>
                <animation condition="[Window.IsActive(videoosd) | Window.IsActive(musicosd)] + [Player.Seeking | Player.DisplayAfterSeek | Player.Paused | Player.Forwarding | Player.Rewinding]" easing="inout" effect="slide" end="0,-70" start="0,0" time="300" tween="cubic">Conditional</animation>
                <control type="image">
                    <posx>0</posx>
                    <posy>600</posy>
                    <width>1920</width>
                    <height>740</height>
                    <texture border="1,401,1,45">osd/fullscreen/osd-back-info.png</texture>
                </control>
                <control type="group">
                    <animation condition="[Player.ShowInfo | Window.IsVisible(fullscreeninfo)] + [!Window.IsActive(videoosd) + !Window.IsActive(musicosd)]" easing="inout" effect="slide" end="0,213" start="0,0" time="300" tween="cubic">Conditional</animation>
                    <animation condition="Window.IsActive(videoosd) | Window.IsActive(musicosd)" easing="inout" effect="slide" end="0,70" start="0,0" time="300" tween="cubic">Conditional</animation>
                    <visible>String.IsEmpty(Window.Property(ExtendPlot)) | Window.IsActive(videoosd) | Window.IsActive(musicosd)</visible>
                    <include>visiblehidefadeinfo</include>
                    <control type="group">
                        <posx>358</posx>
                        <posy>1028</posy>
                        <control type="progress">
                            <posx>0</posx>
                            <posy>0</posy>
                            <width>1204</width>
                            <height>25</height>
                            <info>Player.CacheLevel</info>
                            <texturebg>osd/fullscreen/progress/cache-back.png</texturebg>
                            <midtexture border="1">osd/fullscreen/progress/cache-mid.png</midtexture>
                            <lefttexture>osd/fullscreen/progress/cache-left.png</lefttexture>
                            <righttexture>osd/fullscreen/progress/cache-right.png</righttexture>
                            <overlaytexture>-</overlaytexture>
                        </control>
                        <control type="progress">
                            <posx>0</posx>
                            <posy>0</posy>
                            <width>1204</width>
                            <height>25</height>
                            <info>Player.ProgressCache</info>
                            <reveal>true</reveal>
                            <texturebg>osd/fullscreen/progress/back.png</texturebg>
                            <midtexture>osd/fullscreen/progress/mid.png</midtexture>
                            <lefttexture>osd/fullscreen/progress/left.png</lefttexture>
                            <righttexture>osd/fullscreen/progress/right.png</righttexture>
                            <colordiffuse>44FFFFFF</colordiffuse>
                            <overlaytexture>-</overlaytexture>
                        </control>
                        <control id="23" type="progress">
                            <posx>0</posx>
                            <posy>0</posy>
                            <width>1204</width>
                            <height>25</height>
                            <info>Player.Progress</info>
                            <reveal>true</reveal>
                            <texturebg>osd/fullscreen/progress/back.png</texturebg>
                            <midtexture>osd/fullscreen/progress/mid.png</midtexture>
                            <lefttexture>osd/fullscreen/progress/left.png</lefttexture>
                            <righttexture>osd/fullscreen/progress/right.png</righttexture>
                            <overlaytexture>-</overlaytexture>
                        </control>
                        <!-- Already included with Helix -->
                        <control id="401" type="progress">
                            <posx>0</posx>
                            <posy>0</posy>
                            <width>1204</width>
                            <height>25</height>
                            <reveal>true</reveal>
                            <texturebg>osd/fullscreen/progress/back.png</texturebg>
                            <midtexture>osd/fullscreen/progress/mid.png</midtexture>
                            <lefttexture>osd/fullscreen/progress/left.png</lefttexture>
                            <righttexture>osd/fullscreen/progress/right.png</righttexture>
                            <overlaytexture>-</overlaytexture>
                            <colordiffuse>AAFFFFFF</colordiffuse>
                            <visible>Player.Seeking</visible>
                        </control>
                        <!-- END - Already included with Helix -->
                    </control>
                    <control type="label">
                        <posx>1590</posx>
                        <posy>1027</posy>
                        <width>360</width>
                        <height>25</height>
                        <label>$INFO[Player.Time(hh:mm:ss)]$INFO[Player.Duration(hh:mm:ss), / ,]</label>
                        <textcolor>aawhite</textcolor>
                        <font>Font-Condensed-S34</font>
                        <align>left</align>
                        <!-- Already included with Helix -->
                        <visible>!Player.Seeking</visible>
                    </control>
                    <control type="label">
                        <posx>1590</posx>
                        <posy>1027</posy>
                        <width>360</width>
                        <height>25</height>
                        <label>$INFO[Player.SeekTime(hh:mm:ss)]$INFO[Player.Duration(hh:mm:ss), / ,]</label>
                        <textcolor>aawhite</textcolor>
                        <font>Font-Condensed-S34</font>
                        <align>left</align>
                        <visible>Player.Seeking</visible>
                        <!-- END - Already included with Helix -->
                    </control>
                    <control type="label">
                        <description>Pause / finish time</description>
                        <posx>330</posx>
                        <posy>1027</posy>
                        <width>360</width>
                        <height>25</height>
                        <label>$LOCALIZE[112]</label>
                        <scroll>false</scroll>
                        <textcolor>aawhite</textcolor>
                        <font>Font-Condensed-S34</font>
                        <align>right</align>
                        <visible>Player.Paused + ![Player.Seeking | Player.DisplayAfterSeek | Player.Forwarding | Player.Rewinding] + ![Player.ShowInfo | Window.IsVisible(fullscreeninfo)]</visible>
                        <animation easing="inout" effect="fade" end="100" start="0" time="400" tween="sine">Visible</animation>
                        <animation easing="inout" effect="fade" end="0" start="100" time="400" tween="sine">Hidden</animation>
                    </control>
                    <control type="label">
                        <description>Pause / finish time</description>
                        <posx>330</posx>
                        <posy>1027</posy>
                        <width>360</width>
                        <height>25</height>
                        <label>$VAR[SeekLabel]</label>
                        <scroll>false</scroll>
                        <textcolor>aawhite</textcolor>
                        <font>Font-Condensed-S34</font>
                        <align>right</align>
                        <visible>Player.Seeking | Player.DisplayAfterSeek | Player.Forwarding | Player.Rewinding</visible>
                        <animation easing="inout" effect="fade" end="100" start="0" time="400" tween="sine">Visible</animation>
                        <animation effect="fade" end="0" start="100" time="0">Hidden</animation>
                    </control>
                </control>
                <control type="group">
                    <visible>Window.IsActive(visualisation) + [Player.ShowInfo | Player.Paused] + !Window.IsActive(musicosd)</visible>
                    <animation reversible="false" type="Visible">
                        <effect type="fade" start="0" end="100" time="300" tween="sine" easing="inout" delay="150" />
                    </animation>
                    <animation type="Hidden" reversible="false">
                        <effect type="fade" start="100" end="0" time="200" tween="sine" easing="out" />
                    </animation>
                    <control type="group">
                        <posy>117</posy>
                        <control type="grouplist">
                            <posx>1520</posx>
                            <posy>916</posy>
                            <width>300</width>
                            <orientation>horizontal</orientation>
                            <itemgap>10</itemgap>
                            <align>right</align>
                            <control type="image">
                                <posx>0</posx>
                                <posy>0</posy>
                                <width>88</width>
                                <height>38</height>
                                <colordiffuse>bbwhite</colordiffuse>
                                <texture fallback="flags/audioosd/na.png">$INFO[MusicPlayer.Codec,flags/audio/osd/,.png]</texture>
                            </control>
                            <control type="image">
                                <posx>0</posx>
                                <posy>0</posy>
                                <width>88</width>
                                <height>38</height>
                                <colordiffuse>bbwhite</colordiffuse>
                                <texture>$INFO[MusicPlayer.Channels,flags/audio/osd/channels/,.png]</texture>
                                <include>visiblehidefadeflags</include>
                                <visible>!String.IsEmpty(MusicPlayer.Channels)</visible>
                            </control>
                        </control>
                        <control type="label">
                            <posx>360</posx>
                            <posy>818</posy>
                            <width>1360</width>
                            <height>56</height>
                            <label>[UPPERCASE]$LOCALIZE[13350][/UPPERCASE]</label>
                            <textcolor>99FFFFFF</textcolor>
                            <font>Font-Condensed-S50</font>
                            <align>left</align>
                            <aligny>center</aligny>
                            <scroll>false</scroll>
                            <visible>!Pvr.IsPlayingRadio + !Player.Paused</visible>
                        </control>
                        <control type="label">
                            <posx>360</posx>
                            <posy>818</posy>
                            <width>1360</width>
                            <height>56</height>
                            <label>[UPPERCASE]$LOCALIZE[112][/UPPERCASE]</label>
                            <textcolor>99FFFFFF</textcolor>
                            <font>Font-Condensed-S50</font>
                            <align>left</align>
                            <aligny>center</aligny>
                            <scroll>false</scroll>
                            <visible>!Pvr.IsPlayingRadio + Player.Paused</visible>
                        </control>
                        <control type="grouplist">
                            <posx>360</posx>
                            <posy>779</posy>
                            <width>1300</width>
                            <height>100</height>
                            <orientation>horizontal</orientation>
                            <itemgap>0</itemgap>
                            <visible>Pvr.IsPlayingRadio</visible>
                            <usecontrolcoords>true</usecontrolcoords>
                            <control type="label">
                                <posx>0</posx>
                                <posy>0</posy>
                                <width min="0" max="400">auto</width>
                                <height>100</height>
                                <label>[B]$INFO[MusicPlayer.ChannelNumberLabel][/B]</label>
                                <textcolor>99FFFFFF</textcolor>
                                <font>Font-Condensed-S100</font>
                                <align>left</align>
                                <aligny>center</aligny>
                                <scroll>false</scroll>
                            </control>
                            <control type="label">
                                <posx>0</posx>
                                <posy>17</posy>
                                <width>900</width>
                                <height>100</height>
                                <label>[UPPERCASE]$INFO[MusicPlayer.ChannelName, ,][/UPPERCASE]</label>
                                <textcolor>99FFFFFF</textcolor>
                                <font>Font-Condensed-S50</font>
                                <align>left</align>
                                <aligny>center</aligny>
                                <scroll>false</scroll>
                            </control>
                        </control>
                        <control type="group">
                            <posy>825</posy>
                            <control type="group">
                                <visible>Skin.HasSetting(CDArt.Enabled)</visible>
                                <control type="image">
                                    <posx>100</posx>
                                    <posy>-10</posy>
                                    <width>236</width>
                                    <height>236</height>
                                    <texture>osd/fullscreen/cd.png</texture>
                                    <animation effect="rotate" center="auto" start="360" end="0" time="2500" loop="true" condition="!Player.Paused">Conditional</animation>
                                </control>
                                <control type="image">
                                    <posx>108</posx>
                                    <posy>-2</posy>
                                    <width>220</width>
                                    <height>220</height>
                                    <texture diffuse="osd/fullscreen/cd-diffuse.png" background="true">$INFO[Player.FolderPath,,cdart.png]</texture>
                                    <animation effect="rotate" center="auto" start="360" end="0" time="2500" loop="true" condition="!Player.Paused">Conditional</animation>
                                </control>
                            </control>
                            <control type="image">
                                <posx>80</posx>
                                <posy>27</posy>
                                <width>276</width>
                                <height>276</height>
                                <texture background="true" fallback="views/fallbacks/DefaultAudio.png/square-small.png">$INFO[Player.Art(thumb)]</texture>
                                <bordertexture border="30">osd/fullscreen/cover-shadow.png</bordertexture>
                                <bordersize>20</bordersize>
                                <aspectratio>scale</aspectratio>
                            </control>
                            <control type="button">
                                <posx>360</posx>
                                <posy>83</posy>
                                <width>1320</width>
                                <height>56</height>
                                <label>$INFO[MusicPlayer.PlaylistPosition,,. ]$INFO[MusicPlayer.Title]</label>
                                <label2>$INFO[MusicPlayer.Rating,★ ,.0]</label2>
                                <disabledcolor>bbwhite</disabledcolor>
                                <font>Font-Condensed-S50-B</font>
                                <align>left</align>
                                <aligny>center</aligny>
                                <enable>false</enable>
                            </control>
                            <control type="label">
                                <posx>360</posx>
                                <posy>145</posy>
                                <width>1460</width>
                                <height>44</height>
                                <label>$INFO[MusicPlayer.Artist]$INFO[MusicPlayer.Album, • ,]$INFO[MusicPlayer.Year, • ,]</label>
                                <textcolor>aawhite</textcolor>
                                <font>Font-Condensed-S36-B</font>
                                <align>left</align>
                                <aligny>center</aligny>
                                <scroll>false</scroll>
                            </control>
                            <control type="label">
                                <posx>360</posx>
                                <posy>193</posy>
                                <width>1460</width>
                                <height>44</height>
                                <label>$INFO[MusicPlayer.Genre]</label>
                                <textcolor>88FFFFFF</textcolor>
                                <font>Font-Condensed-S36</font>
                                <align>left</align>
                                <aligny>center</aligny>
                                <scroll>false</scroll>
                            </control>
                            <control type="label">
                                <posx>360</posx>
                                <posy>241</posy>
                                <width>1460</width>
                                <height>44</height>
                                <label>$INFO[MusicPlayer.Offset(1).Artist,$LOCALIZE[19031]: ,]$INFO[MusicPlayer.Offset(1).Title, - ,]</label>
                                <textcolor>88FFFFFF</textcolor>
                                <font>Font-Condensed-S36</font>
                                <align>left</align>
                                <aligny>center</aligny>
                                <scroll>false</scroll>
                                <visible>MusicPlayer.HasNext</visible>
                            </control>
                        </control>
                    </control>
                </control>
                <control type="group">
                    <visible>Window.IsActive(fullscreenvideo) + [Player.ShowInfo | Window.IsVisible(fullscreeninfo)] + !Window.IsActive(videoosd)</visible>
                    <animation type="Visible" reversible="false">
                        <effect type="fade" start="0" end="100" time="300" tween="sine" easing="inout" delay="150" />
                    </animation>
                    <animation reversible="false" type="Hidden">
                        <effect easing="out" end="0" start="100" time="200" tween="sine" type="fade"/>
                    </animation>
                    <control type="group">
                        <posy>117</posy>
                        <control type="group">
                            <visible>String.IsEmpty(Window.Property(ExtendPlot))</visible>
                            <include>visiblehidefadeinfo</include>
                            <control type="grouplist">
                                <posx>1520</posx>
                                <posy>916</posy>
                                <width>300</width>
                                <orientation>horizontal</orientation>
                                <itemgap>10</itemgap>
                                <align>right</align>
                                <control type="image">
                                    <posx>0</posx>
                                    <posy>0</posy>
                                    <width>55</width>
                                    <height>38</height>
                                    <colordiffuse>bbwhite</colordiffuse>
                                    <texture>flags/other/3d-osd.png</texture>
                                    <include>visiblehidefadeflags</include>
                                    <visible>String.Contains(Player.FileNameAndPath,.3D.) | String.Contains(Player.FileNameAndPath,-3D.)</visible>
                                </control>
                                <control type="image">
                                    <posx>0</posx>
                                    <posy>0</posy>
                                    <width>104</width>
                                    <height>38</height>
                                    <colordiffuse>bbwhite</colordiffuse>
                                    <texture>$INFO[VideoPlayer.VideoResolution,flags/res/osd/,.png]</texture>
                                    <include>visiblehidefadeflags</include>
                                    <visible>!String.IsEmpty(VideoPlayer.VideoResolution)</visible>
                                </control>
                                <control type="image">
                                    <posx>0</posx>
                                    <posy>0</posy>
                                    <width>88</width>
                                    <height>38</height>
                                    <colordiffuse>bbwhite</colordiffuse>
                                    <texture>$INFO[VideoPlayer.AudioCodec,flags/audio/osd/,.png]</texture>
                                    <include>visiblehidefadeflags</include>
                                    <visible>!String.IsEmpty(VideoPlayer.AudioCodec)</visible>
                                </control>
                                <control type="image">
                                    <posx>0</posx>
                                    <posy>0</posy>
                                    <width>88</width>
                                    <height>38</height>
                                    <colordiffuse>bbwhite</colordiffuse>
                                    <texture>$INFO[VideoPlayer.AudioChannels,flags/audio/osd/channels/,.png]</texture>
                                    <include>visiblehidefadeflags</include>
                                    <visible>!String.IsEmpty(VideoPlayer.AudioChannels)</visible>
                                </control>
                            </control>
                            <control type="label">
                                <posx>360</posx>
                                <posy>818</posy>
                                <width>1300</width>
                                <height>56</height>
                                <label>[UPPERCASE]$LOCALIZE[31372][/UPPERCASE]</label>
                                <textcolor>99FFFFFF</textcolor>
                                <font>Font-Condensed-S50</font>
                                <align>left</align>
                                <aligny>center</aligny>
                                <scroll>false</scroll>
                                <visible>!VideoPlayer.Content(LiveTV) + !Player.Paused</visible>
                            </control>
                            <control type="label">
                                <posx>360</posx>
                                <posy>818</posy>
                                <width>1300</width>
                                <height>56</height>
                                <label>[UPPERCASE]$LOCALIZE[112][/UPPERCASE]</label>
                                <textcolor>99FFFFFF</textcolor>
                                <font>Font-Condensed-S50</font>
                                <align>left</align>
                                <aligny>center</aligny>
                                <scroll>false</scroll>
                                <visible>!VideoPlayer.Content(LiveTV) + Player.Paused</visible>
                            </control>
                            <control type="grouplist">
                                <posx>360</posx>
                                <posy>779</posy>
                                <width>1300</width>
                                <height>100</height>
                                <orientation>horizontal</orientation>
                                <itemgap>0</itemgap>
                                <visible>VideoPlayer.Content(LiveTV)</visible>
                                <usecontrolcoords>true</usecontrolcoords>
                                <control type="label">
                                    <posx>0</posx>
                                    <posy>0</posy>
                                    <width max="400" min="0">auto</width>
                                    <height>100</height>
                                    <label>[B]$INFO[VideoPlayer.ChannelNumberLabel][/B]</label>
                                    <textcolor>99FFFFFF</textcolor>
                                    <font>Font-Condensed-S100</font>
                                    <align>left</align>
                                    <aligny>center</aligny>
                                    <scroll>false</scroll>
                                </control>
                                <control type="label">
                                    <posx>0</posx>
                                    <posy>17</posy>
                                    <width>900</width>
                                    <height>100</height>
                                    <label>[UPPERCASE]$INFO[VideoPlayer.ChannelName, ,][/UPPERCASE]</label>
                                    <textcolor>99FFFFFF</textcolor>
                                    <font>Font-Condensed-S50</font>
                                    <align>left</align>
                                    <aligny>center</aligny>
                                    <scroll>false</scroll>
                                </control>
                            </control>
                        </control>
                        <control type="group">
                            <posy>825</posy>
                            <visible>VideoPlayer.Content(Movies)</visible>
                            <control type="image">
                                <posx>80</posx>
                                <posy>-35</posy>
                                <width>276</width>
                                <height>394</height>
                                <texture background="true" fallback="views/fallbacks/DefaultVideo.png/medium.png">$INFO[Player.Art(thumb)]</texture>
                                <bordertexture border="30">osd/fullscreen/cover-shadow.png</bordertexture>
                                <bordersize>20</bordersize>
                                <aspectratio align="right">keep</aspectratio>
                            </control>
                            <control type="label">
                                <posx>360</posx>
                                <posy>83</posy>
                                <width>1140</width>
                                <height>56</height>
                                <label>$INFO[VideoPlayer.Title]</label>
                                <textcolor>bbwhite</textcolor>
                                <font>Font-Condensed-S50-B</font>
                                <align>left</align>
                                <aligny>center</aligny>
                                <scroll>false</scroll>
                                <animation condition="!String.IsEmpty(Window.Property(ExtendPlot))" easing="inout" effect="slide" end="0,-90" time="300" tween="cubic">Conditional</animation>
                            </control>
                            <control type="group">
                                <visible>String.IsEmpty(Window.Property(ExtendPlot))</visible>
                                <include>visiblehidefadeinfo</include>
                                <control type="button">
                                    <posx>360</posx>
                                    <posy>142</posy>
                                    <width>1460</width>
                                    <height>44</height>
                                    <label>$INFO[VideoPlayer.Year]$INFO[VideoPlayer.Genre, • ,]</label>
                                    <label2>$INFO[VideoPlayer.Rating, ★ ,]</label2>
                                    <disabledcolor>88FFFFFF</disabledcolor>
                                    <font>Font-Condensed-S36</font>
                                    <align>left</align>
                                    <aligny>center</aligny>
                                    <enable>false</enable>
                                    <visible>!String.IsEmpty(VideoPlayer.Year) + !String.IsEmpty(VideoPlayer.Genre)</visible>
                                </control>
                                <control type="button">
                                    <posx>360</posx>
                                    <posy>142</posy>
                                    <width>1460</width>
                                    <height>44</height>
                                    <label>$INFO[VideoPlayer.Year]$INFO[VideoPlayer.Genre]</label>
                                    <label2>$INFO[VideoPlayer.Rating, ★ ,]</label2>
                                    <disabledcolor>88FFFFFF</disabledcolor>
                                    <font>Font-Condensed-S36</font>
                                    <align>left</align>
                                    <aligny>center</aligny>
                                    <enable>false</enable>
                                    <visible>String.IsEmpty(VideoPlayer.Year) | String.IsEmpty(VideoPlayer.Genre)</visible>
                                </control>
                                <control type="textbox">
                                    <posx>360</posx>
                                    <posy>192</posy>
                                    <width>1460</width>
                                    <height>90</height>
                                    <label>$INFO[VideoPlayer.Plot]</label>
                                    <textcolor>aawhite</textcolor>
                                    <font>Font-Condensed-S32</font>
                                    <align>justify</align>
                                    <autoscroll delay="11500" repeat="7500" time="5000">!Skin.HasSetting(AutoScroll.Disable)</autoscroll>
                                </control>
                            </control>
                        </control>
                        <control type="group">
                            <posy>825</posy>
                            <visible>VideoPlayer.Content(Episodes)</visible>
                            <control type="image">
                                <posx>80</posx>
                                <posy>-35</posy>
                                <width>276</width>
                                <height>394</height>
                                <texture background="true" fallback="views/fallbacks/DefaultVideo.png/medium.png">$INFO[Player.Art(tvshow.poster)]</texture>
                                <bordertexture border="30">osd/fullscreen/cover-shadow.png</bordertexture>
                                <bordersize>20</bordersize>
                                <aspectratio align="right">keep</aspectratio>
                            </control>
                            <control type="label">
                                <posx>360</posx>
                                <posy>83</posy>
                                <width>1140</width>
                                <height>56</height>
                                <label>$INFO[VideoPlayer.Episode,,. ]$INFO[VideoPlayer.Title]</label>
                                <textcolor>bbwhite</textcolor>
                                <font>Font-Condensed-S50-B</font>
                                <align>left</align>
                                <aligny>center</aligny>
                                <scroll>false</scroll>
                                <animation condition="!String.IsEmpty(Window.Property(ExtendPlot))" easing="inout" effect="slide" end="0,-90" time="300" tween="cubic">Conditional</animation>
                            </control>
                            <control type="group">
                                <visible>String.IsEmpty(Window.Property(ExtendPlot))</visible>
                                <include>visiblehidefadeinfo</include>
                                <control type="button">
                                    <posx>360</posx>
                                    <posy>142</posy>
                                    <width>1460</width>
                                    <height>44</height>
                                    <label>$INFO[VideoPlayer.TVShowTitle]$INFO[VideoPlayer.Season, • $LOCALIZE[20373] ,]</label>
                                    <label2>$INFO[VideoPlayer.Rating, ★ ,]</label2>
                                    <disabledcolor>88FFFFFF</disabledcolor>
                                    <font>Font-Condensed-S36</font>
                                    <align>left</align>
                                    <aligny>center</aligny>
                                    <enable>false</enable>
                                </control>
                                <control type="textbox">
                                    <posx>360</posx>
                                    <posy>192</posy>
                                    <width>1460</width>
                                    <height>90</height>
                                    <label>$INFO[VideoPlayer.Plot]</label>
                                    <textcolor>aawhite</textcolor>
                                    <font>Font-Condensed-S32</font>
                                    <align>justify</align>
                                    <autoscroll delay="11500" repeat="7500" time="5000">!Skin.HasSetting(AutoScroll.Disable)</autoscroll>
                                </control>
                            </control>
                        </control>
                        <control type="group">
                            <posy>825</posy>
                            <visible>VideoPlayer.Content(LiveTV)</visible>
                            <control type="image">
                                <posx>100</posx>
                                <posy>87</posy>
                                <width>236</width>
                                <height>236</height>
                                <texture background="true">$INFO[Player.Art(thumb)]</texture>
                                <aspectratio aligny="top">keep</aspectratio>
                            </control>
                            <control type="label">
                                <posx>360</posx>
                                <posy>83</posy>
                                <width>1140</width>
                                <height>56</height>
                                <label>$VAR[OSDTitle]</label>
                                <textcolor>bbwhite</textcolor>
                                <font>Font-Condensed-S50-B</font>
                                <align>left</align>
                                <aligny>center</aligny>
                                <scroll>false</scroll>
                                <animation condition="!String.IsEmpty(Window.Property(ExtendPlot))" easing="inout" effect="slide" end="0,-90" time="300" tween="cubic">Conditional</animation>
                            </control>
                            <control type="group">
                                <visible>String.IsEmpty(Window.Property(ExtendPlot))</visible>
                                <include>visiblehidefadeinfo</include>
                                <control type="label">
                                    <posx>360</posx>
                                    <posy>142</posy>
                                    <width>1160</width>
                                    <height>44</height>
                                    <label>$VAR[OSDNextTitle]</label>
                                    <textcolor>88FFFFFF</textcolor>
                                    <font>Font-Condensed-S36</font>
                                    <align>left</align>
                                    <aligny>center</aligny>
                                    <scroll>false</scroll>
                                </control>
                                <control type="textbox">
                                    <posx>360</posx>
                                    <posy>192</posy>
                                    <width>1460</width>
                                    <height>90</height>
                                    <label>$VAR[OSDPlot]</label>
                                    <textcolor>aawhite</textcolor>
                                    <font>Font-Condensed-S32</font>
                                    <align>justify</align>
                                    <autoscroll delay="11500" repeat="7500" time="5000">!Skin.HasSetting(AutoScroll.Disable)</autoscroll>
                                </control>
                            </control>
                        </control>
                        <control type="group">
                            <visible>!VideoPlayer.Content(Movies) + !VideoPlayer.Content(Episodes) + !VideoPlayer.Content(LiveTV)</visible>
                            <posy>825</posy>
                            <control type="image">
                                <posx>80</posx>
                                <posy>-35</posy>
                                <width>276</width>
                                <height>394</height>
                                <bordersize>20</bordersize>
                                <bordertexture border="30">osd/fullscreen/cover-shadow.png</bordertexture>
                                <texture background="true" fallback="views/fallbacks/DefaultVideo.png/medium.png">$INFO[VideoPlayer.Cover]</texture>
                                <aspectratio align="right">keep</aspectratio>
                            </control>
                            <control type="label">
                                <posx>360</posx>
                                <posy>83</posy>
                                <width>1140</width>
                                <height>56</height>
                                <label>$INFO[VideoPlayer.Title]</label>
                                <textcolor>bbwhite</textcolor>
                                <font>Font-Condensed-S50-B</font>
                                <align>left</align>
                                <aligny>center</aligny>
                                <scroll>false</scroll>
                            </control>
                            <control type="grouplist">
                                <posx>360</posx>
                                <posy>145</posy>
                                <width>1460</width>
                                <height>142</height>
                                <itemgap>4</itemgap>
                                <control type="label">
                                    <posx>0</posx>
                                    <posy>0</posy>
                                    <width>1460</width>
                                    <height>44</height>
                                    <label>$INFO[VideoPlayer.Artist]</label>
                                    <textcolor>99FFFFFF</textcolor>
                                    <font>Font-Condensed-S36-B</font>
                                    <align>left</align>
                                    <aligny>center</aligny>
                                    <scroll>false</scroll>
                                    <visible>!String.IsEmpty(VideoPlayer.Artist)</visible>
                                </control>
                                <control type="label">
                                    <posx>0</posx>
                                    <posy>0</posy>
                                    <width>1460</width>
                                    <height>44</height>
                                    <label>$INFO[VideoPlayer.Album]</label>
                                    <textcolor>99FFFFFF</textcolor>
                                    <font>Font-Condensed-S36-B</font>
                                    <align>left</align>
                                    <aligny>center</aligny>
                                    <scroll>false</scroll>
                                    <visible>!String.IsEmpty(VideoPlayer.Album)</visible>
                                </control>
                                <control type="label">
                                    <posx>0</posx>
                                    <posy>0</posy>
                                    <width>1460</width>
                                    <height>44</height>
                                    <label>$INFO[Player.FolderPath]</label>
                                    <textcolor>88FFFFFF</textcolor>
                                    <font>Font-Condensed-S36</font>
                                    <align>left</align>
                                    <aligny>center</aligny>
                                    <autoscroll delay="11500" repeat="7500" time="5000">!Skin.HasSetting(AutoScroll.Disable)</autoscroll>
                                    <visible>Skin.HasSetting(OSD.HideFileStreamPath)</visible>
                                </control>
                                <control type="textbox">
                                    <posx>360</posx>
                                    <posy>192</posy>
                                    <width>1460</width>
                                    <height>90</height>
                                    <label>$INFO[VideoPlayer.Plot]</label>
                                    <textcolor>aawhite</textcolor>
                                    <font>Font-Condensed-S32</font>
                                    <align>justify</align>
                                    <visible>!String.IsEmpty(VideoPlayer.Plot) + Skin.HasSetting(OSD.HideFileStreamPath)</visible>
                                    <autoscroll delay="11500" repeat="7500" time="5000">!Skin.HasSetting(AutoScroll.Disable)</autoscroll>
                                </control>
                                <control type="textbox">
                                    <posx>360</posx>
                                    <posy>192</posy>
                                    <width>1460</width>
                                    <height>135</height>
                                    <label>$INFO[VideoPlayer.Plot]</label>
                                    <textcolor>aawhite</textcolor>
                                    <font>Font-Condensed-S32</font>
                                    <align>justify</align>
                                    <visible>!String.IsEmpty(VideoPlayer.Plot) + !Skin.HasSetting(OSD.HideFileStreamPath)</visible>
                                    <autoscroll delay="11500" repeat="7500" time="5000">!Skin.HasSetting(AutoScroll.Disable)</autoscroll>
                                </control>
                            </control>
                        </control>
                    </control>
                </control>
            </control>
        </control>
    </controls>
</window>
