<?xml version="1.0" encoding="UTF-8"?>
<window>
	<zorder>3</zorder>
	<defaultcontrol always="true">9000</defaultcontrol>

	<controls>
		<control type="group">
			<posx>0</posx>
			<posy>0</posy>
			<include>NowPlayingFullscreen</include>

			<control type="image">
				<include>FullscreenDimensions</include>
				<texture>osd/fullscreen/osdsettings.png</texture>
				<aspectratio>stretch</aspectratio>
			</control>

			<control type="image">
				<include>FullscreenDimensions</include>
				<texture>osd/fullscreen/osdsettings-separators.png</texture>
				<aspectratio>stretch</aspectratio>
			</control>

			<control type="label">
				<description>EQ Header</description>
				<posx>510</posx>
				<posy>245</posy>
				<width>900</width>
				<height>34</height>
				<label>$ADDON[adsp.freesurround 30011]</label>
				<align>center</align>
				<font>Font-Condensed-S34-B</font>
				<textcolor>bbwhite</textcolor>
				<shadowcolor>66000000</shadowcolor>
			</control>

			<control type="grouplist" id="9000">
				<description>General Options list</description>
				<posx>420</posx>
				<posy>294</posy>
				<width>1080</width>
				<height>533</height>
				<itemgap>-1</itemgap>
				<orientation>vertical</orientation>
				<onup>9001</onup>
				<ondown>9001</ondown>
				<control type="sliderex" id="41">
					<description>Circular wrap</description>
					<height>77</height>
					<width>1080</width>
					<align>left</align>
					<aligny>center</aligny>
					<texturefocus border="150,1,150,1">windows/settings/images/right-focus.png</texturefocus>
					<texturenofocus>-</texturenofocus>
					<textcolor>96FFFFFF</textcolor>
					<focusedcolor>white</focusedcolor>
					<disabledcolor>40FFFFFF</disabledcolor>
					<font>Font-Condensed-S30-B</font>
					<textoffsetx>35</textoffsetx>
					<sliderwidth>300</sliderwidth>
					<sliderheight>35</sliderheight>
					<texturesliderbar border="22,1,22,1">buttons/osd/slider_back.png</texturesliderbar>
					<textureslidernib>buttons/osd/orb_nofo.png</textureslidernib>
					<textureslidernibfocus>buttons/osd/orb_fo.png</textureslidernibfocus>
					<label>$ADDON[adsp.freesurround 30018]</label>
				</control>
				<control type="sliderex" id="42">
					<description>Shift</description>
					<height>77</height>
					<width>1080</width>
					<align>left</align>
					<aligny>center</aligny>
					<texturefocus border="150,1,150,1">windows/settings/images/right-focus.png</texturefocus>
					<texturenofocus>-</texturenofocus>
					<textcolor>96FFFFFF</textcolor>
					<focusedcolor>white</focusedcolor>
					<disabledcolor>40FFFFFF</disabledcolor>
					<font>Font-Condensed-S30-B</font>
					<textoffsetx>35</textoffsetx>
					<sliderwidth>300</sliderwidth>
					<sliderheight>35</sliderheight>
					<texturesliderbar border="22,1,22,1">buttons/osd/slider_back.png</texturesliderbar>
					<textureslidernib>buttons/osd/orb_nofo.png</textureslidernib>
					<textureslidernibfocus>buttons/osd/orb_fo.png</textureslidernibfocus>
					<label>$ADDON[adsp.freesurround 30020]</label>
				</control>
				<control type="sliderex" id="43">
					<description>Depth</description>
					<height>77</height>
					<width>1080</width>
					<align>left</align>
					<aligny>center</aligny>
					<texturefocus border="150,1,150,1">windows/settings/images/right-focus.png</texturefocus>
					<texturenofocus>-</texturenofocus>
					<textcolor>96FFFFFF</textcolor>
					<focusedcolor>white</focusedcolor>
					<disabledcolor>40FFFFFF</disabledcolor>
					<font>Font-Condensed-S30-B</font>
					<textoffsetx>35</textoffsetx>
					<sliderwidth>300</sliderwidth>
					<sliderheight>35</sliderheight>
					<texturesliderbar border="22,1,22,1">buttons/osd/slider_back.png</texturesliderbar>
					<textureslidernib>buttons/osd/orb_nofo.png</textureslidernib>
					<textureslidernibfocus>buttons/osd/orb_fo.png</textureslidernibfocus>
					<label>$ADDON[adsp.freesurround 30013]</label>
				</control>
				<control type="sliderex" id="44">
					<description>Focus</description>
					<height>77</height>
					<width>1080</width>
					<align>left</align>
					<aligny>center</aligny>
					<texturefocus border="150,1,150,1">windows/settings/images/right-focus.png</texturefocus>
					<texturenofocus>-</texturenofocus>
					<textcolor>96FFFFFF</textcolor>
					<focusedcolor>white</focusedcolor>
					<disabledcolor>40FFFFFF</disabledcolor>
					<font>Font-Condensed-S30-B</font>
					<textoffsetx>35</textoffsetx>
					<sliderwidth>300</sliderwidth>
					<sliderheight>35</sliderheight>
					<texturesliderbar border="22,1,22,1">buttons/osd/slider_back.png</texturesliderbar>
					<textureslidernib>buttons/osd/orb_nofo.png</textureslidernib>
					<textureslidernibfocus>buttons/osd/orb_fo.png</textureslidernibfocus>
					<label>$ADDON[adsp.freesurround 30014]</label>
				</control>
				<control type="sliderex" id="45">
					<description>front seperation</description>
					<height>77</height>
					<width>1080</width>
					<align>left</align>
					<aligny>center</aligny>
					<texturefocus border="150,1,150,1">windows/settings/images/right-focus.png</texturefocus>
					<texturenofocus>-</texturenofocus>
					<textcolor>96FFFFFF</textcolor>
					<focusedcolor>white</focusedcolor>
					<disabledcolor>40FFFFFF</disabledcolor>
					<font>Font-Condensed-S30-B</font>
					<textoffsetx>35</textoffsetx>
					<sliderwidth>300</sliderwidth>
					<sliderheight>35</sliderheight>
					<texturesliderbar border="22,1,22,1">buttons/osd/slider_back.png</texturesliderbar>
					<textureslidernib>buttons/osd/orb_nofo.png</textureslidernib>
					<textureslidernibfocus>buttons/osd/orb_fo.png</textureslidernibfocus>
					<label>$ADDON[adsp.freesurround 30016]</label>
				</control>
				<control type="sliderex" id="46">
					<description>rear seperation</description>
					<height>77</height>
					<width>1080</width>
					<align>left</align>
					<aligny>center</aligny>
					<texturefocus border="150,1,150,1">windows/settings/images/right-focus.png</texturefocus>
					<texturenofocus>-</texturenofocus>
					<textcolor>96FFFFFF</textcolor>
					<focusedcolor>white</focusedcolor>
					<disabledcolor>40FFFFFF</disabledcolor>
					<font>Font-Condensed-S30-B</font>
					<textoffsetx>35</textoffsetx>
					<sliderwidth>300</sliderwidth>
					<sliderheight>35</sliderheight>
					<texturesliderbar border="22,1,22,1">buttons/osd/slider_back.png</texturesliderbar>
					<textureslidernib>buttons/osd/orb_nofo.png</textureslidernib>
					<textureslidernibfocus>buttons/osd/orb_fo.png</textureslidernibfocus>
					<label>$ADDON[adsp.freesurround 30017]</label>
				</control>
			</control>

			<control type="group" id="9001">
				<posx>440</posx>
				<posy>834</posy>
				<control type="button" id="1">
					<description>Ok Button</description>
					<posx>0</posx>
					<posy>0</posy>
					<width>100</width>
					<height>100</height>
					<texturenofocus border="100,0,0,0">buttons/select-nf.png</texturenofocus>
					<texturefocus border="100,0,0,0">buttons/select-fo.png</texturefocus>
					<onup>9000</onup>
					<onleft>5</onleft>
					<onright>2</onright>
					<ondown>9000</ondown>
				</control>
				<control type="button" id="2">
					<description>Cancel Button</description>
					<posx>60</posx>
					<posy>0</posy>
					<width>100</width>
					<height>100</height>
					<texturenofocus border="100,0,0,0">buttons/cancel-nf.png</texturenofocus>
					<texturefocus border="100,0,0,0">buttons/cancel-fo.png</texturefocus>
					<onup>9000</onup>
					<onleft>1</onleft>
					<onright>5</onright>
					<ondown>9000</ondown>
				</control>
				<control type="button" id="5">
					<description>Default Button</description>
					<posx>940</posx>
					<posy>0</posy>
					<width>100</width>
					<height>100</height>
					<texturenofocus border="100,0,0,0">buttons/options-nf.png</texturenofocus>
					<texturefocus border="100,0,0,0">buttons/options-fo.png</texturefocus>
					<onup>9000</onup>
					<onleft>2</onleft>
					<onright>1</onright>
					<ondown>9000</ondown>
				</control>
			</control>
		</control>
	</controls>
</window>
