<?xml version="1.0" encoding="UTF-8"?>
<window>
    <depth>DepthDialog+</depth>
    <controls>
        <!-- yesno + ok dialog -->
        <control type="group">
            <visible>Window.IsActive(yesnodialog) | Window.IsActive(okdialog)</visible>
            <animation type="WindowOpen" condition="Window.IsVisible(selectdialog) | Window.IsVisible(DialogSelect.xml) | Window.IsVisible(3004) | Window.IsVisible(script-RSS_Editor-setEditor.xml) | Window.IsVisible(pvrguideinfo) | Window.IsVisible(pvrchannelmanager) | Window.IsVisible(pvrgroupmanager)" reversible="false">
                <effect type="fade" start="0" end="100" time="0" delay="300" />
            </animation>
            <include condition="Window.IsActive(fullscreenvideo) | Window.IsActive(visualisation)">FadeBackgroundDialog</include>
            <control type="group">
                <include>KeyboardAnimations</include>
                <control type="group">
                    <posx>590</posx>
                    <posy>440</posy>
                    <control type="image">
                        <posx>330</posx>
                        <posy>13</posy>
                        <width>80</width>
                        <height>60</height>
                        <texture>dialogs/default/arrow.png</texture>
                    </control>
                    <control type="image">
                        <posx>42</posx>
                        <posy>33</posy>
                        <width>656</width>
                        <height>154</height>
                        <texture border="39">dialogs/default/bg.png</texture>
                        <visible>Window.IsActive(yesnodialog)</visible>
                    </control>
                    <control type="image">
                        <posx>178</posx>
                        <posy>33</posy>
                        <width>384</width>
                        <height>154</height>
                        <texture border="39">dialogs/default/bg.png</texture>
                        <visible>Window.IsActive(okdialog)</visible>
                    </control>
                    <control type="grouplist" id="9000">
                        <posx>71</posx>
                        <posy>65</posy>
                        <width>600</width>
                        <height>90</height>
                        <align>center</align>
                        <itemgap>0</itemgap>
                        <orientation>horizontal</orientation>
                        <control type="button" id="11">
                            <description>Ok button</description>
                            <width>300</width>
                            <height>90</height>
                            <onleft>10</onleft>
                            <onright>10</onright>
                            <align>center</align>
                            <font>Font-Condensed-S34-B</font>
                            <label>107</label>
                            <texturefocus border="20">dialogs/keyboard/donefocus.png</texturefocus>
                            <texturenofocus border="20">dialogs/keyboard/key-nf.png</texturenofocus>
                            <textcolor>KeyboardGrey</textcolor>
                            <focusedcolor>eewhite</focusedcolor>
                            <selectedcolor>eewhite</selectedcolor>
                        </control>
                        <control type="button" id="10">
                            <description>Cancel button</description>
                            <width>300</width>
                            <height>90</height>
                            <onleft>11</onleft>
                            <onright>11</onright>
                            <align>center</align>
                            <font>Font-Condensed-S34-B</font>
                            <label>106</label>
                            <texturefocus border="20">dialogs/keyboard/cancelfocus.png</texturefocus>
                            <texturenofocus border="20">dialogs/keyboard/key-nf.png</texturenofocus>
                            <textcolor>KeyboardGrey</textcolor>
                            <focusedcolor>eewhite</focusedcolor>
                            <selectedcolor>eewhite</selectedcolor>
                        </control>
                        <control type="button" id="12">
                            <description>Custom button</description>
                            <width>300</width>
                            <height>90</height>
                            <onleft>11</onleft>
                            <onright>11</onright>
                            <align>center</align>
                            <font>Font-Condensed-S34-B</font>
                            <label>106</label>
                            <texturefocus border="20">dialogs/keyboard/key-fo.png</texturefocus>
                            <texturenofocus border="20">dialogs/keyboard/key-nf.png</texturenofocus>
                            <textcolor>KeyboardGrey</textcolor>
                            <focusedcolor>eewhite</focusedcolor>
                            <selectedcolor>eewhite</selectedcolor>
                        </control>
                    </control>
                </control>
                <control type="label" id="1">
                    <description>Dialog Header</description>
                    <posx>460</posx>
                    <posy>247</posy>
                    <width>1000</width>
                    <height>22</height>
                    <font>Font-Condensed-S34</font>
                    <align>center</align>
                    <textcolor>77FFFFFF</textcolor>
                </control>
                <control type="textbox" id="9">
                    <description>Text</description>
                    <posx>100</posx>
                    <posy>287</posy>
                    <width>1720</width>
                    <font>Font-Condensed-S40</font>
                    <align>center</align>
                    <label>-</label>
                    <textcolor>white</textcolor>
                </control>
            </control>
        </control>
        <!-- progress dialog -->
        <control type="group">
            <visible>Window.IsActive(progressdialog)</visible>
            <animation type="WindowOpen" condition="Window.IsVisible(3004) | Window.IsVisible(selectdialog) | Window.IsVisible(addonsettings) | Window.IsVisible(pvrchannelmanager)" reversible="false">
                <effect type="fade" start="0" end="100" time="0" delay="300" />
            </animation>
            <control type="group">
                <animation type="WindowOpen" reversible="false">
                    <effect type="zoom" start="75" end="100" center="960,540" easing="out" tween="back" time="300" />
                    <effect type="fade" start="0" end="100" time="175" />
                </animation>
                <animation type="WindowClose" reversible="false">
                    <effect type="zoom" start="100" end="75" center="960,540" easing="in" tween="back" time="300" />
                    <effect type="fade" start="100" end="0" delay="200" time="100" />
                </animation>
                <animation type="Visible" reversible="false">
                    <effect type="zoom" start="75" end="100" center="960,540" easing="out" tween="back" time="300" />
                    <effect type="fade" start="0" end="100" time="175" />
                </animation>
                <animation type="Hidden" reversible="false">
                    <effect type="zoom" start="100" end="75" center="960,540" easing="in" tween="back" time="300" />
                    <effect type="fade" start="100" end="0" delay="200" time="100" />
                </animation>
                <visible>!Window.IsVisible(virtualkeyboard) + !Window.IsVisible(selectdialog) + !Window.IsVisible(DialogSelect.xml) + !Window.IsVisible(yesnodialog) + !Window.IsVisible(okdialog) + String.IsEmpty(Window(3004).Property(ChooseArt))</visible>
                <control type="image">
                    <posx>602</posx>
                    <posy>345</posy>
                    <width>716</width>
                    <height>390</height>
                    <texture border="39">dialogs/default/bg.png</texture>
                </control>
                <control type="group">
                    <posx>900</posx>
                    <posy>437</posy>
                    <control type="image">
                        <description>background image</description>
                        <width>90</width>
                        <height>90</height>
                        <texture>dialogs/progress/loading-back.png</texture>
                    </control>
                    <control type="image">
                        <description>background image</description>
                        <width>90</width>
                        <height>90</height>
                        <texture>dialogs/progress/loading.png</texture>
                        <animation effect="rotate" center="auto" start="360" end="0" time="1500" loop="true" condition="true">Conditional</animation>
                    </control>
                </control>
                <control type="label" id="1">
                    <description>heading label</description>
                    <posx>650</posx>
                    <posy>381</posy>
                    <width>620</width>
                    <height>34</height>
                    <font>Font-Condensed-S30B</font>
                    <textcolor>FF585858</textcolor>
                    <shadowcolor>20FFFFFF</shadowcolor>
                    <align>left</align>
                </control>
                <control type="textbox" id="9">
                    <description>text</description>
                    <posx>650</posx>
                    <posy>550</posy>
                    <width>620</width>
                    <height>124</height>
                    <align>left</align>
                    <label>-</label>
                    <font>Font-Condensed-S30</font>
                    <textcolor>FF585858</textcolor>
                    <shadowcolor>20FFFFFF</shadowcolor>
                    <autoscroll time="3000" delay="4000" repeat="5000">true</autoscroll>
                </control>
                <control type="progress" id="20">
                    <description>Progressbar</description>
                    <posx>650</posx>
                    <posy>675</posy>
                    <width>620</width>
                    <height>25</height>
                    <info>System.Progressbar</info>
                    <reveal>true</reveal>
                    <texturebg>dialogs/progress/progress-back.png</texturebg>
                    <lefttexture>dialogs/progress/progress-left.png</lefttexture>
                    <righttexture>dialogs/progress/progress-right.png</righttexture>
                    <midtexture>dialogs/progress/progress-mid.png</midtexture>
                </control>
                <control type="button" id="10">
                    <posx>623</posx>
                    <posy>699</posy>
                    <description>Cancel</description>
                    <label>$LOCALIZE[42001]</label>
                    <texturefocus>buttons/cancel-fo.png</texturefocus>
                    <texturenofocus>buttons/cancel-nf.png</texturenofocus>
                    <include>DialogButtonDimensions</include>
                    <onleft>10</onleft>
                    <onright>10</onright>
                    <onup>10</onup>
                    <ondown>10</ondown>
                    <animation effect="fade" start="100" end="75" time="0" condition="!Control.IsEnabled(10)">Conditional</animation>
                </control>
            </control>
        </control>
    </controls>
</window>
