<?xml version="1.0" encoding="UTF-8"?>
<window>
    <defaultcontrol>-</defaultcontrol>
    <controls>
    	<control type="image">
            <description>media info background image</description>
            <posx>-100</posx>
            <posy>-30</posy>
            <width>2120</width>
            <height>370</height>
            <texture border="43,42,43,42">osd/fullscreen/back-codec.png</texture>
            <aspectratio>stretch</aspectratio>
            <visible>![VideoPlayer.Content(LiveTV) + System.GetBool(pvrplayback.signalquality)]</visible>
        </control>
        <control type="image">
            <description>media info background image</description>
            <posx>-100</posx>
            <posy>-30</posy>
            <width>2120</width>
            <height>790</height>
            <texture border="43,42,43,42">osd/fullscreen/back-codec.png</texture>
            <aspectratio>stretch</aspectratio>
            <visible>VideoPlayer.Content(LiveTV) + System.GetBool(pvrplayback.signalquality)</visible>
        </control>
    	<!-- Player info -->
        <control type="group">
            <control type="label">
                <description>Header</description>
                <posx>60</posx>
                <posy>0</posy>
                <width>1200</width>
                <height>80</height>
                <label>$LOCALIZE[31900]</label>
                <textcolor>ddwhite</textcolor>
                <font>Font-Condensed-S40-B</font>
                <scroll>false</scroll>
            </control>
            <control type="label">
                <description>Video decoder</description>
                <posx>60</posx>
                <posy>64</posy>
                <width>320</width>
                <height>54</height>
                <label>$LOCALIZE[31900]:</label>
                <textcolor>77white</textcolor>
                <font>Font-Condensed-S29-B</font>
                <scroll>false</scroll>
            </control>
            <control type="label">
                <description>Video decoder value</description>
                <posx>450</posx>
                <posy>64</posy>
                <width>1410</width>
                <height>54</height>
                <label>$INFO[Player.Process(videodecoder)]</label>
                <textcolor>aawhite</textcolor>
                <font>Font-Condensed-S29-B</font>
                <scroll>false</scroll>
            </control>
            <control type="label">
                <description>Pixel format</description>
                <posx>60</posx>
                <posy>108</posy>
                <width>320</width>
                <height>54</height>
                <label>$LOCALIZE[31902]:</label>
                <textcolor>77white</textcolor>
                <font>Font-Condensed-S29-B</font>
                <scroll>false</scroll>
            </control>
            <control type="label">
                <description>Pixel format value</description>
                <posx>450</posx>
                <posy>108</posy>
                <width>1410</width>
                <height>54</height>
                <label>$INFO[Player.Process(pixformat)]</label>
                <textcolor>aawhite</textcolor>
                <font>Font-Condensed-S29-B</font>
                <scroll>false</scroll>
            </control>
            <control type="label">
                <description>Deinterlace method</description>
                <posx>60</posx>
                <posy>152</posy>
                <width>320</width>
                <height>54</height>
                <label>$LOCALIZE[16038]:</label>
                <textcolor>77white</textcolor>
                <font>Font-Condensed-S29-B</font>
                <scroll>false</scroll>
            </control>
            <control type="label">
                <description>Deinterlace method value</description>
                <posx>450</posx>
                <posy>152</posy>
                <width>1410</width>
                <height>54</height>
                <label>$INFO[Player.Process(deintmethod)]</label>
                <textcolor>aawhite</textcolor>
                <font>Font-Condensed-S29-B</font>
                <scroll>false</scroll>
            </control>
            <control type="label">
                <description>Video stream</description>
                <posx>60</posx>
                <posy>196</posy>
                <width>320</width>
                <height>54</height>
                <label>$LOCALIZE[38031]:</label>
                <textcolor>77white</textcolor>
                <font>Font-Condensed-S29-B</font>
                <scroll>false</scroll>
            </control>
            <control type="label">
                <description>Video stream value</description>
                <posx>450</posx>
                <posy>196</posy>
                <width>1410</width>
                <height>54</height>
                <label>$INFO[Player.Process(videowidth),, x ]$INFO[Player.Process(videoheight),, px]$INFO[Player.Process(videodar),$COMMA , AR]$INFO[Player.Process(videofps),$COMMA , FPS]</label>
                <textcolor>aawhite</textcolor>
                <font>Font-Condensed-S29-B</font>
                <scroll>false</scroll>
            </control>
            <control type="label">
                <description>Audio stream</description>
                <posx>60</posx>
                <posy>240</posy>
                <width>320</width>
                <height>54</height>
                <label>$LOCALIZE[460]:</label>
                <textcolor>77white</textcolor>
                <font>Font-Condensed-S29-B</font>
                <scroll>false</scroll>
            </control>
            <control type="label">
                <description>Audio stream value</description>
                <posx>450</posx>
                <posy>240</posy>
                <width>1410</width>
                <height>54</height>
                <label>$INFO[Player.Process(audiochannels),,$COMMA ]$INFO[Player.Process(audiodecoder)]$INFO[Player.Process(audiobitspersample),$COMMA , bits]$INFO[Player.Process(audiosamplerate),$COMMA , Hz]</label>
                <textcolor>aawhite</textcolor>
                <font>Font-Condensed-S29-B</font>
                <scroll>false</scroll>
            </control>
        </control>

        <!-- Live TV signal info -->
        <control type="group">
            <visible>VideoPlayer.Content(LiveTV) + System.GetBool(pvrplayback.signalquality)</visible>
            <posy>300</posy>
            <control type="label">
                <description>Header</description>
                <posx>60</posx>
                <posy>0</posy>
                <width>1200</width>
                <height>80</height>
                <label>$LOCALIZE[19005]</label>
                <textcolor>ddwhite</textcolor>
                <font>Font-Condensed-S40-B</font>
                <scroll>false</scroll>
            </control>
            <control type="label">
                <description>Backend</description>
                <posx>60</posx>
                <posy>64</posy>
                <width>320</width>
                <height>54</height>
                <label>$LOCALIZE[19012]:</label>
                <textcolor>77white</textcolor>
                <font>Font-Condensed-S29-B</font>
                <scroll>false</scroll>
            </control>
            <control type="label">
                <description>Backend value</description>
                <posx>450</posx>
                <posy>64</posy>
                <width>1410</width>
                <height>54</height>
                <label>$INFO[PVR.ActStreamClient]</label>
                <textcolor>aawhite</textcolor>
                <font>Font-Condensed-S29-B</font>
                <scroll>false</scroll>
            </control>
            <control type="label">
                <description>Device</description>
                <posx>60</posx>
                <posy>108</posy>
                <width>320</width>
                <height>54</height>
                <label>$LOCALIZE[19006]:</label>
                <textcolor>77white</textcolor>
                <font>Font-Condensed-S29-B</font>
                <scroll>false</scroll>
            </control>
            <control type="label">
                <description>Device value</description>
                <posx>450</posx>
                <posy>108</posy>
                <width>1410</width>
                <height>54</height>
                <label>$INFO[PVR.ActStreamDevice]</label>
                <textcolor>aawhite</textcolor>
                <font>Font-Condensed-S29-B</font>
                <scroll>false</scroll>
            </control>
            <control type="label">
                <description>Status</description>
                <posx>60</posx>
                <posy>152</posy>
                <width>320</width>
                <height>54</height>
                <label>$LOCALIZE[19007]:</label>
                <textcolor>77white</textcolor>
                <font>Font-Condensed-S29-B</font>
                <scroll>false</scroll>
            </control>
            <control type="label">
                <description>Status value</description>
                <posx>450</posx>
                <posy>152</posy>
                <width>1410</width>
                <height>54</height>
                <label>$INFO[PVR.ActStreamStatus]</label>
                <textcolor>aawhite</textcolor>
                <font>Font-Condensed-S29-B</font>
                <scroll>false</scroll>
            </control>
            <control type="label">
                <description>Signal</description>
                <posx>60</posx>
                <posy>196</posy>
                <width>320</width>
                <height>54</height>
                <label>$LOCALIZE[19008]:</label>
                <textcolor>77white</textcolor>
                <font>Font-Condensed-S29-B</font>
                <scroll>false</scroll>
            </control>
            <control type="progress">
                <posx>450</posx>
                <posy>211</posy>
                <width>1144</width>
                <height>25</height>
                <info>PVR.ActStreamProgrSignal</info>
                <reveal>true</reveal>
                <texturebg>osd/fullscreen/progress/back.png</texturebg>
                <midtexture>osd/fullscreen/progress/mid.png</midtexture>
                <lefttexture>osd/fullscreen/progress/left.png</lefttexture>
                <righttexture>osd/fullscreen/progress/right.png</righttexture>
                <overlaytexture>-</overlaytexture>
            </control>
            <control type="label">
                <description>Signal value</description>
                <posx>1614</posx>
                <posy>196</posy>
                <width>246</width>
                <height>54</height>
                <label>$INFO[PVR.ActStreamSignal]</label>
                <textcolor>aawhite</textcolor>
                <font>Font-Condensed-S29-B</font>
                <scroll>false</scroll>
            </control>
            <control type="label">
                <description>SNR</description>
                <posx>60</posx>
                <posy>240</posy>
                <width>320</width>
                <height>54</height>
                <label>$LOCALIZE[19009]:</label>
                <textcolor>77white</textcolor>
                <font>Font-Condensed-S29-B</font>
                <scroll>false</scroll>
            </control>
            <control type="progress">
                <posx>450</posx>
                <posy>255</posy>
                <width>1144</width>
                <height>25</height>
                <info>PVR.ActStreamProgrSNR</info>
                <reveal>true</reveal>
                <texturebg>osd/fullscreen/progress/back.png</texturebg>
                <midtexture>osd/fullscreen/progress/mid.png</midtexture>
                <lefttexture>osd/fullscreen/progress/left.png</lefttexture>
                <righttexture>osd/fullscreen/progress/right.png</righttexture>
                <overlaytexture>-</overlaytexture>
            </control>
            <control type="label">
                <description>SNR value</description>
                <posx>1614</posx>
                <posy>240</posy>
                <width>246</width>
                <height>54</height>
                <label>$INFO[PVR.ActStreamSNR]</label>
                <textcolor>aawhite</textcolor>
                <font>Font-Condensed-S29-B</font>
                <scroll>false</scroll>
            </control>
            <control type="label">
                <description>BER</description>
                <posx>60</posx>
                <posy>284</posy>
                <width>320</width>
                <height>54</height>
                <label>$LOCALIZE[19010]:</label>
                <textcolor>77white</textcolor>
                <font>Font-Condensed-S29-B</font>
                <scroll>false</scroll>
            </control>
            <control type="label">
                <description>BER value</description>
                <posx>450</posx>
                <posy>284</posy>
                <width>1410</width>
                <height>54</height>
                <label>$INFO[PVR.ActStreamBER]</label>
                <textcolor>aawhite</textcolor>
                <font>Font-Condensed-S29-B</font>
                <scroll>false</scroll>
            </control>
            <control type="label">
                <description>UNC</description>
                <posx>60</posx>
                <posy>328</posy>
                <width>320</width>
                <height>54</height>
                <label>$LOCALIZE[19011]:</label>
                <textcolor>77white</textcolor>
                <font>Font-Condensed-S29-B</font>
                <scroll>false</scroll>
            </control>
            <control type="label">
                <description>UNC value</description>
                <posx>450</posx>
                <posy>328</posy>
                <width>1410</width>
                <height>54</height>
                <label>$INFO[PVR.ActStreamUNC]</label>
                <textcolor>aawhite</textcolor>
                <font>Font-Condensed-S29-B</font>
                <scroll>false</scroll>
            </control>
            <control type="label">
                <description>Encryption</description>
                <posx>60</posx>
                <posy>372</posy>
                <width>320</width>
                <height>54</height>
                <label>$LOCALIZE[19015]:</label>
                <textcolor>77white</textcolor>
                <font>Font-Condensed-S29-B</font>
                <scroll>false</scroll>
            </control>
            <control type="label">
                <description>Encryption value</description>
                <posx>450</posx>
                <posy>372</posy>
                <width>1410</width>
                <height>54</height>
                <label>$INFO[PVR.ActStreamEncryptionName]</label>
                <textcolor>aawhite</textcolor>
                <font>Font-Condensed-S29-B</font>
                <scroll>false</scroll>
            </control>
        </control>
    </controls>
</window>