<?xml version="1.0" encoding="UTF-8"?>
<includes>

    <include name="HomeWidgets.Initialization">
        <onload condition="String.IsEmpty(Skin.String(HomeWidget.1.Type))">Skin.SetString(HomeWidget.1.Type,1)</onload>
        <onload condition="String.IsEmpty(Skin.String(HomeWidget.1.Label))">Skin.SetString(HomeWidget.1.Label,$LOCALIZE[31550])</onload>
        <onload condition="String.IsEmpty(Skin.String(HomeWidget.2.Type))">Skin.SetString(HomeWidget.2.Type,2)</onload>
        <onload condition="String.IsEmpty(Skin.String(HomeWidget.2.Label))">Skin.SetString(HomeWidget.2.Label,$LOCALIZE[31551])</onload>
        <onload condition="String.IsEmpty(Skin.String(HomeWidget.3.Type))">Skin.SetString(HomeWidget.3.Type,3)</onload>
        <onload condition="String.IsEmpty(Skin.String(HomeWidget.3.Label))">Skin.SetString(HomeWidget.3.Label,$LOCALIZE[31552])</onload>
        <onload condition="String.IsEmpty(Skin.String(HomeWidget.4.Type))">Skin.SetString(HomeWidget.4.Type,4)</onload>
        <onload condition="String.IsEmpty(Skin.String(HomeWidget.4.Label))">Skin.SetString(HomeWidget.4.Label,$LOCALIZE[31553])</onload>
        <onload condition="String.IsEmpty(Skin.String(HomeWidget.5.Type))">Skin.SetString(HomeWidget.5.Type,21)</onload>
        <onload condition="String.IsEmpty(Skin.String(HomeWidget.5.Label))">Skin.SetString(HomeWidget.5.Label,$LOCALIZE[31049])</onload>
        <onload condition="String.IsEmpty(Skin.String(HomeWidget.6.Type))">Skin.SetString(HomeWidget.6.Type,30)</onload>
        <onload condition="String.IsEmpty(Skin.String(HomeWidget.6.Label))">Skin.SetString(HomeWidget.6.Label,$LOCALIZE[31033])</onload>
    </include>

    <variable name="Widget.1.Home">
        <value condition="String.IsEqual(Skin.String(HomeWidget.1.Type),1)">special://skin/playlists/spotlight_movies.xsp</value>
        <value condition="String.IsEqual(Skin.String(HomeWidget.1.Type),2)">special://skin/playlists/ongoing_tvshows.xsp</value>
        <value condition="String.IsEqual(Skin.String(HomeWidget.1.Type),3)">videodb://recentlyaddedmovies/</value>
        <value condition="String.IsEqual(Skin.String(HomeWidget.1.Type),4)">videodb://recentlyaddedepisodes/</value>
        <value condition="String.IsEqual(Skin.String(HomeWidget.1.Type),6)">plugin://script.extendedinfo?info=incinemamovies</value>
        <value condition="String.IsEqual(Skin.String(HomeWidget.1.Type),7)">plugin://script.extendedinfo?info=popularmovies</value>
        <value condition="String.IsEqual(Skin.String(HomeWidget.1.Type),15)">plugin://script.extendedinfo?info=trendingmovies</value>
        <value condition="String.IsEqual(Skin.String(HomeWidget.1.Type),16)">plugin://script.extendedinfo?info=trendingshows</value>
        <value condition="String.IsEqual(Skin.String(HomeWidget.1.Type),17)">$INFO[Skin.String(HomeWidget.1.Path)]</value>
    </variable>

    <variable name="Widget.2.Home">
        <value condition="String.IsEqual(Skin.String(HomeWidget.2.Type),1)">special://skin/playlists/spotlight_movies.xsp</value>
        <value condition="String.IsEqual(Skin.String(HomeWidget.2.Type),2)">special://skin/playlists/ongoing_tvshows.xsp</value>
        <value condition="String.IsEqual(Skin.String(HomeWidget.2.Type),3)">videodb://recentlyaddedmovies/</value>
        <value condition="String.IsEqual(Skin.String(HomeWidget.2.Type),4)">videodb://recentlyaddedepisodes/</value>
        <value condition="String.IsEqual(Skin.String(HomeWidget.2.Type),6)">plugin://script.extendedinfo?info=incinemamovies</value>
        <value condition="String.IsEqual(Skin.String(HomeWidget.2.Type),7)">plugin://script.extendedinfo?info=popularmovies</value>
        <value condition="String.IsEqual(Skin.String(HomeWidget.2.Type),15)">plugin://script.extendedinfo?info=trendingmovies</value>
        <value condition="String.IsEqual(Skin.String(HomeWidget.2.Type),16)">plugin://script.extendedinfo?info=trendingshows</value>
        <value condition="String.IsEqual(Skin.String(HomeWidget.2.Type),17)">$INFO[Skin.String(HomeWidget.2.Path)]</value>
    </variable>

    <variable name="Widget.3.Movies">
        <value condition="String.IsEqual(Skin.String(HomeWidget.3.Type),3)">videodb://recentlyaddedmovies/</value>
        <value condition="String.IsEqual(Skin.String(HomeWidget.3.Type),4)">videodb://recentlyaddedepisodes/</value>
        <value condition="String.IsEqual(Skin.String(HomeWidget.3.Type),6)">plugin://script.extendedinfo?info=incinemamovies</value>
        <value condition="String.IsEqual(Skin.String(HomeWidget.3.Type),7)">plugin://script.extendedinfo?info=popularmovies</value>
        <value condition="String.IsEqual(Skin.String(HomeWidget.3.Type),15)">plugin://script.extendedinfo?info=trendingmovies</value>
        <value condition="String.IsEqual(Skin.String(HomeWidget.3.Type),16)">plugin://script.extendedinfo?info=trendingshows</value>
        <value condition="String.IsEqual(Skin.String(HomeWidget.3.Type),17)">$INFO[Skin.String(HomeWidget.3.Path)]</value>
    </variable>

    <variable name="Widget.4.TVShows">
        <value condition="String.IsEqual(Skin.String(HomeWidget.4.Type),4)">videodb://recentlyaddedepisodes/</value>
        <value condition="String.IsEqual(Skin.String(HomeWidget.4.Type),6)">plugin://script.extendedinfo?info=incinemamovies</value>
        <value condition="String.IsEqual(Skin.String(HomeWidget.4.Type),7)">plugin://script.extendedinfo?info=popularmovies</value>
        <value condition="String.IsEqual(Skin.String(HomeWidget.4.Type),15)">plugin://script.extendedinfo?info=trendingmovies</value>
        <value condition="String.IsEqual(Skin.String(HomeWidget.4.Type),16)">plugin://script.extendedinfo?info=trendingshows</value>
        <value condition="String.IsEqual(Skin.String(HomeWidget.4.Type),17)">$INFO[Skin.String(HomeWidget.4.Path)]</value>
    </variable>

    <variable name="Widget.5.Music">
        <value condition="String.IsEqual(Skin.String(HomeWidget.5.Type),18)">special://skin/playlists/random_albums.xsp</value>
        <value condition="String.IsEqual(Skin.String(HomeWidget.5.Type),19)">musicdb://recentlyaddedalbums/</value>
        <value condition="String.IsEqual(Skin.String(HomeWidget.5.Type),20)">special://skin/playlists/recommended_albums.xsp</value>
        <value condition="String.IsEqual(Skin.String(HomeWidget.5.Type),21)">special://skin/playlists/random_songs.xsp</value>
        <value condition="String.IsEqual(Skin.String(HomeWidget.5.Type),17)">$INFO[Skin.String(HomeWidget.5.Path)]</value>
    </variable>

    <variable name="Widget.6.Pictures">
        <value condition="String.IsEqual(Skin.String(HomeWidget.6.Type),30)">plugin://plugin.image.xkcd/todaysimages</value>
        <value condition="String.IsEqual(Skin.String(HomeWidget.6.Type),31)">plugin://plugin.image.cyanidehappiness/todaysimages</value>
        <value condition="String.IsEqual(Skin.String(HomeWidget.6.Type),34)">$INFO[Skin.String(PicturesPath)]</value>
    </variable>
</includes>