<?xml version="1.0" encoding="UTF-8"?>
<window>
    <defaultcontrol always="true">50</defaultcontrol>
    <menucontrol>9000</menucontrol>
    <backgroundcolor>0</backgroundcolor>
    <views>50,52,53,54,55,56,57,58,60,61,500,501,502</views>
    <controls>
        <include>CommonItems</include>
        <include>ProgramHeader</include>
        <include>ProgramViews</include>
        <include>Common-Info</include>

        <control type="group" id="9000">
            <posx>267</posx>
            <posy>517</posy>
            <include>OptionsAnimations</include>
            <animation effect="slide" start="0" end="-204" time="0" condition="Skin.HasSetting(HideShutdownButton)">Conditional</animation>
            <control type="group">
                <include>OptionsPanelAnimations</include>
                <control type="image">
                    <description>shadow image</description>
                    <posx>5</posx>
                    <posy>505</posy>
                    <height>60</height>
                    <width>442</width>
                    <texture>dialogs/shutdown/shadow.png</texture>
                    <aspectratio>stretch</aspectratio>
                </control>
                <control type="image">
                    <description>background image</description>
                    <posx>0</posx>
                    <posy>0</posy>
                    <height>540</height>
                    <width>442</width>
                    <texture>dialogs/shutdown/shutdown.png</texture>
                    <aspectratio>stretch</aspectratio>
                </control>
            </control>

            <control type="grouplist" id="9111">
                <posx>19</posx>
                <posy>47</posy>
                <width>404</width>
                <height>399</height>
                <itemgap>0</itemgap>
                <onleft>50</onleft>
                <onright>50</onright>
                <onup>9111</onup>
                <ondown>9111</ondown>
                <onback>50</onback>
                <include>GeneralOptionsAnimations</include>
                <control type="button" id="2">
                    <description>View</description>
                    <visible>false</visible>
                </control>
                <control type="button" id="100">
                    <description>Label</description>
                    <posy>330</posy>
                    <include>optionsbuttonsdimensions</include>
                    <label>$INFO[Container.ViewMode]</label>
                    <onclick>setfocus(201)</onclick>
                    <texturefocus border="70,2,2,2">dialogs/options/buttons/view-fo.png</texturefocus>
                    <texturenofocus border="70,2,2,2">dialogs/options/buttons/view-nf.png</texturenofocus>
                    <animation effect="fade" start="100" end="50" time="0" condition="!Control.IsEnabled(2)">Conditional</animation>
                </control>
                <control type="button" id="20">
                    <description>Label</description>
                    <posy>330</posy>
                    <include>optionsbuttonsdimensions</include>
                    <label>$LOCALIZE[31620]</label>
                    <onclick>setfocus(9222)</onclick>
                    <texturefocus border="70,2,2,2">dialogs/options/buttons/custom-fo.png</texturefocus>
                    <texturenofocus border="70,2,2,2">dialogs/options/buttons/custom-nf.png</texturenofocus>
                    <animation effect="fade" start="100" end="50" time="0" condition="!Control.IsEnabled(20)">Conditional</animation>
                    <enable>Control.IsVisible(52) | Control.IsVisible(53) | Control.IsVisible(54) | Control.IsVisible(55) | Control.IsVisible(501) | Control.IsVisible(502)</enable>
                </control>
                <control type="button" id="3">
                    <description>sort</description>
                    <include>optionsbuttonsdimensions</include>
                    <texturefocus border="70,2,2,2">dialogs/options/buttons/sort-fo.png</texturefocus>
                    <texturenofocus border="70,2,2,2">dialogs/options/buttons/sort-nf.png</texturenofocus>
                    <animation effect="fade" start="100" end="50" time="0" condition="!Control.IsEnabled(3)">Conditional</animation>
                </control>
                <control type="togglebutton" id="4">
                    <description>Ascending</description>
                    <include>optionsbuttonsdimensions</include>
                    <label>$LOCALIZE[584]</label>
                    <altlabel>$LOCALIZE[585]</altlabel>
                    <texturefocus border="70,2,2,2">dialogs/options/buttons/up-fo.png</texturefocus>
                    <texturenofocus border="70,2,2,2">dialogs/options/buttons/up-nf.png</texturenofocus>
                    <alttexturenofocus border="70,2,2,2">dialogs/options/buttons/down-nf.png</alttexturenofocus>
                    <alttexturefocus border="70,2,2,2">dialogs/options/buttons/down-fo.png</alttexturefocus>
                    <animation effect="fade" start="100" end="50" time="0" condition="!Control.IsEnabled(4)">Conditional</animation>
                </control>
                <control type="edit" id="19">
                    <description>Filter</description>
                    <posx>0</posx>
                    <posy>0</posy>
                    <width>404</width>
                    <height>57</height>
                    <font>Font-Condensed-S34</font>
                    <align>left</align>
                    <aligny>top</aligny>
                    <textcolor>FF484848</textcolor>
                    <focusedcolor>DDFFFFFF</focusedcolor>
                    <textoffsety>3</textoffsety>
                    <textoffsetx>75</textoffsetx>
                    <label>587</label>
                    <pulseonselect>false</pulseonselect>
                    <texturefocus border="62,2,62,2">dialogs/options/buttons/filter-fo.png</texturefocus>
                    <texturenofocus border="62,2,62,2">dialogs/options/buttons/filter-nf.png</texturenofocus>
                    <animation effect="fade" start="100" end="50" time="0" condition="!Control.IsEnabled(19)">Conditional</animation>
                </control>
                <control type="button" id="21">
                    <description>sort</description>
                    <include>optionsbuttonsdimensions</include>
                    <label>$LOCALIZE[31621]</label>
                    <texturefocus border="70,2,2,2">dialogs/options/buttons/custom-fo.png</texturefocus>
                    <texturenofocus border="70,2,2,2">dialogs/options/buttons/custom-nf.png</texturenofocus>
                    <onclick>Skin.SetString(GameTile.Path,$INFO[Container.FolderPath])</onclick>
                    <onclick>SetProperty(BounceLeft,1,Home)</onclick>
                    <visible>$EXP[IsPluginAdvancedLauncher]</visible>
                    <animation type="Conditional" condition="Window.IsVisible(3008)" reversible="false">
                        <effect type="fade" start="0" end="100" time="300" tween="sine" easing="out" />
                    </animation>
                </control>
                <control type="button" id="22">
                    <description>sort</description>
                    <include>optionsbuttonsdimensions</include>
                    <label>$LOCALIZE[31622]</label>
                    <texturefocus border="70,2,2,2">dialogs/options/buttons/custom-back-fo.png</texturefocus>
                    <texturenofocus border="70,2,2,2">dialogs/options/buttons/custom-back-nf.png</texturenofocus>
                    <onclick>Skin.Reset(GameTile.Path)</onclick>
                    <onclick>SetProperty(BounceRight,1,Home)</onclick>
                    <visible>$EXP[IsPluginAdvancedLauncher]</visible>
                    <animation type="Conditional" condition="Window.IsVisible(3009)" reversible="false">
                        <effect type="fade" start="0" end="100" time="300" tween="sine" easing="out" />
                    </animation>
                </control>
                <control type="radiobutton" id="23">
                    <description>Unlock sources</description>
                    <include>optionsbuttonsdimensions</include>
                    <label>20336</label>
                    <texturefocus border="2">dialogs/options/buttons/default-fo.png</texturefocus>
                    <textureradioon>buttons/radio/options-radio-button-fo.png</textureradioon>
                    <textureradiooff>buttons/radio/options-radio-button-nf.png</textureradiooff>
                    <radioposx>-19</radioposx>
                    <selected>system.ismaster</selected>
                    <onclick>SetFocus(50)</onclick>
                    <onclick>mastermode</onclick>
                    <animation effect="fade" start="100" end="50" time="0" condition="!Control.IsEnabled(19)">Conditional</animation>
                    <visible>system.haslocks</visible>
                </control>
            </control>
            <control type="grouplist" id="9222">
                <description>View Specific Controls</description>
                <posx>19</posx>
                <posy>47</posy>
                <width>404</width>
                <height>399</height>
                <itemgap>0</itemgap>
                <onleft>9111</onleft>
                <onright>9111</onright>
                <onup>9222</onup>
                <ondown>9222</ondown>
                <onback>50</onback>
                <include>SpecificOptionsAnimations</include>
                <control type="button" id="101">
                    <description>Label</description>
                    <posy>330</posy>
                    <include>optionsbuttonsdimensions</include>
                    <label>$LOCALIZE[31926]</label>
                    <onclick>setfocus(9111)</onclick>
                    <texturefocus border="70,2,2,2">dialogs/options/buttons/custom-fo.png</texturefocus>
                    <texturenofocus border="70,2,2,2">dialogs/options/buttons/custom-nf.png</texturenofocus>
                </control>
                <control type="radiobutton" id="102">
                    <description>Show info in Info List</description>
                    <include>optionsbuttonsdimensions</include>
                    <label>$LOCALIZE[31925]</label>
                    <texturefocus border="2">dialogs/options/buttons/default-fo.png</texturefocus>
                    <onclick>Skin.ToggleSetting(ProgramInfoListHideInfo)</onclick>
                    <selected>!Skin.HasSetting(ProgramInfoListHideInfo)</selected>
                    <visible>Control.IsVisible(52)</visible>
                    <textureradioon>buttons/radio/options-radio-button-fo.png</textureradioon>
                    <textureradiooff>buttons/radio/options-radio-button-nf.png</textureradiooff>
                    <radioposx>-19</radioposx>
                </control>
                <control type="radiobutton" id="103">
                    <description>Show plot in Info List</description>
                    <include>optionsbuttonsdimensions</include>
                    <label>$LOCALIZE[31927]</label>
                    <texturefocus border="2">dialogs/options/buttons/default-fo.png</texturefocus>
                    <onclick>Skin.ToggleSetting(ProgramInfoListPlot)</onclick>
                    <selected>Skin.HasSetting(ProgramInfoListPlot)</selected>
                    <visible>Control.IsVisible(52)</visible>
                    <textureradioon>buttons/radio/options-radio-button-fo.png</textureradioon>
                    <textureradiooff>buttons/radio/options-radio-button-nf.png</textureradiooff>
                    <radioposx>-19</radioposx>
                    <enable>!Skin.HasSetting(ProgramInfoListHideInfo)</enable>
                    <animation effect="fade" start="100" end="50" time="0" condition="!Control.IsEnabled(103)">Conditional</animation>
                </control>
                <control type="radiobutton" id="104">
                    <description>Show info in Info List Square</description>
                    <include>optionsbuttonsdimensions</include>
                    <label>$LOCALIZE[31925]</label>
                    <texturefocus border="2">dialogs/options/buttons/default-fo.png</texturefocus>
                    <onclick>Skin.ToggleSetting(ProgramInfoListSquareHideInfo)</onclick>
                    <selected>!Skin.HasSetting(ProgramInfoListSquareHideInfo)</selected>
                    <visible>Control.IsVisible(53)</visible>
                    <textureradioon>buttons/radio/options-radio-button-fo.png</textureradioon>
                    <textureradiooff>buttons/radio/options-radio-button-nf.png</textureradiooff>
                    <radioposx>-19</radioposx>
                </control>
                <control type="radiobutton" id="105">
                    <description>Show plot in Info List Square</description>
                    <include>optionsbuttonsdimensions</include>
                    <label>$LOCALIZE[31927]</label>
                    <texturefocus border="2">dialogs/options/buttons/default-fo.png</texturefocus>
                    <onclick>Skin.ToggleSetting(ProgramInfoListSquarePlot)</onclick>
                    <selected>Skin.HasSetting(ProgramInfoListSquarePlot)</selected>
                    <visible>Control.IsVisible(53)</visible>
                    <textureradioon>buttons/radio/options-radio-button-fo.png</textureradioon>
                    <textureradiooff>buttons/radio/options-radio-button-nf.png</textureradiooff>
                    <radioposx>-19</radioposx>
                    <enable>!Skin.HasSetting(ProgramInfoListSquareHideInfo)</enable>
                    <animation effect="fade" start="100" end="50" time="0" condition="!Control.IsEnabled(105)">Conditional</animation>
                </control>
                <control type="radiobutton" id="106">
                    <description>Show info in Info Panel</description>
                    <include>optionsbuttonsdimensions</include>
                    <label>$LOCALIZE[31925]</label>
                    <texturefocus border="2">dialogs/options/buttons/default-fo.png</texturefocus>
                    <onclick>Skin.ToggleSetting(ProgramInfoPanelHideInfo)</onclick>
                    <selected>!Skin.HasSetting(ProgramInfoPanelHideInfo)</selected>
                    <visible>Control.IsVisible(54)</visible>
                    <textureradioon>buttons/radio/options-radio-button-fo.png</textureradioon>
                    <textureradiooff>buttons/radio/options-radio-button-nf.png</textureradiooff>
                    <radioposx>-19</radioposx>
                </control>
                <control type="radiobutton" id="107">
                    <description>Show plot in Info Panel</description>
                    <include>optionsbuttonsdimensions</include>
                    <label>$LOCALIZE[31927]</label>
                    <texturefocus border="2">dialogs/options/buttons/default-fo.png</texturefocus>
                    <onclick>Skin.ToggleSetting(ProgramInfoPanelPlot)</onclick>
                    <selected>Skin.HasSetting(ProgramInfoPanelPlot)</selected>
                    <visible>Control.IsVisible(54)</visible>
                    <textureradioon>buttons/radio/options-radio-button-fo.png</textureradioon>
                    <textureradiooff>buttons/radio/options-radio-button-nf.png</textureradiooff>
                    <radioposx>-19</radioposx>
                    <enable>!Skin.HasSetting(ProgramInfoPanelHideInfo)</enable>
                    <animation effect="fade" start="100" end="50" time="0" condition="!Control.IsEnabled(107)">Conditional</animation>
                </control>
                <control type="radiobutton" id="108">
                    <description>Show info in Info Panel Square</description>
                    <include>optionsbuttonsdimensions</include>
                    <label>$LOCALIZE[31925]</label>
                    <texturefocus border="2">dialogs/options/buttons/default-fo.png</texturefocus>
                    <onclick>Skin.ToggleSetting(ProgramInfoPanelSquareHideInfo)</onclick>
                    <selected>!Skin.HasSetting(ProgramInfoPanelSquareHideInfo)</selected>
                    <visible>Control.IsVisible(55)</visible>
                    <textureradioon>buttons/radio/options-radio-button-fo.png</textureradioon>
                    <textureradiooff>buttons/radio/options-radio-button-nf.png</textureradiooff>
                    <radioposx>-19</radioposx>
                </control>
                <control type="radiobutton" id="109">
                    <description>Show plot in Info Panel Square</description>
                    <include>optionsbuttonsdimensions</include>
                    <label>$LOCALIZE[31927]</label>
                    <texturefocus border="2">dialogs/options/buttons/default-fo.png</texturefocus>
                    <onclick>Skin.ToggleSetting(ProgramInfoPanelSquarePlot)</onclick>
                    <selected>Skin.HasSetting(ProgramInfoPanelSquarePlot)</selected>
                    <visible>Control.IsVisible(55)</visible>
                    <textureradioon>buttons/radio/options-radio-button-fo.png</textureradioon>
                    <textureradiooff>buttons/radio/options-radio-button-nf.png</textureradiooff>
                    <radioposx>-19</radioposx>
                    <enable>!Skin.HasSetting(ProgramInfoPanelSquareHideInfo)</enable>
                    <animation effect="fade" start="100" end="50" time="0" condition="!Control.IsEnabled(109)">Conditional</animation>
                </control>
                <control type="radiobutton" id="110">
                    <description>Use small thumbs in thumbnail video view</description>
                    <include>optionsbuttonsdimensions</include>
                    <label>$LOCALIZE[31933]</label>
                    <texturefocus border="2">dialogs/options/buttons/default-fo.png</texturefocus>
                    <onclick>Skin.ToggleSetting(ProgramThumbnailSmall)</onclick>
                    <selected>Skin.HasSetting(ProgramThumbnailSmall)</selected>
                    <visible>Control.IsVisible(501)</visible>
                    <textureradioon>buttons/radio/options-radio-button-fo.png</textureradioon>
                    <textureradiooff>buttons/radio/options-radio-button-nf.png</textureradiooff>
                    <radioposx>-19</radioposx>
                </control>
                <control type="radiobutton" id="111">
                    <description>Show info in thumbnail view</description>
                    <include>optionsbuttonsdimensions</include>
                    <label>$LOCALIZE[31925]</label>
                    <texturefocus border="2">dialogs/options/buttons/default-fo.png</texturefocus>
                    <onclick>Skin.ToggleSetting(ProgramThumbnailHideInfo)</onclick>
                    <selected>!Skin.HasSetting(ProgramThumbnailHideInfo)</selected>
                    <visible>Control.IsVisible(501)</visible>
                    <textureradioon>buttons/radio/options-radio-button-fo.png</textureradioon>
                    <textureradiooff>buttons/radio/options-radio-button-nf.png</textureradiooff>
                    <radioposx>-19</radioposx>
                </control>
                <control type="radiobutton" id="112">
                    <description>Show plot in thumbnail view</description>
                    <include>optionsbuttonsdimensions</include>
                    <label>$LOCALIZE[31927]</label>
                    <texturefocus border="2">dialogs/options/buttons/default-fo.png</texturefocus>
                    <onclick>Skin.ToggleSetting(ProgramThumbnailPlot)</onclick>
                    <selected>Skin.HasSetting(ProgramThumbnailPlot)</selected>
                    <visible>Control.IsVisible(501)</visible>
                    <textureradioon>buttons/radio/options-radio-button-fo.png</textureradioon>
                    <textureradiooff>buttons/radio/options-radio-button-nf.png</textureradiooff>
                    <radioposx>-19</radioposx>
                    <enable>!Skin.HasSetting(ProgramThumbnailHideInfo)</enable>
                    <animation effect="fade" start="100" end="50" time="0" condition="!Control.IsEnabled(112)">Conditional</animation>
                </control>
                <control type="radiobutton" id="113">
                    <description>Show plot in thumbnail square view</description>
                    <include>optionsbuttonsdimensions</include>
                    <label>$LOCALIZE[31927]</label>
                    <texturefocus border="2">dialogs/options/buttons/default-fo.png</texturefocus>
                    <onclick>Skin.ToggleSetting(ProgramThumbnailSquarePlot)</onclick>
                    <selected>Skin.HasSetting(ProgramThumbnailSquarePlot)</selected>
                    <visible>Control.IsVisible(502)</visible>
                    <textureradioon>buttons/radio/options-radio-button-fo.png</textureradioon>
                    <textureradiooff>buttons/radio/options-radio-button-nf.png</textureradiooff>
                    <radioposx>-19</radioposx>
                </control>
            </control>
            <control type="grouplist" id="9223">
                <description>View Controls</description>
                <posx>19</posx>
                <posy>47</posy>
                <width>404</width>
                <height>399</height>
                <itemgap>0</itemgap>
                <onleft>9111</onleft>
                <onright>9111</onright>
                <onup>9223</onup>
                <ondown>9223</ondown>
                <onback>50</onback>
                <include>ViewOptionsAnimations</include>
                <control type="button" id="201">
                    <description>Label</description>
                    <posy>330</posy>
                    <include>optionsbuttonsdimensions</include>
                    <label>$LOCALIZE[31926]</label>
                    <onclick>setfocus(9111)</onclick>
                    <texturefocus border="70,2,2,2">dialogs/options/buttons/custom-back-fo.png</texturefocus>
                    <texturenofocus border="70,2,2,2">dialogs/options/buttons/custom-back-nf.png</texturenofocus>
                </control>
                <control type="radiobutton" id="202">
                    <description>List</description>
                    <include>optionsbuttonsdimensions</include>
                    <label>$LOCALIZE[31961]</label>
                    <texturefocus border="2">dialogs/options/buttons/default-fo.png</texturefocus>
                    <onclick>Container.SetViewMode(50)</onclick>
                    <selected>Control.IsVisible(50)</selected>
                    <textureradioon>buttons/radio/options-radio-button-fo.png</textureradioon>
                    <textureradiooff>buttons/radio/options-radio-button-nf.png</textureradiooff>
                    <radioposx>-19</radioposx>
                </control>
                <control type="radiobutton" id="203">
                    <description>Thumbnail</description>
                    <include>optionsbuttonsdimensions</include>
                    <label>$LOCALIZE[31969]</label>
                    <texturefocus border="2">dialogs/options/buttons/default-fo.png</texturefocus>
                    <onclick>Container.SetViewMode(500)</onclick>
                    <selected>Control.IsVisible(500)</selected>
                    <textureradioon>buttons/radio/options-radio-button-fo.png</textureradioon>
                    <textureradiooff>buttons/radio/options-radio-button-nf.png</textureradiooff>
                    <radioposx>-19</radioposx>
                    <visible>Container.HasFiles + Container.Content(addons)</visible>
                </control>
                <control type="radiobutton" id="204">
                    <description>Info List</description>
                    <include>optionsbuttonsdimensions</include>
                    <label>$LOCALIZE[31962]</label>
                    <texturefocus border="2">dialogs/options/buttons/default-fo.png</texturefocus>
                    <onclick>Container.SetViewMode(52)</onclick>
                    <selected>Control.IsVisible(52)</selected>
                    <textureradioon>buttons/radio/options-radio-button-fo.png</textureradioon>
                    <textureradiooff>buttons/radio/options-radio-button-nf.png</textureradiooff>
                    <radioposx>-19</radioposx>
                    <visible>$EXP[IsPluginAdvancedLauncher]</visible>
                </control>
                <control type="radiobutton" id="205">
                    <description>Info List Square</description>
                    <include>optionsbuttonsdimensions</include>
                    <label>$LOCALIZE[31963]</label>
                    <texturefocus border="2">dialogs/options/buttons/default-fo.png</texturefocus>
                    <onclick>Container.SetViewMode(53)</onclick>
                    <selected>Control.IsVisible(53)</selected>
                    <textureradioon>buttons/radio/options-radio-button-fo.png</textureradioon>
                    <textureradiooff>buttons/radio/options-radio-button-nf.png</textureradiooff>
                    <radioposx>-19</radioposx>
                    <visible>$EXP[IsPluginAdvancedLauncher]</visible>
                </control>
                <control type="radiobutton" id="206">
                    <description>Info Panel</description>
                    <include>optionsbuttonsdimensions</include>
                    <label>$LOCALIZE[31964]</label>
                    <texturefocus border="2">dialogs/options/buttons/default-fo.png</texturefocus>
                    <onclick>Container.SetViewMode(54)</onclick>
                    <selected>Control.IsVisible(54)</selected>
                    <textureradioon>buttons/radio/options-radio-button-fo.png</textureradioon>
                    <textureradiooff>buttons/radio/options-radio-button-nf.png</textureradiooff>
                    <radioposx>-19</radioposx>
                    <visible>$EXP[IsPluginAdvancedLauncher]</visible>
                </control>
                <control type="radiobutton" id="207">
                    <description>Info Panel Square</description>
                    <include>optionsbuttonsdimensions</include>
                    <label>$LOCALIZE[31965]</label>
                    <texturefocus border="2">dialogs/options/buttons/default-fo.png</texturefocus>
                    <onclick>Container.SetViewMode(55)</onclick>
                    <selected>Control.IsVisible(55)</selected>
                    <textureradioon>buttons/radio/options-radio-button-fo.png</textureradioon>
                    <textureradiooff>buttons/radio/options-radio-button-nf.png</textureradiooff>
                    <radioposx>-19</radioposx>
                    <visible>$EXP[IsPluginAdvancedLauncher]</visible>
                </control>
                <control type="radiobutton" id="208">
                    <description>Landscape</description>
                    <include>optionsbuttonsdimensions</include>
                    <label>$LOCALIZE[31966]</label>
                    <texturefocus border="2">dialogs/options/buttons/default-fo.png</texturefocus>
                    <onclick>Container.SetViewMode(56)</onclick>
                    <selected>Control.IsVisible(56)</selected>
                    <textureradioon>buttons/radio/options-radio-button-fo.png</textureradioon>
                    <textureradiooff>buttons/radio/options-radio-button-nf.png</textureradiooff>
                    <radioposx>-19</radioposx>
                    <visible>$EXP[IsPluginAdvancedLauncher]</visible>
                </control>
                <control type="radiobutton" id="209">
                    <description>Poster</description>
                    <include>optionsbuttonsdimensions</include>
                    <label>$LOCALIZE[31967]</label>
                    <texturefocus border="2">dialogs/options/buttons/default-fo.png</texturefocus>
                    <onclick>Container.SetViewMode(57)</onclick>
                    <selected>Control.IsVisible(57)</selected>
                    <textureradioon>buttons/radio/options-radio-button-fo.png</textureradioon>
                    <textureradiooff>buttons/radio/options-radio-button-nf.png</textureradiooff>
                    <radioposx>-19</radioposx>
                    <visible>$EXP[IsPluginAdvancedLauncher]</visible>
                </control>
                <control type="radiobutton" id="210">
                    <description>Poster square</description>
                    <include>optionsbuttonsdimensions</include>
                    <label>$LOCALIZE[31968]</label>
                    <texturefocus border="2">dialogs/options/buttons/default-fo.png</texturefocus>
                    <onclick>Container.SetViewMode(58)</onclick>
                    <selected>Control.IsVisible(58)</selected>
                    <textureradioon>buttons/radio/options-radio-button-fo.png</textureradioon>
                    <textureradiooff>buttons/radio/options-radio-button-nf.png</textureradiooff>
                    <radioposx>-19</radioposx>
                    <visible>$EXP[IsPluginAdvancedLauncher]</visible>
                </control>
                <control type="radiobutton" id="211">
                    <description>Thumbnail</description>
                    <include>optionsbuttonsdimensions</include>
                    <label>$LOCALIZE[31969]</label>
                    <texturefocus border="2">dialogs/options/buttons/default-fo.png</texturefocus>
                    <onclick>Container.SetViewMode(501)</onclick>
                    <selected>Control.IsVisible(501)</selected>
                    <textureradioon>buttons/radio/options-radio-button-fo.png</textureradioon>
                    <textureradiooff>buttons/radio/options-radio-button-nf.png</textureradiooff>
                    <radioposx>-19</radioposx>
                    <visible>$EXP[IsPluginAdvancedLauncher]</visible>
                </control>
                <control type="radiobutton" id="212">
                    <description>Thumbnail Square</description>
                    <include>optionsbuttonsdimensions</include>
                    <label>$LOCALIZE[31970]</label>
                    <texturefocus border="2">dialogs/options/buttons/default-fo.png</texturefocus>
                    <onclick>Container.SetViewMode(502)</onclick>
                    <selected>Control.IsVisible(502)</selected>
                    <textureradioon>buttons/radio/options-radio-button-fo.png</textureradioon>
                    <textureradiooff>buttons/radio/options-radio-button-nf.png</textureradiooff>
                    <radioposx>-19</radioposx>
                    <visible>$EXP[IsPluginAdvancedLauncher]</visible>
                </control>
                <control type="radiobutton" id="213">
                    <description>Banner</description>
                    <include>optionsbuttonsdimensions</include>
                    <label>$LOCALIZE[31971]</label>
                    <texturefocus border="2">dialogs/options/buttons/default-fo.png</texturefocus>
                    <onclick>Container.SetViewMode(60)</onclick>
                    <selected>Control.IsVisible(60)</selected>
                    <textureradioon>buttons/radio/options-radio-button-fo.png</textureradioon>
                    <textureradiooff>buttons/radio/options-radio-button-nf.png</textureradiooff>
                    <radioposx>-19</radioposx>
                    <visible>$EXP[IsPluginAdvancedLauncher]</visible>
                </control>
                <control type="radiobutton" id="214">
                    <description>Banner Square</description>
                    <include>optionsbuttonsdimensions</include>
                    <label>$LOCALIZE[31972]</label>
                    <texturefocus border="2">dialogs/options/buttons/default-fo.png</texturefocus>
                    <onclick>Container.SetViewMode(61)</onclick>
                    <selected>Control.IsVisible(61)</selected>
                    <textureradioon>buttons/radio/options-radio-button-fo.png</textureradioon>
                    <textureradiooff>buttons/radio/options-radio-button-nf.png</textureradiooff>
                    <radioposx>-19</radioposx>
                    <visible>$EXP[IsPluginAdvancedLauncher]</visible>
                </control>
            </control>

            <control type="group">
                <include>GeneralOptionsAnimations</include>
                <control type="image">
                    <posx>9</posx>
                    <posy>433</posy>
                    <width>100</width>
                    <height>100</height>
                    <texture>buttons/options_nofo.png</texture>
                </control>
                <control type="label">
                    <posx>94</posx>
                    <posy>433</posy>
                    <width>300</width>
                    <height>100</height>
                    <label>$LOCALIZE[31600]</label>
                    <font>Font-Condensed-S34-B</font>
                    <textcolor>eewhite</textcolor>
                    <shadowcolor>22000000</shadowcolor>
                </control>
            </control>

            <control type="group">
                <include>SpecificOptionsAnimations</include>
                <control type="image">
                    <posx>9</posx>
                    <posy>433</posy>
                    <width>100</width>
                    <height>100</height>
                    <texture>buttons/options_nofo.png</texture>
                </control>
                <control type="label">
                    <posx>94</posx>
                    <posy>433</posy>
                    <width>300</width>
                    <height>100</height>
                    <label>$LOCALIZE[31924]</label>
                    <font>Font-Condensed-S34-B</font>
                    <textcolor>eewhite</textcolor>
                    <shadowcolor>22000000</shadowcolor>
                </control>
            </control>

            <control type="group">
                <include>ViewOptionsAnimations</include>
                <control type="image">
                    <posx>9</posx>
                    <posy>433</posy>
                    <width>100</width>
                    <height>100</height>
                    <texture>buttons/options_nofo.png</texture>
                </control>
                <control type="label">
                    <posx>94</posx>
                    <posy>433</posy>
                    <width>300</width>
                    <height>100</height>
                    <label>$LOCALIZE[31930]</label>
                    <font>Font-Condensed-S34-B</font>
                    <textcolor>eewhite</textcolor>
                    <shadowcolor>22000000</shadowcolor>
                </control>
            </control>
        </control>

        <!-- Scrollbar visibility controls -->
        <control type="image" id="9773">
            <animation effect="fade" start="100" end="0" time="0" delay="1500">WindowOpen</animation>
        </control>
        <control type="image" id="9772">
            <animation effect="fade" start="0" end="100" time="0">Visible</animation>
            <animation effect="fade" start="100" end="0" time="0">Hidden</animation>
            <visible>Control.HasFocus(70) | !Control.IsVisible(9773)</visible>
        </control>
        <control type="image" id="9772">
            <animation effect="fade" start="0" end="100" time="0">Visible</animation>
            <animation effect="fade" start="100" end="0" time="0" delay="1500">Hidden</animation>
            <visible>!Control.HasFocus(70) + [Container.Scrolling | Container.OnScrollNext | Container.OnScrollPrevious]</visible>
        </control>
    </controls>
</window>