<?xml version="1.0" encoding="utf-8"?>
<window type="buttonMenu">
	<defaultcontrol>9001</defaultcontrol>
	<animation effect="fade" time="250">WindowOpen</animation>
	<animation effect="fade" time="250">WindowClose</animation>
	<zorder>2</zorder>
	<controls>
		<include>FadeBackgroundButtonMenu</include>
		<control type="button" id="9001">
			<description>Make sure we hit the first button in the group list and not the close window button</description>
			<posx>-16</posx>
			<posy>-16</posy>
			<width>4</width>
			<height>4</height>
			<label>-</label>
			<font>-</font>
			<onfocus>down</onfocus>
			<texturefocus>-</texturefocus>
			<texturenofocus>-</texturenofocus>
			<onleft>9000</onleft>
			<onright>9000</onright>
			<onup>9000</onup>
			<ondown>2</ondown>
		</control>			
	<control type="group">
		<include>OpenButtonMenuAnimation</include>
		<control type="image">
				<description>shadow image</description>
				<posx>272</posx>
				<posy>1022</posy>
				<height>60</height>
				<width>442</width>
				<texture>dialogs/shutdown/shadow.png</texture>
				<aspectratio>stretch</aspectratio>
			</control>	
			<control type="image">
				<description>background image</description>
				<posx>267</posx>
				<posy>517</posy>
				<height>540</height>
				<width>442</width>
				<texture>dialogs/shutdown/shutdown.png</texture>
				<aspectratio>stretch</aspectratio>
			</control>
		
		<!-- Overlay the buttons on top of the background image with a 20 boarder -->
		<control type="grouplist" id="9000">
			<posx>286</posx>
			<posy>495</posy>
			<width>404</width>
			<height>480</height>
			<onleft>9000</onleft>
			<onright>9000</onright>
			<onup>9000</onup>
			<ondown>9000</ondown>
			<itemgap>0</itemgap>
			<align>center</align>
			<control type="button" id="2">
				<description>Resume button</description>
				<width>404</width>
				<height>57</height>
				<textcolor>FF484848</textcolor>
				<focusedcolor>DDFFFFFF</focusedcolor>
				<align>left</align>
				<textoffsetx>25</textoffsetx>
				<textwidth>290</textwidth>
								<pulseonselect>false</pulseonselect>
				<texturenofocus>noop</texturenofocus>
				<texturefocus>dialogs/options/buttons/default-fo.png</texturefocus>
				<font>Font-Condensed-S34</font>
										<animation effect="fade" time="300">Visible</animation>
						<animation effect="fade" time="300">Hidden</animation>
				<label>$ADDON[script.videoextras 32104] </label>
			</control>
			<control type="button" id="40">
				<description>Start from beginning button</description>
				<width>404</width>
				<height>57</height>
				<textcolor>FF484848</textcolor>
				<focusedcolor>DDFFFFFF</focusedcolor>
				<align>left</align>
				<textoffsetx>25</textoffsetx>
				<textwidth>290</textwidth>
								<pulseonselect>false</pulseonselect>
				<texturenofocus>noop</texturenofocus>
				<texturefocus>dialogs/options/buttons/default-fo.png</texturefocus>
				<font>Font-Condensed-S34</font>
										<animation effect="fade" time="300">Visible</animation>
						<animation effect="fade" time="300">Hidden</animation>
				<label>$ADDON[script.videoextras 32105]</label>
			</control>
			<control type="button" id="41">
				<description>Mark as watched</description>
				<width>404</width>
				<height>57</height>
				<textcolor>FF484848</textcolor>
				<focusedcolor>DDFFFFFF</focusedcolor>
				<align>left</align>
				<textoffsetx>25</textoffsetx>
				<textwidth>290</textwidth>
								<pulseonselect>false</pulseonselect>
				<texturenofocus>noop</texturenofocus>
				<texturefocus>dialogs/options/buttons/default-fo.png</texturefocus>
				<font>Font-Condensed-S34</font>
										<animation effect="fade" time="300">Visible</animation>
						<animation effect="fade" time="300">Hidden</animation>
				<label>$ADDON[script.videoextras 32106]</label>
			</control>
			<control type="button" id="42">
				<description>Mark as unwatched</description>
				<width>404</width>
				<height>57</height>
				<textcolor>FF484848</textcolor>
				<focusedcolor>DDFFFFFF</focusedcolor>
				<align>left</align>
				<textoffsetx>25</textoffsetx>
				<textwidth>290</textwidth>
								<pulseonselect>false</pulseonselect>
				<texturenofocus>noop</texturenofocus>
				<texturefocus>dialogs/options/buttons/default-fo.png</texturefocus>
				<font>Font-Condensed-S34</font>
										<animation effect="fade" time="300">Visible</animation>
						<animation effect="fade" time="300">Hidden</animation>
				<label>$ADDON[script.videoextras 32107]</label>
			</control>
			<control type="button" id="43">
				<description>Edit title</description>
				<width>404</width>
				<height>57</height>
				<textcolor>FF484848</textcolor>
				<focusedcolor>DDFFFFFF</focusedcolor>
				<align>left</align>
				<textoffsetx>25</textoffsetx>
				<textwidth>290</textwidth>
								<pulseonselect>false</pulseonselect>
				<texturenofocus>noop</texturenofocus>
				<texturefocus>dialogs/options/buttons/default-fo.png</texturefocus>
				<font>Font-Condensed-S34</font>
										<animation effect="fade" time="300">Visible</animation>
						<animation effect="fade" time="300">Hidden</animation>
				<label>$ADDON[script.videoextras 32108]</label>
			</control>
			<control type="button" id="44">
				<description>Edit plot</description>
				<width>404</width>
				<height>57</height>
				<textcolor>FF484848</textcolor>
				<focusedcolor>DDFFFFFF</focusedcolor>
				<align>left</align>
				<textoffsetx>25</textoffsetx>
				<textwidth>290</textwidth>
								<pulseonselect>false</pulseonselect>
				<texturenofocus>noop</texturenofocus>
				<texturefocus>dialogs/options/buttons/default-fo.png</texturefocus>
				<font>Font-Condensed-S34</font>
										<animation effect="fade" time="300">Visible</animation>
						<animation effect="fade" time="300">Hidden</animation>
				<label>$ADDON[script.videoextras 32114]</label>
			</control>
		</control>
	</control>
	</controls>
</window>
