<?xml version="1.0" encoding="UTF-8"?>
<window>
    <defaultcontrol always="true">1</defaultcontrol>
	<onload condition="Integer.IsGreater(Container(11).NumItems,0)">SetFocus(11)</onload>
    <controls>
        <control type="group">
            <animation type="WindowOpen">
                <effect type="fade" start="0" end="100" time="200" tween="sine" easing="inout" />
                <effect type="slide" start="0,85" end="0,0" time="300" tween="cubic" easing="out" />
            </animation>
            <animation type="WindowClose">
                <effect type="fade" start="100" end="0" time="200" tween="sine" easing="in" />
                <effect type="slide" start="0,0" end="0,85" time="300" tween="sine" easing="in" />
            </animation>
            <animation type="Visible">
                <effect type="fade" start="0" end="100" time="200" tween="sine" easing="inout" />
                <effect type="slide" start="0,85" end="0,0" time="300" tween="cubic" easing="out" />
            </animation>
            <animation type="Hidden">
                <effect type="fade" start="100" end="0" time="200" tween="sine" easing="in" />
                <effect type="slide" start="0,0" end="0,85" time="300" tween="sine" easing="in" />
            </animation>
            <animation effect="slide" start="0,0" end="0,-50" time="250" tween="sine" easing="inout" condition="Window.IsActive(videoosd)">Conditional</animation>
            <animation effect="slide" start="0,0" end="0,-70" time="250" tween="sine" easing="inout" condition="Window.IsActive(videoosd) + [Player.Seeking | Player.DisplayAfterSeek | Player.Paused | Player.Forwarding | Player.Rewinding | Player.Paused]">Conditional</animation>
            <include>FullscreenDimensions</include>
            <control type="image">
                <posx>0</posx>
                <posy>350</posy>
                <width>1920</width>
                <height>740</height>
                <texture border="1,401,1,45">osd/bookmarks/back.png</texture>
            </control>
            <control type="label">
                <posx>75</posx>
                <posy>685</posy>
                <width>1360</width>
                <height>56</height>
                <label>[UPPERCASE]$LOCALIZE[298][/UPPERCASE]</label>
                <textcolor>99FFFFFF</textcolor>
                <font>Font-Condensed-S50</font>
                <align>left</align>
                <aligny>center</aligny>
                <scroll>false</scroll>
                <visible>!Pvr.IsPlayingRadio + !Player.Paused</visible>
            </control>
            <control type="list" id="11">
                <posx>0</posx>
                <posy>749</posy>
                <width>1920</width>
                <height>290</height>
                <onleft>11</onleft>
                <onright>11</onright>
                <onup>1</onup>
                <ondown>12</ondown>
                <pagecontrol>12</pagecontrol>
                <scrolltime>0</scrolltime>
                <orientation>horizontal</orientation>
                <itemlayout width="490" height="290">
                    <control type="image">
                        <posx>0</posx>
                        <posy>0</posy>
                        <width>490</width>
                        <height>290</height>
                        <texture fallback="dialogs/favourites/nothumb.png">$INFO[ListItem.Icon]</texture>
                        <aspectratio>stretch</aspectratio>
                    </control>
                    <control type="image">
                        <posx>0</posx>
                        <posy>240</posy>
                        <width>490</width>
                        <height>50</height>
                        <texture>windows/common/black.png</texture>
                        <aspectratio>stretch</aspectratio>
                        <colordiffuse>88FFFFFF</colordiffuse>
                    </control>
                    <control type="label">
                        <left>0</left>
                        <bottom>8</bottom>
                        <width>474</width>
                        <height>40</height>
                        <font>Font-Condensed-S30</font>
                        <label>$INFO[ListItem.Label]$INFO[ListItem.Label2, (,)]</label>
                        <textcolor>aawhite</textcolor>
                        <scroll>false</scroll>
                        <align>right</align>
                        <aligny>center</aligny>
                    </control>
                </itemlayout>
                <focusedlayout width="490" height="290">
                    <control type="image">
                        <posx>0</posx>
                        <posy>0</posy>
                        <width>490</width>
                        <height>290</height>
                        <texture fallback="dialogs/favourites/nothumb.png">$INFO[ListItem.Icon]</texture>
                        <aspectratio>stretch</aspectratio>
                    </control>
                    <control type="image">
                        <posx>0</posx>
                        <posy>240</posy>
                        <width>490</width>
                        <height>50</height>
                        <texture>windows/common/black.png</texture>
                        <aspectratio>stretch</aspectratio>
                        <colordiffuse>88FFFFFF</colordiffuse>
                    </control>
                    <control type="label">
                        <left>0</left>
                        <bottom>8</bottom>
                        <width>474</width>
                        <height>40</height>
                        <font>Font-Condensed-S30</font>
                        <label>$INFO[ListItem.Label]$INFO[ListItem.Label2, (,)]</label>
                        <textcolor>aawhite</textcolor>
                        <scroll>false</scroll>
                        <align>right</align>
                        <aligny>center</aligny>
                    </control>
                    <control type="group">
                        <visible>Control.HasFocus(11) | Window.IsVisible(contextmenu)</visible>
                        <control type="image">
                            <posx>-13</posx>
                            <posy>-14</posy>
                            <width>516</width>
                            <height>318</height>
                            <texture border="21,0,21,0">windows/home/tile-fo.png</texture>
                            <aspectratio>stretch</aspectratio>
                        </control>
                    </control>
                    <control type="button" id="2003">
                        <description>Delete</description>
                        <top>0</top>
                        <left>0</left>
                        <width>335</width>
                        <height>65</height>
                        <texturefocus>buttons/cancel-fo.png</texturefocus>
                        <texturenofocus>buttons/cancel-fo.png</texturenofocus>
                        <label>-</label>
                        <visible>Window.IsVisible(contextmenu)</visible>
                        <aspectratio>keep</aspectratio>
                        <enable>false</enable>
                    </control>
                </focusedlayout>
            </control>
            <control type="image" id="14">
                <animation effect="fade" start="100" end="0" time="0" delay="1500">WindowOpen</animation>
            </control>
            <control type="image" id="13">
                <animation effect="fade" start="0" end="100" time="0">Visible</animation>
                <animation effect="fade" start="100" end="0" time="0">Hidden</animation>
                <visible>Control.HasFocus(12) | !Control.IsVisible(14)</visible>
            </control>
            <control type="image" id="13">
                <animation effect="fade" start="0" end="100" time="0">Visible</animation>
                <animation effect="fade" start="100" end="0" time="0" delay="1500">Hidden</animation>
                <visible>!Control.HasFocus(12) + [Container(11).Scrolling | Container(11).OnScrollNext | Container(11).OnScrollPrevious]</visible>
            </control>
            <control type="scrollbar" id="12">
                <description>Scrollbar</description>
                <posx>0</posx>
                <posy>1040</posy>
                <width>1920</width>
                <height>4</height>
                <onup>11</onup>
                <ondown>1</ondown>
                <texturesliderbar border="6,0,6,0">views/other/scrollbar.png</texturesliderbar>
                <texturesliderbarfocus border="6,0,6,0">views/other/scrollbar.png</texturesliderbarfocus>
                <orientation>horizontal</orientation>
                <showonepage>false</showonepage>
                <animation effect="fade" start="60" end="0" time="300" tween="sine" easing="inout" condition="!Control.IsVisible(13)">Conditional</animation>
            </control>
            <control type="grouplist" id="1">
                <posx>1550</posx>
                <posy>660</posy>
                <width>300</width>
                <height>100</height>
                <align>right</align>
                <orientation>horizontal</orientation>
                <itemgap>-40</itemgap>
                <onup>11</onup>
                <ondown>11</ondown>
                <onleft>1</onleft>
                <onright>1</onright>
                <control type="button" id="2">
                    <description>Add</description>
                    <height>100</height>
                    <width>100</width>
                    <texturefocus border="100,0,0,0">osd/bookmarks/add-fo.png</texturefocus>
                    <texturenofocus border="100,0,0,0">osd/bookmarks/add-nf.png</texturenofocus>
                </control>
                <!--
                <control type="button" id="3">
                    <description>Delete</description>
                    <height>100</height>
                    <width>100</width>
                    <texturefocus>osd/bookmarks/delete-fo.png</texturefocus>
                    <texturenofocus>osd/bookmarks/delete-nf.png</texturenofocus>
                </control>
                -->
                <control type="button" id="53">
                  <description>Close</description>
                    <posx>0</posx>
                    <posy>0</posy>
                    <width>100</width>
                    <height>100</height>
                    <texturenofocus border="100,0,0,0">buttons/cancel-nf.png</texturenofocus>
                    <texturefocus border="100,0,0,0">buttons/cancel-fo.png</texturefocus>
                    <onclick>PreviousMenu</onclick>
                </control>
            </control>
        </control>
    </controls>
</window>